pair_index,source,quantized_model,base_model,method,task,contains_disclosed_probe_cell,excluded_or_skipped,reason,n,correctness_column,baseline_accuracy,method_accuracy,net_accuracy_delta,harmful_flip_rate,beneficial_flip_rate,accuracy_state_churn,total_answer_churn,mcnemar_p,tost_equivalent,mdd_80_power,required_n_for_observed_delta_80_power,prompt_pass_rate
0,S1,TheBloke/wizard-mega-13B-GPTQ,openaccess-ai-collective/wizard-mega-13b,GPTQ,harness_drop_3,False,True,no acc_norm or acc column in S1 rows,,,,,,,,,,,,,,
0,S1,TheBloke/wizard-mega-13B-GPTQ,openaccess-ai-collective/wizard-mega-13b,GPTQ,harness_gsm8k_5,False,True,no acc_norm or acc column in S1 rows,,,,,,,,,,,,,,
0,S1,TheBloke/wizard-mega-13B-GPTQ,openaccess-ai-collective/wizard-mega-13b,GPTQ,harness_winogrande_5,False,True,no acc_norm or acc column in S1 rows,,,,,,,,,,,,,,
1,S1,TheBloke/orca_mini_v3_7B-GPTQ,psmathur/orca_mini_v3_7b,GPTQ,harness_arc_challenge_25,False,True,no acc_norm or acc column in S1 rows,,,,,,,,,,,,,,
1,S1,TheBloke/orca_mini_v3_7B-GPTQ,psmathur/orca_mini_v3_7b,GPTQ,harness_gsm8k_5,False,True,no acc_norm or acc column in S1 rows,,,,,,,,,,,,,,
1,S1,TheBloke/orca_mini_v3_7B-GPTQ,psmathur/orca_mini_v3_7b,GPTQ,harness_hellaswag_10,False,True,no acc_norm or acc column in S1 rows,,,,,,,,,,,,,,
1,S1,TheBloke/orca_mini_v3_7B-GPTQ,psmathur/orca_mini_v3_7b,GPTQ,harness_hendrycksTest_5,False,True,"no parquet found for task harness_hendrycksTest_5 in runs ['2023_08_16T13_35_32.670682', '2023_10_18T04_27_15.231240']",,,,,,,,,,,,,,
1,S1,TheBloke/orca_mini_v3_7B-GPTQ,psmathur/orca_mini_v3_7b,GPTQ,harness_hendrycksTest_abstract_algebra_5,False,True,no acc_norm or acc column in S1 rows,,,,,,,,,,,,,,
1,S1,TheBloke/orca_mini_v3_7B-GPTQ,psmathur/orca_mini_v3_7b,GPTQ,harness_hendrycksTest_anatomy_5,False,True,no acc_norm or acc column in S1 rows,,,,,,,,,,,,,,
1,S1,TheBloke/orca_mini_v3_7B-GPTQ,psmathur/orca_mini_v3_7b,GPTQ,harness_hendrycksTest_astronomy_5,False,True,no acc_norm or acc column in S1 rows,,,,,,,,,,,,,,
1,S1,TheBloke/orca_mini_v3_7B-GPTQ,psmathur/orca_mini_v3_7b,GPTQ,harness_hendrycksTest_business_ethics_5,False,True,no acc_norm or acc column in S1 rows,,,,,,,,,,,,,,
1,S1,TheBloke/orca_mini_v3_7B-GPTQ,psmathur/orca_mini_v3_7b,GPTQ,harness_hendrycksTest_clinical_knowledge_5,False,True,no acc_norm or acc column in S1 rows,,,,,,,,,,,,,,
1,S1,TheBloke/orca_mini_v3_7B-GPTQ,psmathur/orca_mini_v3_7b,GPTQ,harness_hendrycksTest_college_biology_5,False,True,no acc_norm or acc column in S1 rows,,,,,,,,,,,,,,
1,S1,TheBloke/orca_mini_v3_7B-GPTQ,psmathur/orca_mini_v3_7b,GPTQ,harness_hendrycksTest_college_chemistry_5,False,True,no acc_norm or acc column in S1 rows,,,,,,,,,,,,,,
1,S1,TheBloke/orca_mini_v3_7B-GPTQ,psmathur/orca_mini_v3_7b,GPTQ,harness_hendrycksTest_college_computer_science_5,False,True,no acc_norm or acc column in S1 rows,,,,,,,,,,,,,,
1,S1,TheBloke/orca_mini_v3_7B-GPTQ,psmathur/orca_mini_v3_7b,GPTQ,harness_hendrycksTest_college_mathematics_5,False,True,no acc_norm or acc column in S1 rows,,,,,,,,,,,,,,
1,S1,TheBloke/orca_mini_v3_7B-GPTQ,psmathur/orca_mini_v3_7b,GPTQ,harness_hendrycksTest_college_medicine_5,False,True,no acc_norm or acc column in S1 rows,,,,,,,,,,,,,,
1,S1,TheBloke/orca_mini_v3_7B-GPTQ,psmathur/orca_mini_v3_7b,GPTQ,harness_hendrycksTest_college_physics_5,False,True,no acc_norm or acc column in S1 rows,,,,,,,,,,,,,,
1,S1,TheBloke/orca_mini_v3_7B-GPTQ,psmathur/orca_mini_v3_7b,GPTQ,harness_hendrycksTest_computer_security_5,False,True,no acc_norm or acc column in S1 rows,,,,,,,,,,,,,,
1,S1,TheBloke/orca_mini_v3_7B-GPTQ,psmathur/orca_mini_v3_7b,GPTQ,harness_hendrycksTest_conceptual_physics_5,False,True,no acc_norm or acc column in S1 rows,,,,,,,,,,,,,,
1,S1,TheBloke/orca_mini_v3_7B-GPTQ,psmathur/orca_mini_v3_7b,GPTQ,harness_hendrycksTest_econometrics_5,False,True,no acc_norm or acc column in S1 rows,,,,,,,,,,,,,,
1,S1,TheBloke/orca_mini_v3_7B-GPTQ,psmathur/orca_mini_v3_7b,GPTQ,harness_hendrycksTest_electrical_engineering_5,False,True,no acc_norm or acc column in S1 rows,,,,,,,,,,,,,,
1,S1,TheBloke/orca_mini_v3_7B-GPTQ,psmathur/orca_mini_v3_7b,GPTQ,harness_hendrycksTest_elementary_mathematics_5,False,True,no acc_norm or acc column in S1 rows,,,,,,,,,,,,,,
1,S1,TheBloke/orca_mini_v3_7B-GPTQ,psmathur/orca_mini_v3_7b,GPTQ,harness_hendrycksTest_formal_logic_5,False,True,no acc_norm or acc column in S1 rows,,,,,,,,,,,,,,
1,S1,TheBloke/orca_mini_v3_7B-GPTQ,psmathur/orca_mini_v3_7b,GPTQ,harness_hendrycksTest_global_facts_5,False,True,no acc_norm or acc column in S1 rows,,,,,,,,,,,,,,
1,S1,TheBloke/orca_mini_v3_7B-GPTQ,psmathur/orca_mini_v3_7b,GPTQ,harness_hendrycksTest_high_school_biology_5,False,True,no acc_norm or acc column in S1 rows,,,,,,,,,,,,,,
1,S1,TheBloke/orca_mini_v3_7B-GPTQ,psmathur/orca_mini_v3_7b,GPTQ,harness_hendrycksTest_high_school_chemistry_5,False,True,no acc_norm or acc column in S1 rows,,,,,,,,,,,,,,
1,S1,TheBloke/orca_mini_v3_7B-GPTQ,psmathur/orca_mini_v3_7b,GPTQ,harness_hendrycksTest_high_school_computer_science_5,False,True,no acc_norm or acc column in S1 rows,,,,,,,,,,,,,,
1,S1,TheBloke/orca_mini_v3_7B-GPTQ,psmathur/orca_mini_v3_7b,GPTQ,harness_hendrycksTest_high_school_european_history_5,False,True,no acc_norm or acc column in S1 rows,,,,,,,,,,,,,,
1,S1,TheBloke/orca_mini_v3_7B-GPTQ,psmathur/orca_mini_v3_7b,GPTQ,harness_hendrycksTest_high_school_geography_5,False,True,no acc_norm or acc column in S1 rows,,,,,,,,,,,,,,
1,S1,TheBloke/orca_mini_v3_7B-GPTQ,psmathur/orca_mini_v3_7b,GPTQ,harness_hendrycksTest_high_school_government_and_politics_5,False,True,no acc_norm or acc column in S1 rows,,,,,,,,,,,,,,
1,S1,TheBloke/orca_mini_v3_7B-GPTQ,psmathur/orca_mini_v3_7b,GPTQ,harness_hendrycksTest_high_school_macroeconomics_5,False,True,no acc_norm or acc column in S1 rows,,,,,,,,,,,,,,
1,S1,TheBloke/orca_mini_v3_7B-GPTQ,psmathur/orca_mini_v3_7b,GPTQ,harness_hendrycksTest_high_school_mathematics_5,False,True,no acc_norm or acc column in S1 rows,,,,,,,,,,,,,,
1,S1,TheBloke/orca_mini_v3_7B-GPTQ,psmathur/orca_mini_v3_7b,GPTQ,harness_hendrycksTest_high_school_microeconomics_5,False,True,no acc_norm or acc column in S1 rows,,,,,,,,,,,,,,
1,S1,TheBloke/orca_mini_v3_7B-GPTQ,psmathur/orca_mini_v3_7b,GPTQ,harness_hendrycksTest_high_school_physics_5,False,True,no acc_norm or acc column in S1 rows,,,,,,,,,,,,,,
1,S1,TheBloke/orca_mini_v3_7B-GPTQ,psmathur/orca_mini_v3_7b,GPTQ,harness_hendrycksTest_high_school_psychology_5,False,True,no acc_norm or acc column in S1 rows,,,,,,,,,,,,,,
1,S1,TheBloke/orca_mini_v3_7B-GPTQ,psmathur/orca_mini_v3_7b,GPTQ,harness_hendrycksTest_high_school_statistics_5,False,True,no acc_norm or acc column in S1 rows,,,,,,,,,,,,,,
1,S1,TheBloke/orca_mini_v3_7B-GPTQ,psmathur/orca_mini_v3_7b,GPTQ,harness_hendrycksTest_high_school_us_history_5,False,True,no acc_norm or acc column in S1 rows,,,,,,,,,,,,,,
1,S1,TheBloke/orca_mini_v3_7B-GPTQ,psmathur/orca_mini_v3_7b,GPTQ,harness_hendrycksTest_high_school_world_history_5,False,True,no acc_norm or acc column in S1 rows,,,,,,,,,,,,,,
1,S1,TheBloke/orca_mini_v3_7B-GPTQ,psmathur/orca_mini_v3_7b,GPTQ,harness_hendrycksTest_human_aging_5,False,True,no acc_norm or acc column in S1 rows,,,,,,,,,,,,,,
1,S1,TheBloke/orca_mini_v3_7B-GPTQ,psmathur/orca_mini_v3_7b,GPTQ,harness_hendrycksTest_human_sexuality_5,False,True,no acc_norm or acc column in S1 rows,,,,,,,,,,,,,,
1,S1,TheBloke/orca_mini_v3_7B-GPTQ,psmathur/orca_mini_v3_7b,GPTQ,harness_hendrycksTest_international_law_5,False,True,no acc_norm or acc column in S1 rows,,,,,,,,,,,,,,
1,S1,TheBloke/orca_mini_v3_7B-GPTQ,psmathur/orca_mini_v3_7b,GPTQ,harness_hendrycksTest_jurisprudence_5,False,True,no acc_norm or acc column in S1 rows,,,,,,,,,,,,,,
1,S1,TheBloke/orca_mini_v3_7B-GPTQ,psmathur/orca_mini_v3_7b,GPTQ,harness_hendrycksTest_logical_fallacies_5,False,True,no acc_norm or acc column in S1 rows,,,,,,,,,,,,,,
1,S1,TheBloke/orca_mini_v3_7B-GPTQ,psmathur/orca_mini_v3_7b,GPTQ,harness_hendrycksTest_machine_learning_5,False,True,no acc_norm or acc column in S1 rows,,,,,,,,,,,,,,
1,S1,TheBloke/orca_mini_v3_7B-GPTQ,psmathur/orca_mini_v3_7b,GPTQ,harness_hendrycksTest_management_5,False,True,no acc_norm or acc column in S1 rows,,,,,,,,,,,,,,
1,S1,TheBloke/orca_mini_v3_7B-GPTQ,psmathur/orca_mini_v3_7b,GPTQ,harness_hendrycksTest_marketing_5,False,True,no acc_norm or acc column in S1 rows,,,,,,,,,,,,,,
1,S1,TheBloke/orca_mini_v3_7B-GPTQ,psmathur/orca_mini_v3_7b,GPTQ,harness_hendrycksTest_medical_genetics_5,False,True,no acc_norm or acc column in S1 rows,,,,,,,,,,,,,,
1,S1,TheBloke/orca_mini_v3_7B-GPTQ,psmathur/orca_mini_v3_7b,GPTQ,harness_hendrycksTest_miscellaneous_5,False,True,no acc_norm or acc column in S1 rows,,,,,,,,,,,,,,
1,S1,TheBloke/orca_mini_v3_7B-GPTQ,psmathur/orca_mini_v3_7b,GPTQ,harness_hendrycksTest_moral_disputes_5,False,True,no acc_norm or acc column in S1 rows,,,,,,,,,,,,,,
1,S1,TheBloke/orca_mini_v3_7B-GPTQ,psmathur/orca_mini_v3_7b,GPTQ,harness_hendrycksTest_moral_scenarios_5,False,True,no acc_norm or acc column in S1 rows,,,,,,,,,,,,,,
1,S1,TheBloke/orca_mini_v3_7B-GPTQ,psmathur/orca_mini_v3_7b,GPTQ,harness_hendrycksTest_nutrition_5,False,True,no acc_norm or acc column in S1 rows,,,,,,,,,,,,,,
1,S1,TheBloke/orca_mini_v3_7B-GPTQ,psmathur/orca_mini_v3_7b,GPTQ,harness_hendrycksTest_philosophy_5,False,True,no acc_norm or acc column in S1 rows,,,,,,,,,,,,,,
1,S1,TheBloke/orca_mini_v3_7B-GPTQ,psmathur/orca_mini_v3_7b,GPTQ,harness_hendrycksTest_prehistory_5,False,True,no acc_norm or acc column in S1 rows,,,,,,,,,,,,,,
1,S1,TheBloke/orca_mini_v3_7B-GPTQ,psmathur/orca_mini_v3_7b,GPTQ,harness_hendrycksTest_professional_accounting_5,False,True,no acc_norm or acc column in S1 rows,,,,,,,,,,,,,,
1,S1,TheBloke/orca_mini_v3_7B-GPTQ,psmathur/orca_mini_v3_7b,GPTQ,harness_hendrycksTest_professional_law_5,False,True,no acc_norm or acc column in S1 rows,,,,,,,,,,,,,,
1,S1,TheBloke/orca_mini_v3_7B-GPTQ,psmathur/orca_mini_v3_7b,GPTQ,harness_hendrycksTest_professional_medicine_5,False,True,no acc_norm or acc column in S1 rows,,,,,,,,,,,,,,
1,S1,TheBloke/orca_mini_v3_7B-GPTQ,psmathur/orca_mini_v3_7b,GPTQ,harness_hendrycksTest_professional_psychology_5,False,True,no acc_norm or acc column in S1 rows,,,,,,,,,,,,,,
1,S1,TheBloke/orca_mini_v3_7B-GPTQ,psmathur/orca_mini_v3_7b,GPTQ,harness_hendrycksTest_public_relations_5,False,True,no acc_norm or acc column in S1 rows,,,,,,,,,,,,,,
1,S1,TheBloke/orca_mini_v3_7B-GPTQ,psmathur/orca_mini_v3_7b,GPTQ,harness_hendrycksTest_security_studies_5,False,True,no acc_norm or acc column in S1 rows,,,,,,,,,,,,,,
1,S1,TheBloke/orca_mini_v3_7B-GPTQ,psmathur/orca_mini_v3_7b,GPTQ,harness_hendrycksTest_sociology_5,False,True,no acc_norm or acc column in S1 rows,,,,,,,,,,,,,,
1,S1,TheBloke/orca_mini_v3_7B-GPTQ,psmathur/orca_mini_v3_7b,GPTQ,harness_hendrycksTest_us_foreign_policy_5,False,True,no acc_norm or acc column in S1 rows,,,,,,,,,,,,,,
1,S1,TheBloke/orca_mini_v3_7B-GPTQ,psmathur/orca_mini_v3_7b,GPTQ,harness_hendrycksTest_virology_5,False,True,no acc_norm or acc column in S1 rows,,,,,,,,,,,,,,
1,S1,TheBloke/orca_mini_v3_7B-GPTQ,psmathur/orca_mini_v3_7b,GPTQ,harness_hendrycksTest_world_religions_5,False,True,no acc_norm or acc column in S1 rows,,,,,,,,,,,,,,
1,S1,TheBloke/orca_mini_v3_7B-GPTQ,psmathur/orca_mini_v3_7b,GPTQ,harness_truthfulqa_mc_0,False,True,no acc_norm or acc column in S1 rows,,,,,,,,,,,,,,
1,S1,TheBloke/orca_mini_v3_7B-GPTQ,psmathur/orca_mini_v3_7b,GPTQ,harness_winogrande_5,False,True,no acc_norm or acc column in S1 rows,,,,,,,,,,,,,,
2,S1,TheBloke/Llama-2-7B-GPTQ,meta-llama/Llama-2-7b-hf,GPTQ,harness_arc_challenge_25,True,False,,10,acc_norm,0.5,0.5,0.0,0.0,0.0,0.0,0.0,1.0,True,0.0,,1.0
2,S1,TheBloke/Llama-2-7B-GPTQ,meta-llama/Llama-2-7b-hf,GPTQ,harness_drop_3,True,True,no acc_norm or acc column in S1 rows,,,,,,,,,,,,,,
2,S1,TheBloke/Llama-2-7B-GPTQ,meta-llama/Llama-2-7b-hf,GPTQ,harness_gsm8k_5,True,True,no joinable items,,,,,,,,,,,,,,0.0
2,S1,TheBloke/Llama-2-7B-GPTQ,meta-llama/Llama-2-7b-hf,GPTQ,harness_hellaswag_10,True,False,,10,acc_norm,0.8,0.8,0.0,0.0,0.0,0.0,0.0,1.0,True,0.0,,1.0
2,S1,TheBloke/Llama-2-7B-GPTQ,meta-llama/Llama-2-7b-hf,GPTQ,harness_hendrycksTest_5,True,True,"no parquet found for task harness_hendrycksTest_5 in runs ['2023_08_19T16_35_46.942696', '2023_08_21T17_55_50.567332', '2023_08_21T20_09_03.352670', '2023_08_21T20_15_29.093529', '2023_08_21T20_20_08.261679', '2023_08_24T09_19_51.585793', '2023_08_28T19_52_01.926454', '2023_08_29T17_54_59.197645', '2023_09_08T17_00_44.389859', '2023_09_09T12_32_30.613622', '2023_09_14T20_50_38.766533', '2023_09_15T08_35_01.075146', '2023_09_15T09_53_02.418861', '2023_09_20T14_39_46.791628', '2023_12_02T13_00_06.695936', '2023_12_02T13_00_54.924067']",,,,,,,,,,,,,,
2,S1,TheBloke/Llama-2-7B-GPTQ,meta-llama/Llama-2-7b-hf,GPTQ,harness_hendrycksTest_abstract_algebra_5,True,False,,10,acc_norm,0.1,0.2,0.1,0.0,0.1,0.1,0.1,1.0,False,0.2801585218112968,79,1.0
2,S1,TheBloke/Llama-2-7B-GPTQ,meta-llama/Llama-2-7b-hf,GPTQ,harness_hendrycksTest_anatomy_5,True,False,,10,acc_norm,0.4,0.4,0.0,0.0,0.0,0.0,0.1,1.0,True,0.0,,1.0
2,S1,TheBloke/Llama-2-7B-GPTQ,meta-llama/Llama-2-7b-hf,GPTQ,harness_hendrycksTest_astronomy_5,True,False,,10,acc_norm,0.5,0.3,-0.2,0.3,0.1,0.4,0.4,0.625,False,0.5603170436225936,79,1.0
2,S1,TheBloke/Llama-2-7B-GPTQ,meta-llama/Llama-2-7b-hf,GPTQ,harness_hendrycksTest_business_ethics_5,True,False,,10,acc_norm,0.5,0.6,0.09999999999999998,0.1,0.2,0.3,0.3,1.0,False,0.5028999373590067,253,1.0
2,S1,TheBloke/Llama-2-7B-GPTQ,meta-llama/Llama-2-7b-hf,GPTQ,harness_hendrycksTest_clinical_knowledge_5,True,False,,10,acc_norm,0.5,0.6,0.09999999999999998,0.0,0.1,0.1,0.1,1.0,False,0.2801585218112968,79,1.0
2,S1,TheBloke/Llama-2-7B-GPTQ,meta-llama/Llama-2-7b-hf,GPTQ,harness_hendrycksTest_college_biology_5,True,False,,10,acc_norm,0.2,0.1,-0.1,0.1,0.0,0.1,0.2,1.0,False,0.2801585218112968,79,1.0
2,S1,TheBloke/Llama-2-7B-GPTQ,meta-llama/Llama-2-7b-hf,GPTQ,harness_hendrycksTest_college_chemistry_5,True,False,,10,acc_norm,0.1,0.1,0.0,0.0,0.0,0.0,0.1,1.0,True,0.0,,1.0
2,S1,TheBloke/Llama-2-7B-GPTQ,meta-llama/Llama-2-7b-hf,GPTQ,harness_hendrycksTest_college_computer_science_5,True,False,,10,acc_norm,0.5,0.6,0.09999999999999998,0.1,0.2,0.3,0.3,1.0,False,0.5028999373590065,253,1.0
2,S1,TheBloke/Llama-2-7B-GPTQ,meta-llama/Llama-2-7b-hf,GPTQ,harness_hendrycksTest_college_mathematics_5,True,False,,10,acc_norm,0.3,0.2,-0.09999999999999998,0.1,0.0,0.1,0.3,1.0,False,0.2801585218112968,79,1.0
2,S1,TheBloke/Llama-2-7B-GPTQ,meta-llama/Llama-2-7b-hf,GPTQ,harness_hendrycksTest_college_medicine_5,True,False,,10,acc_norm,0.5,0.4,-0.09999999999999998,0.1,0.0,0.1,0.2,1.0,False,0.2801585218112968,79,1.0
2,S1,TheBloke/Llama-2-7B-GPTQ,meta-llama/Llama-2-7b-hf,GPTQ,harness_hendrycksTest_college_physics_5,True,False,,8,acc_norm,0.0,0.0,0.0,0.0,0.0,0.0,0.25,1.0,True,0.0,,1.0
2,S1,TheBloke/Llama-2-7B-GPTQ,meta-llama/Llama-2-7b-hf,GPTQ,harness_hendrycksTest_computer_security_5,True,False,,10,acc_norm,0.7,0.6,-0.09999999999999998,0.1,0.0,0.1,0.1,1.0,False,0.2801585218112968,79,1.0
2,S1,TheBloke/Llama-2-7B-GPTQ,meta-llama/Llama-2-7b-hf,GPTQ,harness_hendrycksTest_conceptual_physics_5,True,False,,10,acc_norm,0.5,0.4,-0.09999999999999998,0.1,0.0,0.1,0.1,1.0,False,0.2801585218112968,79,1.0
2,S1,TheBloke/Llama-2-7B-GPTQ,meta-llama/Llama-2-7b-hf,GPTQ,harness_hendrycksTest_econometrics_5,True,False,,10,acc_norm,0.2,0.2,0.0,0.0,0.0,0.0,0.2,1.0,True,0.0,,1.0
2,S1,TheBloke/Llama-2-7B-GPTQ,meta-llama/Llama-2-7b-hf,GPTQ,harness_hendrycksTest_electrical_engineering_5,True,False,,10,acc_norm,0.5,0.6,0.09999999999999998,0.0,0.1,0.1,0.2,1.0,False,0.2801585218112968,79,1.0
2,S1,TheBloke/Llama-2-7B-GPTQ,meta-llama/Llama-2-7b-hf,GPTQ,harness_hendrycksTest_elementary_mathematics_5,True,False,,10,acc_norm,0.3,0.2,-0.09999999999999998,0.1,0.0,0.1,0.4,1.0,False,0.2801585218112968,79,1.0
2,S1,TheBloke/Llama-2-7B-GPTQ,meta-llama/Llama-2-7b-hf,GPTQ,harness_hendrycksTest_formal_logic_5,True,False,,10,acc_norm,0.4,0.3,-0.10000000000000003,0.2,0.1,0.3,0.6,1.0,False,0.5028999373590065,253,1.0
2,S1,TheBloke/Llama-2-7B-GPTQ,meta-llama/Llama-2-7b-hf,GPTQ,harness_hendrycksTest_global_facts_5,True,False,,10,acc_norm,0.5,0.5,0.0,0.0,0.0,0.0,0.0,1.0,True,0.0,,1.0
2,S1,TheBloke/Llama-2-7B-GPTQ,meta-llama/Llama-2-7b-hf,GPTQ,harness_hendrycksTest_high_school_biology_5,True,False,,10,acc_norm,0.7,0.8,0.10000000000000009,0.0,0.1,0.1,0.2,1.0,False,0.2801585218112968,79,1.0
2,S1,TheBloke/Llama-2-7B-GPTQ,meta-llama/Llama-2-7b-hf,GPTQ,harness_hendrycksTest_high_school_chemistry_5,True,False,,10,acc_norm,0.3,0.2,-0.09999999999999998,0.2,0.1,0.3,0.4,1.0,False,0.5028999373590067,253,1.0
2,S1,TheBloke/Llama-2-7B-GPTQ,meta-llama/Llama-2-7b-hf,GPTQ,harness_hendrycksTest_high_school_computer_science_5,True,False,,10,acc_norm,0.5,0.6,0.09999999999999998,0.1,0.2,0.3,0.3,1.0,False,0.5028999373590065,253,1.0
2,S1,TheBloke/Llama-2-7B-GPTQ,meta-llama/Llama-2-7b-hf,GPTQ,harness_hendrycksTest_high_school_european_history_5,True,False,,10,acc_norm,0.5,0.3,-0.2,0.2,0.0,0.2,0.2,0.5,False,0.3735446957483958,35,1.0
2,S1,TheBloke/Llama-2-7B-GPTQ,meta-llama/Llama-2-7b-hf,GPTQ,harness_hendrycksTest_high_school_geography_5,True,False,,10,acc_norm,0.5,0.5,0.0,0.1,0.1,0.2,0.2,1.0,False,0.41763566616394476,,1.0
2,S1,TheBloke/Llama-2-7B-GPTQ,meta-llama/Llama-2-7b-hf,GPTQ,harness_hendrycksTest_high_school_government_and_politics_5,True,False,,10,acc_norm,0.7,0.7,0.0,0.0,0.0,0.0,0.0,1.0,True,0.0,,1.0
2,S1,TheBloke/Llama-2-7B-GPTQ,meta-llama/Llama-2-7b-hf,GPTQ,harness_hendrycksTest_high_school_macroeconomics_5,True,False,,10,acc_norm,0.6,0.4,-0.19999999999999996,0.2,0.0,0.2,0.3,0.5,False,0.3735446957483958,35,1.0
2,S1,TheBloke/Llama-2-7B-GPTQ,meta-llama/Llama-2-7b-hf,GPTQ,harness_hendrycksTest_high_school_mathematics_5,True,False,,10,acc_norm,0.4,0.3,-0.10000000000000003,0.1,0.0,0.1,0.2,1.0,False,0.2801585218112968,79,1.0
2,S1,TheBloke/Llama-2-7B-GPTQ,meta-llama/Llama-2-7b-hf,GPTQ,harness_hendrycksTest_high_school_microeconomics_5,True,False,,10,acc_norm,0.6,0.3,-0.3,0.3,0.0,0.3,0.3,0.25,False,0.42794921092906807,21,1.0
2,S1,TheBloke/Llama-2-7B-GPTQ,meta-llama/Llama-2-7b-hf,GPTQ,harness_hendrycksTest_high_school_physics_5,True,False,,10,acc_norm,0.5,0.4,-0.09999999999999998,0.1,0.0,0.1,0.2,1.0,False,0.2801585218112968,79,1.0
2,S1,TheBloke/Llama-2-7B-GPTQ,meta-llama/Llama-2-7b-hf,GPTQ,harness_hendrycksTest_high_school_psychology_5,True,False,,9,acc_norm,0.8888888888888888,0.6666666666666666,-0.2222222222222222,0.2222222222222222,0.0,0.2222222222222222,0.2222222222222222,0.5,False,0.4117943202156424,31,1.0
2,S1,TheBloke/Llama-2-7B-GPTQ,meta-llama/Llama-2-7b-hf,GPTQ,harness_hendrycksTest_high_school_statistics_5,True,False,,10,acc_norm,0.2,0.1,-0.1,0.1,0.0,0.1,0.3,1.0,False,0.2801585218112968,79,1.0
2,S1,TheBloke/Llama-2-7B-GPTQ,meta-llama/Llama-2-7b-hf,GPTQ,harness_hendrycksTest_high_school_us_history_5,True,False,,10,acc_norm,0.8,0.6,-0.20000000000000007,0.2,0.0,0.2,0.3,0.5,False,0.3735446957483958,35,1.0
2,S1,TheBloke/Llama-2-7B-GPTQ,meta-llama/Llama-2-7b-hf,GPTQ,harness_hendrycksTest_high_school_world_history_5,True,False,,10,acc_norm,0.6,0.5,-0.09999999999999998,0.1,0.0,0.1,0.3,1.0,False,0.2801585218112968,79,1.0
2,S1,TheBloke/Llama-2-7B-GPTQ,meta-llama/Llama-2-7b-hf,GPTQ,harness_hendrycksTest_human_aging_5,True,False,,10,acc_norm,0.4,0.4,0.0,0.0,0.0,0.0,0.0,1.0,True,0.0,,1.0
2,S1,TheBloke/Llama-2-7B-GPTQ,meta-llama/Llama-2-7b-hf,GPTQ,harness_hendrycksTest_human_sexuality_5,True,False,,10,acc_norm,0.5,0.5,0.0,0.0,0.0,0.0,0.1,1.0,True,0.0,,1.0
2,S1,TheBloke/Llama-2-7B-GPTQ,meta-llama/Llama-2-7b-hf,GPTQ,harness_hendrycksTest_international_law_5,True,False,,10,acc_norm,0.6,0.4,-0.19999999999999996,0.2,0.0,0.2,0.2,0.5,False,0.3735446957483958,35,1.0
2,S1,TheBloke/Llama-2-7B-GPTQ,meta-llama/Llama-2-7b-hf,GPTQ,harness_hendrycksTest_jurisprudence_5,True,False,,10,acc_norm,0.4,0.5,0.09999999999999998,0.0,0.1,0.1,0.1,1.0,False,0.2801585218112968,79,1.0
2,S1,TheBloke/Llama-2-7B-GPTQ,meta-llama/Llama-2-7b-hf,GPTQ,harness_hendrycksTest_logical_fallacies_5,True,False,,10,acc_norm,0.4,0.3,-0.10000000000000003,0.1,0.0,0.1,0.1,1.0,False,0.2801585218112968,79,1.0
2,S1,TheBloke/Llama-2-7B-GPTQ,meta-llama/Llama-2-7b-hf,GPTQ,harness_hendrycksTest_machine_learning_5,True,False,,10,acc_norm,0.1,0.1,0.0,0.0,0.0,0.0,0.2,1.0,True,0.0,,1.0
2,S1,TheBloke/Llama-2-7B-GPTQ,meta-llama/Llama-2-7b-hf,GPTQ,harness_hendrycksTest_management_5,True,False,,10,acc_norm,0.5,0.5,0.0,0.0,0.0,0.0,0.1,1.0,True,0.0,,1.0
2,S1,TheBloke/Llama-2-7B-GPTQ,meta-llama/Llama-2-7b-hf,GPTQ,harness_hendrycksTest_marketing_5,True,False,,10,acc_norm,0.7,0.5,-0.19999999999999996,0.2,0.0,0.2,0.2,0.5,False,0.3735446957483958,35,1.0
2,S1,TheBloke/Llama-2-7B-GPTQ,meta-llama/Llama-2-7b-hf,GPTQ,harness_hendrycksTest_medical_genetics_5,True,False,,10,acc_norm,0.7,0.8,0.10000000000000009,0.0,0.1,0.1,0.1,1.0,False,0.2801585218112968,79,1.0
2,S1,TheBloke/Llama-2-7B-GPTQ,meta-llama/Llama-2-7b-hf,GPTQ,harness_hendrycksTest_miscellaneous_5,True,False,,10,acc_norm,0.3,0.3,0.0,0.0,0.0,0.0,0.1,1.0,True,0.0,,1.0
2,S1,TheBloke/Llama-2-7B-GPTQ,meta-llama/Llama-2-7b-hf,GPTQ,harness_hendrycksTest_moral_disputes_5,True,False,,10,acc_norm,0.4,0.6,0.19999999999999996,0.1,0.3,0.4,0.4,0.625,False,0.5603170436225936,79,1.0
2,S1,TheBloke/Llama-2-7B-GPTQ,meta-llama/Llama-2-7b-hf,GPTQ,harness_hendrycksTest_moral_scenarios_5,True,False,,10,acc_norm,0.1,0.1,0.0,0.0,0.0,0.0,0.0,1.0,True,0.0,,1.0
2,S1,TheBloke/Llama-2-7B-GPTQ,meta-llama/Llama-2-7b-hf,GPTQ,harness_hendrycksTest_nutrition_5,True,False,,10,acc_norm,0.6,0.5,-0.09999999999999998,0.1,0.0,0.1,0.1,1.0,False,0.2801585218112968,79,1.0
2,S1,TheBloke/Llama-2-7B-GPTQ,meta-llama/Llama-2-7b-hf,GPTQ,harness_hendrycksTest_philosophy_5,True,False,,10,acc_norm,0.5,0.5,0.0,0.1,0.1,0.2,0.5,1.0,False,0.41763566616394476,,1.0
2,S1,TheBloke/Llama-2-7B-GPTQ,meta-llama/Llama-2-7b-hf,GPTQ,harness_hendrycksTest_prehistory_5,True,False,,10,acc_norm,0.4,0.2,-0.2,0.2,0.0,0.2,0.2,0.5,False,0.3735446957483958,35,1.0
2,S1,TheBloke/Llama-2-7B-GPTQ,meta-llama/Llama-2-7b-hf,GPTQ,harness_hendrycksTest_professional_accounting_5,True,False,,10,acc_norm,0.4,0.4,0.0,0.1,0.1,0.2,0.3,1.0,False,0.41763566616394476,,1.0
2,S1,TheBloke/Llama-2-7B-GPTQ,meta-llama/Llama-2-7b-hf,GPTQ,harness_hendrycksTest_professional_law_5,True,False,,10,acc_norm,0.4,0.3,-0.10000000000000003,0.1,0.0,0.1,0.4,1.0,False,0.2801585218112968,79,1.0
2,S1,TheBloke/Llama-2-7B-GPTQ,meta-llama/Llama-2-7b-hf,GPTQ,harness_hendrycksTest_professional_medicine_5,True,False,,10,acc_norm,0.3,0.2,-0.09999999999999998,0.1,0.0,0.1,0.1,1.0,False,0.2801585218112968,79,1.0
2,S1,TheBloke/Llama-2-7B-GPTQ,meta-llama/Llama-2-7b-hf,GPTQ,harness_hendrycksTest_professional_psychology_5,True,False,,10,acc_norm,0.4,0.4,0.0,0.0,0.0,0.0,0.1,1.0,True,0.0,,1.0
2,S1,TheBloke/Llama-2-7B-GPTQ,meta-llama/Llama-2-7b-hf,GPTQ,harness_hendrycksTest_public_relations_5,True,False,,9,acc_norm,0.5555555555555556,0.5555555555555556,0.0,0.0,0.0,0.0,0.0,1.0,True,0.0,,1.0
2,S1,TheBloke/Llama-2-7B-GPTQ,meta-llama/Llama-2-7b-hf,GPTQ,harness_hendrycksTest_security_studies_5,True,False,,10,acc_norm,0.6,0.5,-0.09999999999999998,0.1,0.0,0.1,0.1,1.0,False,0.2801585218112968,79,1.0
2,S1,TheBloke/Llama-2-7B-GPTQ,meta-llama/Llama-2-7b-hf,GPTQ,harness_hendrycksTest_sociology_5,True,False,,10,acc_norm,0.8,0.8,0.0,0.0,0.0,0.0,0.0,1.0,True,0.0,,1.0
2,S1,TheBloke/Llama-2-7B-GPTQ,meta-llama/Llama-2-7b-hf,GPTQ,harness_hendrycksTest_us_foreign_policy_5,True,False,,10,acc_norm,0.7,0.5,-0.19999999999999996,0.2,0.0,0.2,0.3,0.5,False,0.3735446957483958,35,1.0
2,S1,TheBloke/Llama-2-7B-GPTQ,meta-llama/Llama-2-7b-hf,GPTQ,harness_hendrycksTest_virology_5,True,False,,10,acc_norm,0.3,0.6,0.3,0.0,0.3,0.3,0.4,0.25,False,0.42794921092906807,21,1.0
2,S1,TheBloke/Llama-2-7B-GPTQ,meta-llama/Llama-2-7b-hf,GPTQ,harness_hendrycksTest_world_religions_5,True,False,,10,acc_norm,0.7,0.7,0.0,0.0,0.0,0.0,0.0,1.0,True,0.0,,1.0
2,S1,TheBloke/Llama-2-7B-GPTQ,meta-llama/Llama-2-7b-hf,GPTQ,harness_truthfulqa_mc_0,True,True,no acc_norm or acc column in S1 rows,,,,,,,,,,,,,,
2,S1,TheBloke/Llama-2-7B-GPTQ,meta-llama/Llama-2-7b-hf,GPTQ,harness_winogrande_5,True,False,,1267,acc,0.7403314917127072,0.7292817679558011,-0.011049723756906049,0.037095501183898975,0.026045777426992895,0.06314127861089187,0.06314127861089187,0.1456354544029827,False,0.019766208222495873,4055,1.0
3,S1,TheBloke/Llama-2-13B-GPTQ,meta-llama/Llama-2-13b-hf,GPTQ,harness_arc_challenge_25,False,False,,1168,acc_norm,0.5813356164383562,0.5916095890410958,0.010273972602739656,0.030821917808219176,0.0410958904109589,0.07191780821917808,0.11215753424657535,0.2298644069691203,False,0.02197696353294874,5345,1.0
3,S1,TheBloke/Llama-2-13B-GPTQ,meta-llama/Llama-2-13b-hf,GPTQ,harness_drop_3,False,True,no acc_norm or acc column in S1 rows,,,,,,,,,,,,,,
3,S1,TheBloke/Llama-2-13B-GPTQ,meta-llama/Llama-2-13b-hf,GPTQ,harness_gsm8k_5,False,True,no joinable items,,,,,,,,,,,,,,0.0
3,S1,TheBloke/Llama-2-13B-GPTQ,meta-llama/Llama-2-13b-hf,GPTQ,harness_hellaswag_10,False,False,,9997,acc_norm,0.8095428628588577,0.8145443633089927,0.005001500450135032,0.010503150945283585,0.015504651395418626,0.02600780234070221,0.030309092727818347,0.002311574794504394,True,0.004516828310875876,8154,1.0
3,S1,TheBloke/Llama-2-13B-GPTQ,meta-llama/Llama-2-13b-hf,GPTQ,harness_hendrycksTest_5,False,True,"no parquet found for task harness_hendrycksTest_5 in runs ['2023_08_19T22_35_38.117975', '2023_08_23T17_28_00.015478', '2023_08_28T19_56_56.621542', '2023_08_29T22_26_02.660247', '2023_09_08T14_32_14.957248', '2023_09_15T14_07_08.353318', '2023_10_14T23_00_26.644553', '2023_12_02T13_11_49.394544']",,,,,,,,,,,,,,
3,S1,TheBloke/Llama-2-13B-GPTQ,meta-llama/Llama-2-13b-hf,GPTQ,harness_hendrycksTest_abstract_algebra_5,False,False,,100,acc_norm,0.33,0.29,-0.040000000000000036,0.14,0.1,0.24,0.5,0.5412561893463135,False,0.13747995000442947,1182,1.0
3,S1,TheBloke/Llama-2-13B-GPTQ,meta-llama/Llama-2-13b-hf,GPTQ,harness_hendrycksTest_anatomy_5,False,False,,135,acc_norm,0.5111111111111111,0.5333333333333333,0.022222222222222254,0.06666666666666667,0.08888888888888889,0.15555555555555556,0.21481481481481482,0.6636238098144531,False,0.09530238041745026,2483,1.0
3,S1,TheBloke/Llama-2-13B-GPTQ,meta-llama/Llama-2-13b-hf,GPTQ,harness_hendrycksTest_astronomy_5,False,False,,152,acc_norm,0.5131578947368421,0.5526315789473685,0.03947368421052633,0.05263157894736842,0.09210526315789473,0.14473684210526316,0.2236842105263158,0.28627872467041016,False,0.08626895277628008,727,1.0
3,S1,TheBloke/Llama-2-13B-GPTQ,meta-llama/Llama-2-13b-hf,GPTQ,harness_hendrycksTest_business_ethics_5,False,False,,100,acc_norm,0.54,0.55,0.010000000000000009,0.07,0.08,0.15,0.19,1.0,False,0.10901520013462902,11885,1.0
3,S1,TheBloke/Llama-2-13B-GPTQ,meta-llama/Llama-2-13b-hf,GPTQ,harness_hendrycksTest_clinical_knowledge_5,False,False,,265,acc_norm,0.6075471698113207,0.5773584905660377,-0.030188679245283012,0.07547169811320754,0.045283018867924525,0.12075471698113208,0.23773584905660378,0.21532714972272515,False,0.059691001190921,1037,1.0
3,S1,TheBloke/Llama-2-13B-GPTQ,meta-llama/Llama-2-13b-hf,GPTQ,harness_hendrycksTest_college_biology_5,False,False,,144,acc_norm,0.5555555555555556,0.5625,0.00694444444444442,0.08333333333333333,0.09027777777777778,0.1736111111111111,0.2361111111111111,1.0,False,0.09760324341918701,28446,1.0
3,S1,TheBloke/Llama-2-13B-GPTQ,meta-llama/Llama-2-13b-hf,GPTQ,harness_hendrycksTest_college_chemistry_5,False,False,,100,acc_norm,0.43,0.44,0.010000000000000009,0.06,0.07,0.13,0.25,1.0,False,0.10148242010726656,10299,1.0
3,S1,TheBloke/Llama-2-13B-GPTQ,meta-llama/Llama-2-13b-hf,GPTQ,harness_hendrycksTest_college_computer_science_5,False,False,,100,acc_norm,0.44,0.47,0.02999999999999997,0.05,0.08,0.13,0.2,0.5810546875,False,0.10116944350961472,1138,1.0
3,S1,TheBloke/Llama-2-13B-GPTQ,meta-llama/Llama-2-13b-hf,GPTQ,harness_hendrycksTest_college_mathematics_5,False,False,,100,acc_norm,0.34,0.27,-0.07,0.12,0.05,0.17,0.33,0.143463134765625,False,0.11440889119846838,268,1.0
3,S1,TheBloke/Llama-2-13B-GPTQ,meta-llama/Llama-2-13b-hf,GPTQ,harness_hendrycksTest_college_medicine_5,False,False,,173,acc_norm,0.5144508670520231,0.5317919075144508,0.01734104046242768,0.06936416184971098,0.08670520231213873,0.15606936416184972,0.21965317919075145,0.7011080384254456,False,0.08431010793761355,4090,1.0
3,S1,TheBloke/Llama-2-13B-GPTQ,meta-llama/Llama-2-13b-hf,GPTQ,harness_hendrycksTest_college_physics_5,False,False,,80,acc_norm,0.25,0.25,0.0,0.05,0.05,0.1,0.2875,1.0,False,0.09967592890449294,,1.0
3,S1,TheBloke/Llama-2-13B-GPTQ,meta-llama/Llama-2-13b-hf,GPTQ,harness_hendrycksTest_computer_security_5,False,False,,100,acc_norm,0.68,0.67,-0.010000000000000009,0.05,0.04,0.09,0.12,1.0,False,0.08442403124523726,7128,1.0
3,S1,TheBloke/Llama-2-13B-GPTQ,meta-llama/Llama-2-13b-hf,GPTQ,harness_hendrycksTest_conceptual_physics_5,False,False,,235,acc_norm,0.4553191489361702,0.4425531914893617,-0.012765957446808529,0.09361702127659574,0.08085106382978724,0.17446808510638298,0.22127659574468084,0.755228657504631,False,0.07646293689475453,8431,1.0
3,S1,TheBloke/Llama-2-13B-GPTQ,meta-llama/Llama-2-13b-hf,GPTQ,harness_hendrycksTest_econometrics_5,False,False,,114,acc_norm,0.2894736842105263,0.2719298245614035,-0.017543859649122806,0.03508771929824561,0.017543859649122806,0.05263157894736842,0.09649122807017543,0.6875,False,0.06028568785893467,1347,1.0
3,S1,TheBloke/Llama-2-13B-GPTQ,meta-llama/Llama-2-13b-hf,GPTQ,harness_hendrycksTest_electrical_engineering_5,False,False,,145,acc_norm,0.496551724137931,0.503448275862069,0.006896551724137945,0.05517241379310345,0.06206896551724138,0.11724137931034483,0.15862068965517243,1.0,False,0.07992358217980242,19474,1.0
3,S1,TheBloke/Llama-2-13B-GPTQ,meta-llama/Llama-2-13b-hf,GPTQ,harness_hendrycksTest_elementary_mathematics_5,False,False,,376,acc_norm,0.34574468085106386,0.30319148936170215,-0.04255319148936171,0.0797872340425532,0.03723404255319149,0.11702127659574468,0.23138297872340424,0.022628841205914796,False,0.049105963743086026,501,1.0
3,S1,TheBloke/Llama-2-13B-GPTQ,meta-llama/Llama-2-13b-hf,GPTQ,harness_hendrycksTest_formal_logic_5,False,False,,126,acc_norm,0.3333333333333333,0.3412698412698413,0.007936507936507964,0.047619047619047616,0.05555555555555555,0.10317460317460317,0.21428571428571427,1.0,False,0.08046418659145428,12952,1.0
3,S1,TheBloke/Llama-2-13B-GPTQ,meta-llama/Llama-2-13b-hf,GPTQ,harness_hendrycksTest_global_facts_5,False,False,,100,acc_norm,0.32,0.39,0.07,0.03,0.1,0.13,0.19,0.09228515625,False,0.09958980794304217,203,1.0
3,S1,TheBloke/Llama-2-13B-GPTQ,meta-llama/Llama-2-13b-hf,GPTQ,harness_hendrycksTest_high_school_biology_5,False,False,,310,acc_norm,0.6580645161290323,0.6548387096774193,-0.003225806451612967,0.041935483870967745,0.03870967741935484,0.08064516129032258,0.12258064516129032,1.0,False,0.0452569971002429,61018,1.0
3,S1,TheBloke/Llama-2-13B-GPTQ,meta-llama/Llama-2-13b-hf,GPTQ,harness_hendrycksTest_high_school_chemistry_5,False,False,,203,acc_norm,0.458128078817734,0.4039408866995074,-0.05418719211822659,0.09359605911330049,0.03940886699507389,0.1330049261083744,0.2315270935960591,0.052238985896110535,False,0.07109098137834209,350,1.0
3,S1,TheBloke/Llama-2-13B-GPTQ,meta-llama/Llama-2-13b-hf,GPTQ,harness_hendrycksTest_high_school_computer_science_5,False,False,,100,acc_norm,0.55,0.59,0.039999999999999925,0.05,0.09,0.14,0.18,0.4239501953125,False,0.10475006112357677,686,1.0
3,S1,TheBloke/Llama-2-13B-GPTQ,meta-llama/Llama-2-13b-hf,GPTQ,harness_hendrycksTest_high_school_european_history_5,False,False,,165,acc_norm,0.6484848484848484,0.6363636363636364,-0.012121212121212088,0.04242424242424243,0.030303030303030304,0.07272727272727272,0.12121212121212122,0.7744140625,False,0.058937463236852276,3901,1.0
3,S1,TheBloke/Llama-2-13B-GPTQ,meta-llama/Llama-2-13b-hf,GPTQ,harness_hendrycksTest_high_school_geography_5,False,False,,198,acc_norm,0.6868686868686869,0.6666666666666666,-0.02020202020202022,0.0707070707070707,0.050505050505050504,0.12121212121212122,0.1414141414141414,0.5412561893463135,False,0.0693763393971407,2336,1.0
3,S1,TheBloke/Llama-2-13B-GPTQ,meta-llama/Llama-2-13b-hf,GPTQ,harness_hendrycksTest_high_school_government_and_politics_5,False,False,,193,acc_norm,0.7668393782383419,0.7823834196891192,0.015544041450777257,0.04145077720207254,0.05699481865284974,0.09844559585492228,0.12435233160621761,0.6476058959960938,False,0.06336037872525153,3207,1.0
3,S1,TheBloke/Llama-2-13B-GPTQ,meta-llama/Llama-2-13b-hf,GPTQ,harness_hendrycksTest_high_school_macroeconomics_5,False,False,,390,acc_norm,0.47692307692307695,0.4897435897435897,0.012820512820512775,0.06666666666666667,0.07948717948717948,0.14615384615384616,0.21025641025641026,0.5966417603730826,False,0.0542737485660706,6990,1.0
3,S1,TheBloke/Llama-2-13B-GPTQ,meta-llama/Llama-2-13b-hf,GPTQ,harness_hendrycksTest_high_school_mathematics_5,False,False,,270,acc_norm,0.2814814814814815,0.3111111111111111,0.029629629629629617,0.06666666666666667,0.0962962962962963,0.16296296296296298,0.3074074074074074,0.2912152365458951,False,0.06877002374366203,1455,1.0
3,S1,TheBloke/Llama-2-13B-GPTQ,meta-llama/Llama-2-13b-hf,GPTQ,harness_hendrycksTest_high_school_microeconomics_5,False,False,,238,acc_norm,0.5546218487394958,0.5546218487394958,0.0,0.07563025210084033,0.07563025210084033,0.15126050420168066,0.23529411764705882,1.0,False,0.07077704656756305,,1.0
3,S1,TheBloke/Llama-2-13B-GPTQ,meta-llama/Llama-2-13b-hf,GPTQ,harness_hendrycksTest_high_school_physics_5,False,False,,151,acc_norm,0.39072847682119205,0.33112582781456956,-0.05960264900662249,0.10596026490066225,0.046357615894039736,0.152317880794702,0.2980132450331126,0.0931396484375,False,0.08822855821412755,331,1.0
3,S1,TheBloke/Llama-2-13B-GPTQ,meta-llama/Llama-2-13b-hf,GPTQ,harness_hendrycksTest_high_school_psychology_5,False,False,,523,acc_norm,0.7380497131931166,0.7361376673040153,-0.0019120458891013214,0.05353728489483748,0.05162523900573614,0.10516252390057361,0.13001912045889102,1.0,False,0.03976413476210795,226198,1.0
3,S1,TheBloke/Llama-2-13B-GPTQ,meta-llama/Llama-2-13b-hf,GPTQ,harness_hendrycksTest_high_school_statistics_5,False,False,,216,acc_norm,0.4675925925925926,0.4537037037037037,-0.013888888888888895,0.09722222222222222,0.08333333333333333,0.18055555555555555,0.2824074074074074,0.7492586247608418,False,0.08114428098414864,7373,1.0
3,S1,TheBloke/Llama-2-13B-GPTQ,meta-llama/Llama-2-13b-hf,GPTQ,harness_hendrycksTest_high_school_us_history_5,False,False,,204,acc_norm,0.6911764705882353,0.7107843137254902,0.019607843137254943,0.04411764705882353,0.06372549019607843,0.10784313725490197,0.14705882352941177,0.5234670639038086,False,0.06445795877442871,2205,1.0
3,S1,TheBloke/Llama-2-13B-GPTQ,meta-llama/Llama-2-13b-hf,GPTQ,harness_hendrycksTest_high_school_world_history_5,False,False,,237,acc_norm,0.7172995780590717,0.7172995780590717,0.0,0.046413502109704644,0.046413502109704644,0.09282700421940929,0.13924050632911392,1.0,False,0.05556291258709596,,1.0
3,S1,TheBloke/Llama-2-13B-GPTQ,meta-llama/Llama-2-13b-hf,GPTQ,harness_hendrycksTest_human_aging_5,False,False,,223,acc_norm,0.6636771300448431,0.6591928251121076,-0.004484304932735439,0.053811659192825115,0.04932735426008968,0.1031390134529148,0.1210762331838565,1.0,False,0.06038047083979798,40431,1.0
3,S1,TheBloke/Llama-2-13B-GPTQ,meta-llama/Llama-2-13b-hf,GPTQ,harness_hendrycksTest_human_sexuality_5,False,False,,131,acc_norm,0.6030534351145038,0.5877862595419847,-0.01526717557251911,0.061068702290076333,0.04580152671755725,0.10687022900763359,0.16030534351145037,0.79052734375,False,0.08023916680198719,3619,1.0
3,S1,TheBloke/Llama-2-13B-GPTQ,meta-llama/Llama-2-13b-hf,GPTQ,harness_hendrycksTest_international_law_5,False,False,,121,acc_norm,0.7024793388429752,0.6694214876033058,-0.03305785123966942,0.08264462809917356,0.049586776859504134,0.1322314049586777,0.1652892561983471,0.454498291015625,False,0.09261438737563532,950,1.0
3,S1,TheBloke/Llama-2-13B-GPTQ,meta-llama/Llama-2-13b-hf,GPTQ,harness_hendrycksTest_jurisprudence_5,False,False,,108,acc_norm,0.7037037037037037,0.6759259259259259,-0.02777777777777779,0.12037037037037036,0.09259259259259259,0.21296296296296297,0.24074074074074073,0.6776394844055176,False,0.12476012309999275,2179,1.0
3,S1,TheBloke/Llama-2-13B-GPTQ,meta-llama/Llama-2-13b-hf,GPTQ,harness_hendrycksTest_logical_fallacies_5,False,False,,163,acc_norm,0.6871165644171779,0.6625766871165644,-0.024539877300613577,0.06748466257668712,0.04294478527607362,0.11042944785276074,0.12883435582822086,0.480682373046875,False,0.07294598103528277,1441,1.0
3,S1,TheBloke/Llama-2-13B-GPTQ,meta-llama/Llama-2-13b-hf,GPTQ,harness_hendrycksTest_machine_learning_5,False,False,,112,acc_norm,0.26785714285714285,0.2767857142857143,0.008928571428571452,0.0625,0.07142857142857142,0.13392857142857142,0.26785714285714285,1.0,False,0.09728584900517717,13297,1.0
3,S1,TheBloke/Llama-2-13B-GPTQ,meta-llama/Llama-2-13b-hf,GPTQ,harness_hendrycksTest_management_5,False,False,,103,acc_norm,0.7572815533980582,0.7378640776699029,-0.01941747572815533,0.06796116504854369,0.04854368932038835,0.11650485436893204,0.1553398058252427,0.7744140625,False,0.09453048380813724,2442,1.0
3,S1,TheBloke/Llama-2-13B-GPTQ,meta-llama/Llama-2-13b-hf,GPTQ,harness_hendrycksTest_marketing_5,False,False,,234,acc_norm,0.7991452991452992,0.7905982905982906,-0.008547008547008628,0.05128205128205128,0.042735042735042736,0.09401709401709402,0.11538461538461539,0.8318119049072266,False,0.05625491843494618,10137,1.0
3,S1,TheBloke/Llama-2-13B-GPTQ,meta-llama/Llama-2-13b-hf,GPTQ,harness_hendrycksTest_medical_genetics_5,False,False,,100,acc_norm,0.55,0.52,-0.030000000000000027,0.08,0.05,0.13,0.22,0.5810546875,False,0.10116944350961472,1138,1.0
3,S1,TheBloke/Llama-2-13B-GPTQ,meta-llama/Llama-2-13b-hf,GPTQ,harness_hendrycksTest_miscellaneous_5,False,False,,783,acc_norm,0.7266922094508301,0.7343550446998723,0.00766283524904221,0.04086845466155811,0.04853128991060025,0.08939974457215837,0.13026819923371646,0.5504125118224712,False,0.029945111012428718,11958,1.0
3,S1,TheBloke/Llama-2-13B-GPTQ,meta-llama/Llama-2-13b-hf,GPTQ,harness_hendrycksTest_moral_disputes_5,False,False,,346,acc_norm,0.6358381502890174,0.630057803468208,-0.005780346820809301,0.06358381502890173,0.057803468208092484,0.12138728323699421,0.15606936416184972,0.8776143287523154,False,0.05254375505644039,28590,1.0
3,S1,TheBloke/Llama-2-13B-GPTQ,meta-llama/Llama-2-13b-hf,GPTQ,harness_hendrycksTest_moral_scenarios_5,False,False,,895,acc_norm,0.2759776536312849,0.31731843575418994,0.04134078212290504,0.16201117318435754,0.20335195530726258,0.3653631284916201,0.6189944134078212,0.04633671971779572,False,0.05650401429390698,1672,1.0
3,S1,TheBloke/Llama-2-13B-GPTQ,meta-llama/Llama-2-13b-hf,GPTQ,harness_hendrycksTest_nutrition_5,False,False,,306,acc_norm,0.5947712418300654,0.6078431372549019,0.013071895424836555,0.07516339869281045,0.08823529411764706,0.16339869281045752,0.2222222222222222,0.6718110337653656,False,0.0648113407302347,7523,1.0
3,S1,TheBloke/Llama-2-13B-GPTQ,meta-llama/Llama-2-13b-hf,GPTQ,harness_hendrycksTest_philosophy_5,False,False,,311,acc_norm,0.6495176848874598,0.6591639871382636,0.009646302250803873,0.05466237942122187,0.06430868167202572,0.1189710610932476,0.1607717041800643,0.7428293587290682,False,0.054862267517671114,10060,1.0
3,S1,TheBloke/Llama-2-13B-GPTQ,meta-llama/Llama-2-13b-hf,GPTQ,harness_hendrycksTest_prehistory_5,False,False,,324,acc_norm,0.6080246913580247,0.6358024691358025,0.02777777777777779,0.046296296296296294,0.07407407407407407,0.12037037037037036,0.15123456790123457,0.19959086691960698,False,0.0539095770354382,1221,1.0
3,S1,TheBloke/Llama-2-13B-GPTQ,meta-llama/Llama-2-13b-hf,GPTQ,harness_hendrycksTest_professional_accounting_5,False,False,,282,acc_norm,0.3971631205673759,0.3971631205673759,0.0,0.07801418439716312,0.07801418439716312,0.15602836879432624,0.24822695035460993,1.0,False,0.06601649480640664,,1.0
3,S1,TheBloke/Llama-2-13B-GPTQ,meta-llama/Llama-2-13b-hf,GPTQ,harness_hendrycksTest_professional_law_5,False,False,,1534,acc_norm,0.41590612777053454,0.4178617992177314,0.001955671447196883,0.059322033898305086,0.061277705345501955,0.12059973924380704,0.19882659713168188,0.8831496927414337,True,0.024848435936481287,247647,1.0
3,S1,TheBloke/Llama-2-13B-GPTQ,meta-llama/Llama-2-13b-hf,GPTQ,harness_hendrycksTest_professional_medicine_5,False,False,,272,acc_norm,0.5147058823529411,0.4742647058823529,-0.0404411764705882,0.125,0.08455882352941177,0.20955882352941177,0.26838235294117646,0.18485048241641844,False,0.0776016236138602,1002,1.0
3,S1,TheBloke/Llama-2-13B-GPTQ,meta-llama/Llama-2-13b-hf,GPTQ,harness_hendrycksTest_professional_psychology_5,False,False,,610,acc_norm,0.5442622950819672,0.559016393442623,0.014754098360655776,0.06393442622950819,0.07868852459016394,0.14262295081967213,0.19344262295081968,0.3911909653007535,False,0.04284086368869076,5144,1.0
3,S1,TheBloke/Llama-2-13B-GPTQ,meta-llama/Llama-2-13b-hf,GPTQ,harness_hendrycksTest_public_relations_5,False,False,,106,acc_norm,0.5754716981132075,0.660377358490566,0.08490566037735847,0.03773584905660377,0.12264150943396226,0.16037735849056603,0.20754716981132076,0.049041748046875,False,0.10700245886046644,169,1.0
3,S1,TheBloke/Llama-2-13B-GPTQ,meta-llama/Llama-2-13b-hf,GPTQ,harness_hendrycksTest_security_studies_5,False,False,,245,acc_norm,0.6122448979591837,0.6408163265306123,0.02857142857142858,0.036734693877551024,0.0653061224489796,0.10204081632653061,0.17142857142857143,0.2295229434967041,False,0.05706262186272552,978,1.0
3,S1,TheBloke/Llama-2-13B-GPTQ,meta-llama/Llama-2-13b-hf,GPTQ,harness_hendrycksTest_sociology_5,False,False,,201,acc_norm,0.7114427860696517,0.7213930348258707,0.009950248756218971,0.03980099502487562,0.04975124378109453,0.08955223880597014,0.14925373134328357,0.8145294189453125,False,0.05924979555911887,7127,1.0
3,S1,TheBloke/Llama-2-13B-GPTQ,meta-llama/Llama-2-13b-hf,GPTQ,harness_hendrycksTest_us_foreign_policy_5,False,False,,98,acc_norm,0.826530612244898,0.8061224489795918,-0.020408163265306145,0.04081632653061224,0.02040816326530612,0.061224489795918366,0.07142857142857142,0.6875,False,0.07014525817675155,1158,1.0
3,S1,TheBloke/Llama-2-13B-GPTQ,meta-llama/Llama-2-13b-hf,GPTQ,harness_hendrycksTest_virology_5,False,False,,166,acc_norm,0.41566265060240964,0.45180722891566266,0.03614457831325302,0.030120481927710843,0.06626506024096386,0.0963855421686747,0.1746987951807229,0.210113525390625,False,0.06725187898291538,575,1.0
3,S1,TheBloke/Llama-2-13B-GPTQ,meta-llama/Llama-2-13b-hf,GPTQ,harness_hendrycksTest_world_religions_5,False,False,,171,acc_norm,0.7368421052631579,0.7543859649122807,0.01754385964912286,0.03508771929824561,0.05263157894736842,0.08771929824561403,0.0935672514619883,0.6072387695312499,False,0.06352778174455014,2243,1.0
3,S1,TheBloke/Llama-2-13B-GPTQ,meta-llama/Llama-2-13b-hf,GPTQ,harness_truthfulqa_mc_0,False,True,no acc_norm or acc column in S1 rows,,,,,,,,,,,,,,
3,S1,TheBloke/Llama-2-13B-GPTQ,meta-llama/Llama-2-13b-hf,GPTQ,harness_winogrande_5,False,False,,1267,acc,0.7663772691397001,0.7616416732438832,-0.0047355958958168465,0.022099447513812154,0.017363851617995266,0.03946329913180742,0.03946329913180742,0.47988766169832786,True,0.015637245176163318,13815,1.0
4,S1,TheBloke/WizardLM-13B-V1.1-GPTQ,WizardLM/WizardLM-13B-V1.1,GPTQ,harness_drop_3,False,True,no acc_norm or acc column in S1 rows,,,,,,,,,,,,,,
4,S1,TheBloke/WizardLM-13B-V1.1-GPTQ,WizardLM/WizardLM-13B-V1.1,GPTQ,harness_gsm8k_5,False,True,no acc_norm or acc column in S1 rows,,,,,,,,,,,,,,
4,S1,TheBloke/WizardLM-13B-V1.1-GPTQ,WizardLM/WizardLM-13B-V1.1,GPTQ,harness_winogrande_5,False,True,no acc_norm or acc column in S1 rows,,,,,,,,,,,,,,
5,S1,TheBloke/Wizard-Vicuna-30B-Uncensored-GPTQ,ehartford/Wizard-Vicuna-30B-Uncensored,GPTQ,harness_drop_3,False,True,no acc_norm or acc column in S1 rows,,,,,,,,,,,,,,
5,S1,TheBloke/Wizard-Vicuna-30B-Uncensored-GPTQ,ehartford/Wizard-Vicuna-30B-Uncensored,GPTQ,harness_gsm8k_5,False,True,no acc_norm or acc column in S1 rows,,,,,,,,,,,,,,
5,S1,TheBloke/Wizard-Vicuna-30B-Uncensored-GPTQ,ehartford/Wizard-Vicuna-30B-Uncensored,GPTQ,harness_winogrande_5,False,True,no acc_norm or acc column in S1 rows,,,,,,,,,,,,,,
6,S1,TheBloke/WizardLM-70B-V1.0-GPTQ,WizardLM/WizardLM-70B-V1.0,GPTQ,harness_drop_3,False,True,no acc_norm or acc column in S1 rows,,,,,,,,,,,,,,
6,S1,TheBloke/WizardLM-70B-V1.0-GPTQ,WizardLM/WizardLM-70B-V1.0,GPTQ,harness_gsm8k_5,False,True,no acc_norm or acc column in S1 rows,,,,,,,,,,,,,,
6,S1,TheBloke/WizardLM-70B-V1.0-GPTQ,WizardLM/WizardLM-70B-V1.0,GPTQ,harness_winogrande_5,False,True,no acc_norm or acc column in S1 rows,,,,,,,,,,,,,,
7,S1,TheBloke/Airoboros-L2-13B-2.1-GPTQ,jondurbin/airoboros-l2-13b-2.1,GPTQ,harness_arc_challenge_25,False,False,,1168,acc_norm,0.5513698630136986,0.5898972602739726,0.03852739726027399,0.02482876712328767,0.06335616438356165,0.08818493150684932,0.1292808219178082,1.0705258229134963e-05,False,0.024147901102784263,459,1.0
7,S1,TheBloke/Airoboros-L2-13B-2.1-GPTQ,jondurbin/airoboros-l2-13b-2.1,GPTQ,harness_drop_3,False,True,no acc_norm or acc column in S1 rows,,,,,,,,,,,,,,
7,S1,TheBloke/Airoboros-L2-13B-2.1-GPTQ,jondurbin/airoboros-l2-13b-2.1,GPTQ,harness_gsm8k_5,False,False,,1319,acc,0.0356330553449583,0.05989385898407885,0.024260803639120546,0.009097801364670205,0.03335860500379075,0.04245640636846096,0.6990144048521607,2.0876568218419767e-05,False,0.015790151800925873,559,1.0
7,S1,TheBloke/Airoboros-L2-13B-2.1-GPTQ,jondurbin/airoboros-l2-13b-2.1,GPTQ,harness_hellaswag_10,False,False,,9997,acc_norm,0.8022406722016605,0.8170451135340602,0.014804441332399665,0.014504351305391617,0.029308792637791337,0.043813143943182954,0.050215064519355805,1.3284790746284526e-12,True,0.0058506475478200416,1562,1.0
7,S1,TheBloke/Airoboros-L2-13B-2.1-GPTQ,jondurbin/airoboros-l2-13b-2.1,GPTQ,harness_hendrycksTest_5,False,True,"no parquet found for task harness_hendrycksTest_5 in runs ['2023_08_30T15_34_36.295006', '2023_08_30T18_13_29.562428', '2023_10_22T07_13_42.257437', '2023_10_22T11_50_58.922768']",,,,,,,,,,,,,,
7,S1,TheBloke/Airoboros-L2-13B-2.1-GPTQ,jondurbin/airoboros-l2-13b-2.1,GPTQ,harness_hendrycksTest_abstract_algebra_5,False,False,,100,acc_norm,0.31,0.29,-0.020000000000000018,0.09,0.07,0.16,0.28,0.803619384765625,False,0.11248709041988983,3164,1.0
7,S1,TheBloke/Airoboros-L2-13B-2.1-GPTQ,jondurbin/airoboros-l2-13b-2.1,GPTQ,harness_hendrycksTest_anatomy_5,False,False,,135,acc_norm,0.45925925925925926,0.5111111111111111,0.051851851851851816,0.06666666666666667,0.11851851851851852,0.18518518518518517,0.2814814814814815,0.2295229434967041,False,0.10339006111914456,537,1.0
7,S1,TheBloke/Airoboros-L2-13B-2.1-GPTQ,jondurbin/airoboros-l2-13b-2.1,GPTQ,harness_hendrycksTest_astronomy_5,False,False,,152,acc_norm,0.5263157894736842,0.5197368421052632,-0.006578947368421018,0.06578947368421052,0.05921052631578947,0.125,0.19736842105263158,1.0,False,0.0805926001597146,22810,1.0
7,S1,TheBloke/Airoboros-L2-13B-2.1-GPTQ,jondurbin/airoboros-l2-13b-2.1,GPTQ,harness_hendrycksTest_business_ethics_5,False,False,,100,acc_norm,0.53,0.56,0.030000000000000027,0.06,0.09,0.15,0.2,0.6072387695312499,False,0.10872390983408661,1314,1.0
7,S1,TheBloke/Airoboros-L2-13B-2.1-GPTQ,jondurbin/airoboros-l2-13b-2.1,GPTQ,harness_hendrycksTest_clinical_knowledge_5,False,False,,265,acc_norm,0.5320754716981132,0.569811320754717,0.037735849056603765,0.022641509433962263,0.06037735849056604,0.0830188679245283,0.12830188679245283,0.052478790283203125,False,0.049253070585203756,452,1.0
7,S1,TheBloke/Airoboros-L2-13B-2.1-GPTQ,jondurbin/airoboros-l2-13b-2.1,GPTQ,harness_hendrycksTest_college_biology_5,False,False,,144,acc_norm,0.5069444444444444,0.5763888888888888,0.06944444444444442,0.05555555555555555,0.125,0.18055555555555555,0.2361111111111111,0.07551869750022888,False,0.09821153764687789,289,1.0
7,S1,TheBloke/Airoboros-L2-13B-2.1-GPTQ,jondurbin/airoboros-l2-13b-2.1,GPTQ,harness_hendrycksTest_college_chemistry_5,False,False,,100,acc_norm,0.38,0.35,-0.030000000000000027,0.07,0.04,0.11,0.28,0.548828125,False,0.0930033549420646,962,1.0
7,S1,TheBloke/Airoboros-L2-13B-2.1-GPTQ,jondurbin/airoboros-l2-13b-2.1,GPTQ,harness_hendrycksTest_college_computer_science_5,False,False,,100,acc_norm,0.45,0.47,0.019999999999999962,0.08,0.1,0.18,0.22,0.8145294189453125,False,0.11932718793593493,3560,1.0
7,S1,TheBloke/Airoboros-L2-13B-2.1-GPTQ,jondurbin/airoboros-l2-13b-2.1,GPTQ,harness_hendrycksTest_college_mathematics_5,False,False,,100,acc_norm,0.32,0.3,-0.020000000000000018,0.1,0.08,0.18,0.3,0.8145294189453125,False,0.11932718793593493,3560,1.0
7,S1,TheBloke/Airoboros-L2-13B-2.1-GPTQ,jondurbin/airoboros-l2-13b-2.1,GPTQ,harness_hendrycksTest_college_medicine_5,False,False,,173,acc_norm,0.48554913294797686,0.5028901734104047,0.017341040462427793,0.06358381502890173,0.08092485549132948,0.14450867052023122,0.2254335260115607,0.6900379657745361,False,0.08112117427962943,3786,1.0
7,S1,TheBloke/Airoboros-L2-13B-2.1-GPTQ,jondurbin/airoboros-l2-13b-2.1,GPTQ,harness_hendrycksTest_college_physics_5,False,False,,80,acc_norm,0.2875,0.275,-0.012499999999999956,0.0625,0.05,0.1125,0.2375,1.0,False,0.10564884410851626,5715,1.0
7,S1,TheBloke/Airoboros-L2-13B-2.1-GPTQ,jondurbin/airoboros-l2-13b-2.1,GPTQ,harness_hendrycksTest_computer_security_5,False,False,,100,acc_norm,0.66,0.7,0.039999999999999925,0.03,0.07,0.1,0.13,0.34375,False,0.08832502910422461,488,1.0
7,S1,TheBloke/Airoboros-L2-13B-2.1-GPTQ,jondurbin/airoboros-l2-13b-2.1,GPTQ,harness_hendrycksTest_conceptual_physics_5,False,False,,235,acc_norm,0.37446808510638296,0.39574468085106385,0.021276595744680882,0.07234042553191489,0.09361702127659574,0.16595744680851063,0.2170212765957447,0.5223973804968411,False,0.07450769776022388,2882,1.0
7,S1,TheBloke/Airoboros-L2-13B-2.1-GPTQ,jondurbin/airoboros-l2-13b-2.1,GPTQ,harness_hendrycksTest_econometrics_5,False,False,,114,acc_norm,0.2807017543859649,0.30701754385964913,0.026315789473684237,0.05263157894736842,0.07894736842105263,0.13157894736842105,0.24561403508771928,0.6072387695312499,False,0.09534807315693195,1497,1.0
7,S1,TheBloke/Airoboros-L2-13B-2.1-GPTQ,jondurbin/airoboros-l2-13b-2.1,GPTQ,harness_hendrycksTest_electrical_engineering_5,False,False,,145,acc_norm,0.4896551724137931,0.5517241379310345,0.06206896551724139,0.05517241379310345,0.11724137931034483,0.1724137931034483,0.2482758620689655,0.10775214433670044,False,0.09585205882735012,346,1.0
7,S1,TheBloke/Airoboros-L2-13B-2.1-GPTQ,jondurbin/airoboros-l2-13b-2.1,GPTQ,harness_hendrycksTest_elementary_mathematics_5,False,False,,376,acc_norm,0.31117021276595747,0.31648936170212766,0.005319148936170193,0.09308510638297872,0.09840425531914894,0.19148936170212766,0.2925531914893617,0.906294324703081,False,0.06330360493877957,53256,1.0
7,S1,TheBloke/Airoboros-L2-13B-2.1-GPTQ,jondurbin/airoboros-l2-13b-2.1,GPTQ,harness_hendrycksTest_formal_logic_5,False,False,,126,acc_norm,0.2698412698412698,0.30158730158730157,0.031746031746031744,0.06349206349206349,0.09523809523809523,0.15873015873015872,0.3333333333333333,0.5034446716308594,False,0.0995165812286359,1239,1.0
7,S1,TheBloke/Airoboros-L2-13B-2.1-GPTQ,jondurbin/airoboros-l2-13b-2.1,GPTQ,harness_hendrycksTest_global_facts_5,False,False,,100,acc_norm,0.33,0.37,0.03999999999999998,0.03,0.07,0.1,0.17,0.34375,False,0.0883250291042246,488,1.0
7,S1,TheBloke/Airoboros-L2-13B-2.1-GPTQ,jondurbin/airoboros-l2-13b-2.1,GPTQ,harness_hendrycksTest_high_school_biology_5,False,False,,310,acc_norm,0.603225806451613,0.6193548387096774,0.016129032258064502,0.041935483870967745,0.05806451612903226,0.1,0.16451612903225807,0.47312965989112854,False,0.05033371229202475,3019,1.0
7,S1,TheBloke/Airoboros-L2-13B-2.1-GPTQ,jondurbin/airoboros-l2-13b-2.1,GPTQ,harness_hendrycksTest_high_school_chemistry_5,False,False,,203,acc_norm,0.4433497536945813,0.43842364532019706,-0.0049261083743842304,0.09359605911330049,0.08866995073891626,0.18226600985221675,0.27586206896551724,1.0,False,0.08414960527744147,59237,1.0
7,S1,TheBloke/Airoboros-L2-13B-2.1-GPTQ,jondurbin/airoboros-l2-13b-2.1,GPTQ,harness_hendrycksTest_high_school_computer_science_5,False,False,,100,acc_norm,0.56,0.54,-0.020000000000000018,0.14,0.12,0.26,0.34,0.8450189828872681,False,0.14346256256933315,5146,1.0
7,S1,TheBloke/Airoboros-L2-13B-2.1-GPTQ,jondurbin/airoboros-l2-13b-2.1,GPTQ,harness_hendrycksTest_high_school_european_history_5,False,False,,165,acc_norm,0.6181818181818182,0.6787878787878788,0.06060606060606066,0.030303030303030304,0.09090909090909091,0.12121212121212122,0.16363636363636364,0.04138946533203125,False,0.07500201965210834,253,1.0
7,S1,TheBloke/Airoboros-L2-13B-2.1-GPTQ,jondurbin/airoboros-l2-13b-2.1,GPTQ,harness_hendrycksTest_high_school_geography_5,False,False,,198,acc_norm,0.6565656565656566,0.6868686868686869,0.030303030303030276,0.045454545454545456,0.07575757575757576,0.12121212121212122,0.15656565656565657,0.30745625495910645,False,0.06922969721373494,1034,1.0
7,S1,TheBloke/Airoboros-L2-13B-2.1-GPTQ,jondurbin/airoboros-l2-13b-2.1,GPTQ,harness_hendrycksTest_high_school_government_and_politics_5,False,False,,193,acc_norm,0.7098445595854922,0.7772020725388601,0.06735751295336789,0.02072538860103627,0.08808290155440414,0.10880829015544041,0.11917098445595854,0.007197380065917969,False,0.06528832467197114,182,1.0
7,S1,TheBloke/Airoboros-L2-13B-2.1-GPTQ,jondurbin/airoboros-l2-13b-2.1,GPTQ,harness_hendrycksTest_high_school_macroeconomics_5,False,False,,390,acc_norm,0.47435897435897434,0.441025641025641,-0.033333333333333326,0.09743589743589744,0.0641025641025641,0.16153846153846155,0.2641025641025641,0.12991792302255253,False,0.05689423235334111,1137,1.0
7,S1,TheBloke/Airoboros-L2-13B-2.1-GPTQ,jondurbin/airoboros-l2-13b-2.1,GPTQ,harness_hendrycksTest_high_school_mathematics_5,False,False,,270,acc_norm,0.26666666666666666,0.2740740740740741,0.007407407407407418,0.1,0.10740740740740741,0.2074074074074074,0.3592592592592593,0.8938530948350216,False,0.07778258544978746,29772,1.0
7,S1,TheBloke/Airoboros-L2-13B-2.1-GPTQ,jondurbin/airoboros-l2-13b-2.1,GPTQ,harness_hendrycksTest_high_school_microeconomics_5,False,False,,238,acc_norm,0.4411764705882353,0.44537815126050423,0.004201680672268948,0.07142857142857142,0.07563025210084033,0.14705882352941177,0.25630252100840334,1.0,False,0.06978292002314787,65650,1.0
7,S1,TheBloke/Airoboros-L2-13B-2.1-GPTQ,jondurbin/airoboros-l2-13b-2.1,GPTQ,harness_hendrycksTest_high_school_physics_5,False,False,,151,acc_norm,0.33774834437086093,0.33112582781456956,-0.006622516556291369,0.11920529801324503,0.11258278145695365,0.23178807947019867,0.36423841059602646,1.0,False,0.11011910296293329,41750,1.0
7,S1,TheBloke/Airoboros-L2-13B-2.1-GPTQ,jondurbin/airoboros-l2-13b-2.1,GPTQ,harness_hendrycksTest_high_school_psychology_5,False,False,,523,acc_norm,0.6615678776290631,0.6902485659655831,0.028680688336520044,0.03441682600382409,0.06309751434034416,0.09751434034416825,0.12237093690248566,0.04887389231827033,False,0.0381296935672739,925,1.0
7,S1,TheBloke/Airoboros-L2-13B-2.1-GPTQ,jondurbin/airoboros-l2-13b-2.1,GPTQ,harness_hendrycksTest_high_school_statistics_5,False,False,,216,acc_norm,0.4305555555555556,0.4027777777777778,-0.02777777777777779,0.1111111111111111,0.08333333333333333,0.19444444444444445,0.30092592592592593,0.44079906734259566,False,0.08408508495603954,1980,1.0
7,S1,TheBloke/Airoboros-L2-13B-2.1-GPTQ,jondurbin/airoboros-l2-13b-2.1,GPTQ,harness_hendrycksTest_high_school_us_history_5,False,False,,204,acc_norm,0.6715686274509803,0.7352941176470589,0.06372549019607854,0.03431372549019608,0.09803921568627451,0.1323529411764706,0.17647058823529413,0.0191572904586792,False,0.07042966316334055,250,1.0
7,S1,TheBloke/Airoboros-L2-13B-2.1-GPTQ,jondurbin/airoboros-l2-13b-2.1,GPTQ,harness_hendrycksTest_high_school_world_history_5,False,False,,237,acc_norm,0.6582278481012658,0.6877637130801688,0.029535864978903037,0.03375527426160337,0.06329113924050633,0.0970464135021097,0.1518987341772152,0.21003961563110352,False,0.0565557517811267,869,1.0
7,S1,TheBloke/Airoboros-L2-13B-2.1-GPTQ,jondurbin/airoboros-l2-13b-2.1,GPTQ,harness_hendrycksTest_human_aging_5,False,False,,223,acc_norm,0.5964125560538116,0.6278026905829597,0.03139013452914807,0.04932735426008968,0.08071748878923767,0.13004484304932734,0.17937219730941703,0.26493089646101,False,0.06754953183416965,1033,1.0
7,S1,TheBloke/Airoboros-L2-13B-2.1-GPTQ,jondurbin/airoboros-l2-13b-2.1,GPTQ,harness_hendrycksTest_human_sexuality_5,False,False,,131,acc_norm,0.5343511450381679,0.6030534351145038,0.06870229007633588,0.022900763358778626,0.0916030534351145,0.11450381679389313,0.1450381679389313,0.03515625,False,0.08141441651790873,184,1.0
7,S1,TheBloke/Airoboros-L2-13B-2.1-GPTQ,jondurbin/airoboros-l2-13b-2.1,GPTQ,harness_hendrycksTest_international_law_5,False,False,,121,acc_norm,0.71900826446281,0.743801652892562,0.024793388429751984,0.04132231404958678,0.06611570247933884,0.10743801652892562,0.12396694214876033,0.5810546875,False,0.08358843965182697,1376,1.0
7,S1,TheBloke/Airoboros-L2-13B-2.1-GPTQ,jondurbin/airoboros-l2-13b-2.1,GPTQ,harness_hendrycksTest_jurisprudence_5,False,False,,108,acc_norm,0.6018518518518519,0.6851851851851852,0.08333333333333337,0.037037037037037035,0.12037037037037036,0.1574074074074074,0.19444444444444445,0.049041748046875,False,0.10505742536355908,172,1.0
7,S1,TheBloke/Airoboros-L2-13B-2.1-GPTQ,jondurbin/airoboros-l2-13b-2.1,GPTQ,harness_hendrycksTest_logical_fallacies_5,False,False,,163,acc_norm,0.6196319018404908,0.6319018404907976,0.012269938650306789,0.06134969325153374,0.0736196319018405,0.13496932515337423,0.1901840490797546,0.8318119049072266,False,0.08082049692526443,7073,1.0
7,S1,TheBloke/Airoboros-L2-13B-2.1-GPTQ,jondurbin/airoboros-l2-13b-2.1,GPTQ,harness_hendrycksTest_machine_learning_5,False,False,,112,acc_norm,0.2857142857142857,0.33035714285714285,0.04464285714285715,0.017857142857142856,0.0625,0.08035714285714286,0.16071428571428573,0.1796875,False,0.07443909493685315,312,1.0
7,S1,TheBloke/Airoboros-L2-13B-2.1-GPTQ,jondurbin/airoboros-l2-13b-2.1,GPTQ,harness_hendrycksTest_management_5,False,False,,103,acc_norm,0.6213592233009708,0.6407766990291263,0.019417475728155442,0.038834951456310676,0.05825242718446602,0.0970873786407767,0.14563106796116504,0.75390625,False,0.08626610846467112,2033,1.0
7,S1,TheBloke/Airoboros-L2-13B-2.1-GPTQ,jondurbin/airoboros-l2-13b-2.1,GPTQ,harness_hendrycksTest_marketing_5,False,False,,234,acc_norm,0.7094017094017094,0.7350427350427351,0.02564102564102566,0.038461538461538464,0.0641025641025641,0.10256410256410256,0.11965811965811966,0.30745625495910645,False,0.058590488483137776,1222,1.0
7,S1,TheBloke/Airoboros-L2-13B-2.1-GPTQ,jondurbin/airoboros-l2-13b-2.1,GPTQ,harness_hendrycksTest_medical_genetics_5,False,False,,100,acc_norm,0.53,0.52,-0.010000000000000009,0.08,0.07,0.15,0.2,1.0,False,0.10901520013462902,11885,1.0
7,S1,TheBloke/Airoboros-L2-13B-2.1-GPTQ,jondurbin/airoboros-l2-13b-2.1,GPTQ,harness_hendrycksTest_miscellaneous_5,False,False,,783,acc_norm,0.685823754789272,0.7305236270753512,0.04469987228607919,0.031928480204342274,0.07662835249042145,0.10855683269476372,0.15197956577266922,0.00018679938527835335,False,0.03270355975348829,420,1.0
7,S1,TheBloke/Airoboros-L2-13B-2.1-GPTQ,jondurbin/airoboros-l2-13b-2.1,GPTQ,harness_hendrycksTest_moral_disputes_5,False,False,,346,acc_norm,0.5722543352601156,0.5982658959537572,0.026011560693641633,0.06069364161849711,0.08670520231213873,0.14739884393063585,0.2023121387283237,0.2624375357110438,False,0.057775307820439145,1707,1.0
7,S1,TheBloke/Airoboros-L2-13B-2.1-GPTQ,jondurbin/airoboros-l2-13b-2.1,GPTQ,harness_hendrycksTest_moral_scenarios_5,False,False,,895,acc_norm,0.3106145251396648,0.3217877094972067,0.011173184357541888,0.03240223463687151,0.04357541899441341,0.07597765363128492,0.1340782122905028,0.2749903961710005,False,0.0258060137997848,4775,1.0
7,S1,TheBloke/Airoboros-L2-13B-2.1-GPTQ,jondurbin/airoboros-l2-13b-2.1,GPTQ,harness_hendrycksTest_nutrition_5,False,False,,306,acc_norm,0.5718954248366013,0.5718954248366013,0.0,0.07516339869281045,0.07516339869281045,0.1503267973856209,0.21241830065359477,1.0,False,0.06219738420332803,,1.0
7,S1,TheBloke/Airoboros-L2-13B-2.1-GPTQ,jondurbin/airoboros-l2-13b-2.1,GPTQ,harness_hendrycksTest_philosophy_5,False,False,,311,acc_norm,0.5916398713826366,0.6205787781350482,0.02893890675241162,0.04823151125401929,0.07717041800643087,0.12540192926045016,0.16720257234726688,0.19959086691960698,False,0.05615909244324199,1172,1.0
7,S1,TheBloke/Airoboros-L2-13B-2.1-GPTQ,jondurbin/airoboros-l2-13b-2.1,GPTQ,harness_hendrycksTest_prehistory_5,False,False,,324,acc_norm,0.5895061728395061,0.6419753086419753,0.05246913580246915,0.040123456790123455,0.09259259259259259,0.13271604938271606,0.16358024691358025,0.0137181850586785,False,0.05619691893437681,372,1.0
7,S1,TheBloke/Airoboros-L2-13B-2.1-GPTQ,jondurbin/airoboros-l2-13b-2.1,GPTQ,harness_hendrycksTest_professional_accounting_5,False,False,,282,acc_norm,0.3900709219858156,0.38652482269503546,-0.003546099290780147,0.07801418439716312,0.07446808510638298,0.1524822695035461,0.25177304964539005,1.0,False,0.06525930475107065,95507,1.0
7,S1,TheBloke/Airoboros-L2-13B-2.1-GPTQ,jondurbin/airoboros-l2-13b-2.1,GPTQ,harness_hendrycksTest_professional_law_5,False,False,,1534,acc_norm,0.36571056062581486,0.38722294654498046,0.0215123859191656,0.05084745762711865,0.07235984354628422,0.12320730117340287,0.20208604954367665,0.019688345605355997,False,0.025068815440979438,2084,1.0
7,S1,TheBloke/Airoboros-L2-13B-2.1-GPTQ,jondurbin/airoboros-l2-13b-2.1,GPTQ,harness_hendrycksTest_professional_medicine_5,False,False,,272,acc_norm,0.4522058823529412,0.4852941176470588,0.03308823529411764,0.051470588235294115,0.08455882352941177,0.13602941176470587,0.22426470588235295,0.18774155899882317,False,0.0625145088386217,971,1.0
7,S1,TheBloke/Airoboros-L2-13B-2.1-GPTQ,jondurbin/airoboros-l2-13b-2.1,GPTQ,harness_hendrycksTest_professional_psychology_5,False,False,,610,acc_norm,0.48688524590163934,0.5377049180327869,0.05081967213114752,0.047540983606557376,0.09836065573770492,0.14590163934426228,0.19836065573770492,0.0013352623656219375,False,0.04297808653749612,437,1.0
7,S1,TheBloke/Airoboros-L2-13B-2.1-GPTQ,jondurbin/airoboros-l2-13b-2.1,GPTQ,harness_hendrycksTest_public_relations_5,False,False,,106,acc_norm,0.5943396226415094,0.6320754716981132,0.037735849056603765,0.05660377358490566,0.09433962264150944,0.1509433962264151,0.18867924528301888,0.454498291015625,False,0.10572019690992332,832,1.0
7,S1,TheBloke/Airoboros-L2-13B-2.1-GPTQ,jondurbin/airoboros-l2-13b-2.1,GPTQ,harness_hendrycksTest_security_studies_5,False,False,,245,acc_norm,0.5755102040816327,0.5795918367346938,0.004081632653061162,0.09387755102040816,0.09795918367346938,0.19183673469387755,0.24081632653061225,1.0,False,0.07855176582480673,90743,1.0
7,S1,TheBloke/Airoboros-L2-13B-2.1-GPTQ,jondurbin/airoboros-l2-13b-2.1,GPTQ,harness_hendrycksTest_sociology_5,False,False,,201,acc_norm,0.6666666666666666,0.6865671641791045,0.01990049751243783,0.05472636815920398,0.07462686567164178,0.12935323383084577,0.15422885572139303,0.557197093963623,False,0.07113963681753913,2569,1.0
7,S1,TheBloke/Airoboros-L2-13B-2.1-GPTQ,jondurbin/airoboros-l2-13b-2.1,GPTQ,harness_hendrycksTest_us_foreign_policy_5,False,False,,98,acc_norm,0.7244897959183674,0.7755102040816326,0.05102040816326525,0.04081632653061224,0.09183673469387756,0.1326530612244898,0.15306122448979592,0.266845703125,False,0.10258246097159304,397,1.0
7,S1,TheBloke/Airoboros-L2-13B-2.1-GPTQ,jondurbin/airoboros-l2-13b-2.1,GPTQ,harness_hendrycksTest_virology_5,False,False,,166,acc_norm,0.4397590361445783,0.46987951807228917,0.030120481927710885,0.03614457831325301,0.06626506024096386,0.10240963855421686,0.20481927710843373,0.332305908203125,False,0.06948643172836123,884,1.0
7,S1,TheBloke/Airoboros-L2-13B-2.1-GPTQ,jondurbin/airoboros-l2-13b-2.1,GPTQ,harness_hendrycksTest_world_religions_5,False,False,,171,acc_norm,0.695906432748538,0.7192982456140351,0.023391812865497075,0.04678362573099415,0.07017543859649122,0.11695906432748537,0.13450292397660818,0.5034446716308594,False,0.07331250210351423,1680,1.0
7,S1,TheBloke/Airoboros-L2-13B-2.1-GPTQ,jondurbin/airoboros-l2-13b-2.1,GPTQ,harness_truthfulqa_mc_0,False,True,no acc_norm or acc column in S1 rows,,,,,,,,,,,,,,
7,S1,TheBloke/Airoboros-L2-13B-2.1-GPTQ,jondurbin/airoboros-l2-13b-2.1,GPTQ,harness_winogrande_5,False,False,,1267,acc,0.7505919494869772,0.7434885556432518,-0.007103393843725381,0.03235990528808208,0.025256511444356748,0.05761641673243883,0.05761641673243883,0.34918183817058834,True,0.018891648423553085,8962,1.0
8,S1,TheBloke/OpenOrcaxOpenChat-Preview2-13B-GPTQ,Open-Orca/OpenOrcaxOpenChat-Preview2-13B,GPTQ,harness_arc_challenge_25,False,False,,1168,acc_norm,0.627568493150685,0.613013698630137,-0.014554794520547976,0.05051369863013699,0.03595890410958904,0.08647260273972603,0.10445205479452055,0.11091834966064022,False,0.02408657507762145,3199,1.0
8,S1,TheBloke/OpenOrcaxOpenChat-Preview2-13B-GPTQ,Open-Orca/OpenOrcaxOpenChat-Preview2-13B,GPTQ,harness_drop_3,False,True,no acc_norm or acc column in S1 rows,,,,,,,,,,,,,,
8,S1,TheBloke/OpenOrcaxOpenChat-Preview2-13B-GPTQ,Open-Orca/OpenOrcaxOpenChat-Preview2-13B,GPTQ,harness_gsm8k_5,False,False,,1319,acc,0.1508718726307809,0.1243366186504928,-0.026535253980288095,0.052312357846853674,0.02577710386656558,0.07808946171341925,0.7376800606520091,0.0007275705786733463,False,0.021467204097683826,864,1.0
8,S1,TheBloke/OpenOrcaxOpenChat-Preview2-13B-GPTQ,Open-Orca/OpenOrcaxOpenChat-Preview2-13B,GPTQ,harness_hellaswag_10,False,False,,9997,acc_norm,0.8196458937681305,0.8212463739121737,0.001600480144043237,0.014504351305391617,0.01610483144943483,0.030609182754826447,0.03581074322296689,0.3912072637464188,True,0.004902283330687198,93793,1.0
8,S1,TheBloke/OpenOrcaxOpenChat-Preview2-13B-GPTQ,Open-Orca/OpenOrcaxOpenChat-Preview2-13B,GPTQ,harness_hendrycksTest_5,False,True,"no parquet found for task harness_hendrycksTest_5 in runs ['2023_08_09T10_54_28.159442', '2023_08_09T11_01_47.680717', '2023_08_09T19_53_44.921082', '2023_09_17T22_24_47.406808', '2023_10_13T14_08_03.258972', '2023_10_14T08_18_52.745685', '2023_10_16T12_28_11.016345']",,,,,,,,,,,,,,
8,S1,TheBloke/OpenOrcaxOpenChat-Preview2-13B-GPTQ,Open-Orca/OpenOrcaxOpenChat-Preview2-13B,GPTQ,harness_hendrycksTest_abstract_algebra_5,False,False,,100,acc_norm,0.3,0.29,-0.010000000000000009,0.06,0.05,0.11,0.21,1.0,False,0.09334371602449879,8714,1.0
8,S1,TheBloke/OpenOrcaxOpenChat-Preview2-13B-GPTQ,Open-Orca/OpenOrcaxOpenChat-Preview2-13B,GPTQ,harness_hendrycksTest_anatomy_5,False,False,,135,acc_norm,0.4962962962962963,0.48148148148148145,-0.014814814814814836,0.05925925925925926,0.044444444444444446,0.1037037037037037,0.17037037037037037,0.79052734375,False,0.07785535939326779,3729,1.0
8,S1,TheBloke/OpenOrcaxOpenChat-Preview2-13B-GPTQ,Open-Orca/OpenOrcaxOpenChat-Preview2-13B,GPTQ,harness_hendrycksTest_astronomy_5,False,False,,152,acc_norm,0.5723684210526315,0.5789473684210527,0.006578947368421129,0.06578947368421052,0.07236842105263158,0.13815789473684212,0.16447368421052633,1.0,False,0.08472960422389994,25212,1.0
8,S1,TheBloke/OpenOrcaxOpenChat-Preview2-13B-GPTQ,Open-Orca/OpenOrcaxOpenChat-Preview2-13B,GPTQ,harness_hendrycksTest_business_ethics_5,False,False,,100,acc_norm,0.57,0.61,0.040000000000000036,0.04,0.08,0.12,0.14,0.3876953125,False,0.09688623759764642,587,1.0
8,S1,TheBloke/OpenOrcaxOpenChat-Preview2-13B-GPTQ,Open-Orca/OpenOrcaxOpenChat-Preview2-13B,GPTQ,harness_hendrycksTest_clinical_knowledge_5,False,False,,265,acc_norm,0.6415094339622641,0.6113207547169811,-0.030188679245283012,0.04905660377358491,0.018867924528301886,0.06792452830188679,0.1018867924528302,0.09625244140625,False,0.04463566005566582,580,1.0
8,S1,TheBloke/OpenOrcaxOpenChat-Preview2-13B-GPTQ,Open-Orca/OpenOrcaxOpenChat-Preview2-13B,GPTQ,harness_hendrycksTest_college_biology_5,False,False,,144,acc_norm,0.6458333333333334,0.625,-0.02083333333333337,0.0625,0.041666666666666664,0.10416666666666667,0.1388888888888889,0.6072387695312499,False,0.07545595701275118,1890,1.0
8,S1,TheBloke/OpenOrcaxOpenChat-Preview2-13B-GPTQ,Open-Orca/OpenOrcaxOpenChat-Preview2-13B,GPTQ,harness_hendrycksTest_college_chemistry_5,False,False,,100,acc_norm,0.45,0.35,-0.10000000000000003,0.11,0.01,0.12,0.2,0.00634765625,False,0.09338617393709894,88,1.0
8,S1,TheBloke/OpenOrcaxOpenChat-Preview2-13B-GPTQ,Open-Orca/OpenOrcaxOpenChat-Preview2-13B,GPTQ,harness_hendrycksTest_college_computer_science_5,False,False,,100,acc_norm,0.42,0.47,0.04999999999999999,0.02,0.07,0.09,0.17,0.1796875,False,0.08328950221575908,278,1.0
8,S1,TheBloke/OpenOrcaxOpenChat-Preview2-13B-GPTQ,Open-Orca/OpenOrcaxOpenChat-Preview2-13B,GPTQ,harness_hendrycksTest_college_mathematics_5,False,False,,100,acc_norm,0.3,0.32,0.020000000000000018,0.08,0.1,0.18,0.29,0.8145294189453125,False,0.11932718793593496,3560,1.0
8,S1,TheBloke/OpenOrcaxOpenChat-Preview2-13B-GPTQ,Open-Orca/OpenOrcaxOpenChat-Preview2-13B,GPTQ,harness_hendrycksTest_college_medicine_5,False,False,,173,acc_norm,0.5606936416184971,0.5722543352601156,0.011560693641618491,0.046242774566473986,0.057803468208092484,0.10404624277456648,0.17341040462427745,0.8145294189453125,False,0.06886106024964819,6138,1.0
8,S1,TheBloke/OpenOrcaxOpenChat-Preview2-13B-GPTQ,Open-Orca/OpenOrcaxOpenChat-Preview2-13B,GPTQ,harness_hendrycksTest_college_physics_5,False,False,,80,acc_norm,0.3375,0.325,-0.012500000000000011,0.075,0.0625,0.1375,0.25,1.0,False,0.1168139587643915,6987,1.0
8,S1,TheBloke/OpenOrcaxOpenChat-Preview2-13B-GPTQ,Open-Orca/OpenOrcaxOpenChat-Preview2-13B,GPTQ,harness_hendrycksTest_computer_security_5,False,False,,100,acc_norm,0.69,0.71,0.020000000000000018,0.03,0.05,0.08,0.11,0.7265625,False,0.07944064723345712,1578,1.0
8,S1,TheBloke/OpenOrcaxOpenChat-Preview2-13B-GPTQ,Open-Orca/OpenOrcaxOpenChat-Preview2-13B,GPTQ,harness_hendrycksTest_conceptual_physics_5,False,False,,235,acc_norm,0.4851063829787234,0.4595744680851064,-0.025531914893617003,0.06382978723404255,0.03829787234042553,0.10212765957446808,0.15319148936170213,0.30745625495910645,False,0.05834143534227551,1228,1.0
8,S1,TheBloke/OpenOrcaxOpenChat-Preview2-13B-GPTQ,Open-Orca/OpenOrcaxOpenChat-Preview2-13B,GPTQ,harness_hendrycksTest_econometrics_5,False,False,,114,acc_norm,0.2807017543859649,0.3157894736842105,0.03508771929824561,0.043859649122807015,0.07894736842105263,0.12280701754385964,0.16666666666666666,0.4239501953125,False,0.09189424367323293,782,1.0
8,S1,TheBloke/OpenOrcaxOpenChat-Preview2-13B-GPTQ,Open-Orca/OpenOrcaxOpenChat-Preview2-13B,GPTQ,harness_hendrycksTest_electrical_engineering_5,False,False,,145,acc_norm,0.5241379310344828,0.5103448275862069,-0.01379310344827589,0.05517241379310345,0.041379310344827586,0.09655172413793103,0.19310344827586207,0.79052734375,False,0.07247267798714106,4004,1.0
8,S1,TheBloke/OpenOrcaxOpenChat-Preview2-13B-GPTQ,Open-Orca/OpenOrcaxOpenChat-Preview2-13B,GPTQ,harness_hendrycksTest_elementary_mathematics_5,False,False,,376,acc_norm,0.34308510638297873,0.3351063829787234,-0.007978723404255317,0.05319148936170213,0.04521276595744681,0.09840425531914894,0.18617021276595744,0.7428293587290682,False,0.04536852081788589,12158,1.0
8,S1,TheBloke/OpenOrcaxOpenChat-Preview2-13B-GPTQ,Open-Orca/OpenOrcaxOpenChat-Preview2-13B,GPTQ,harness_hendrycksTest_formal_logic_5,False,False,,126,acc_norm,0.3888888888888889,0.3253968253968254,-0.06349206349206349,0.09523809523809523,0.031746031746031744,0.12698412698412698,0.25396825396825395,0.076812744140625,False,0.08786546107493845,242,1.0
8,S1,TheBloke/OpenOrcaxOpenChat-Preview2-13B-GPTQ,Open-Orca/OpenOrcaxOpenChat-Preview2-13B,GPTQ,harness_hendrycksTest_global_facts_5,False,False,,100,acc_norm,0.39,0.4,0.010000000000000009,0.05,0.06,0.11,0.15,1.0,False,0.09334371602449879,8714,1.0
8,S1,TheBloke/OpenOrcaxOpenChat-Preview2-13B-GPTQ,Open-Orca/OpenOrcaxOpenChat-Preview2-13B,GPTQ,harness_hendrycksTest_high_school_biology_5,False,False,,310,acc_norm,0.7064516129032258,0.6967741935483871,-0.009677419354838679,0.035483870967741936,0.025806451612903226,0.06129032258064516,0.09032258064516129,0.6476058959960938,False,0.03942652434742172,5146,1.0
8,S1,TheBloke/OpenOrcaxOpenChat-Preview2-13B-GPTQ,Open-Orca/OpenOrcaxOpenChat-Preview2-13B,GPTQ,harness_hendrycksTest_high_school_chemistry_5,False,False,,203,acc_norm,0.4827586206896552,0.45320197044334976,-0.029556650246305438,0.07881773399014778,0.04926108374384237,0.12807881773399016,0.19704433497536947,0.32693958282470703,False,0.07030409514136908,1149,1.0
8,S1,TheBloke/OpenOrcaxOpenChat-Preview2-13B-GPTQ,Open-Orca/OpenOrcaxOpenChat-Preview2-13B,GPTQ,harness_hendrycksTest_high_school_computer_science_5,False,False,,100,acc_norm,0.54,0.57,0.029999999999999916,0.03,0.06,0.09,0.16,0.5078125,False,0.08404755654338904,785,1.0
8,S1,TheBloke/OpenOrcaxOpenChat-Preview2-13B-GPTQ,Open-Orca/OpenOrcaxOpenChat-Preview2-13B,GPTQ,harness_hendrycksTest_high_school_european_history_5,False,False,,165,acc_norm,0.7212121212121212,0.7151515151515152,-0.006060606060605989,0.03636363636363636,0.030303030303030304,0.06666666666666667,0.10303030303030303,1.0,False,0.05646984691723202,14325,1.0
8,S1,TheBloke/OpenOrcaxOpenChat-Preview2-13B-GPTQ,Open-Orca/OpenOrcaxOpenChat-Preview2-13B,GPTQ,harness_hendrycksTest_high_school_geography_5,False,False,,198,acc_norm,0.7323232323232324,0.7575757575757576,0.025252525252525193,0.025252525252525252,0.050505050505050504,0.07575757575757576,0.08080808080808081,0.30175781249999994,False,0.05470766558454726,930,1.0
8,S1,TheBloke/OpenOrcaxOpenChat-Preview2-13B-GPTQ,Open-Orca/OpenOrcaxOpenChat-Preview2-13B,GPTQ,harness_hendrycksTest_high_school_government_and_politics_5,False,False,,193,acc_norm,0.7979274611398963,0.8082901554404145,0.010362694300518172,0.04145077720207254,0.05181347150259067,0.09326424870466321,0.10362694300518134,0.8145294189453125,False,0.06171072537482779,6845,1.0
8,S1,TheBloke/OpenOrcaxOpenChat-Preview2-13B-GPTQ,Open-Orca/OpenOrcaxOpenChat-Preview2-13B,GPTQ,harness_hendrycksTest_high_school_macroeconomics_5,False,False,,390,acc_norm,0.5564102564102564,0.5641025641025641,0.007692307692307665,0.038461538461538464,0.046153846153846156,0.08461538461538462,0.15384615384615385,0.7283324808813632,False,0.041304921271627645,11245,1.0
8,S1,TheBloke/OpenOrcaxOpenChat-Preview2-13B-GPTQ,Open-Orca/OpenOrcaxOpenChat-Preview2-13B,GPTQ,harness_hendrycksTest_high_school_mathematics_5,False,False,,270,acc_norm,0.27037037037037037,0.31851851851851853,0.04814814814814816,0.03333333333333333,0.08148148148148149,0.11481481481481481,0.2111111111111111,0.029449373483657837,False,0.057292442702069374,383,1.0
8,S1,TheBloke/OpenOrcaxOpenChat-Preview2-13B-GPTQ,Open-Orca/OpenOrcaxOpenChat-Preview2-13B,GPTQ,harness_hendrycksTest_high_school_microeconomics_5,False,False,,238,acc_norm,0.634453781512605,0.6176470588235294,-0.01680672268907557,0.046218487394957986,0.029411764705882353,0.07563025210084033,0.1134453781512605,0.480682373046875,False,0.04995338383573004,2103,1.0
8,S1,TheBloke/OpenOrcaxOpenChat-Preview2-13B-GPTQ,Open-Orca/OpenOrcaxOpenChat-Preview2-13B,GPTQ,harness_hendrycksTest_high_school_physics_5,False,False,,151,acc_norm,0.32450331125827814,0.3443708609271523,0.019867549668874163,0.0728476821192053,0.09271523178807947,0.16556291390728478,0.25165562913907286,0.6900379657745361,False,0.09296541627967958,3307,1.0
8,S1,TheBloke/OpenOrcaxOpenChat-Preview2-13B-GPTQ,Open-Orca/OpenOrcaxOpenChat-Preview2-13B,GPTQ,harness_hendrycksTest_high_school_psychology_5,False,False,,523,acc_norm,0.7590822179732314,0.7609942638623327,0.0019120458891013214,0.028680688336520075,0.030592734225621414,0.05927342256214149,0.0745697896749522,1.0,True,0.029852808459408263,127490,1.0
8,S1,TheBloke/OpenOrcaxOpenChat-Preview2-13B-GPTQ,Open-Orca/OpenOrcaxOpenChat-Preview2-13B,GPTQ,harness_hendrycksTest_high_school_statistics_5,False,False,,216,acc_norm,0.4166666666666667,0.4351851851851852,0.01851851851851849,0.07407407407407407,0.09259259259259259,0.16666666666666666,0.2638888888888889,0.617719317029696,False,0.0779222917227413,3825,1.0
8,S1,TheBloke/OpenOrcaxOpenChat-Preview2-13B-GPTQ,Open-Orca/OpenOrcaxOpenChat-Preview2-13B,GPTQ,harness_hendrycksTest_high_school_us_history_5,False,False,,204,acc_norm,0.7745098039215687,0.7696078431372549,-0.004901960784313708,0.03431372549019608,0.029411764705882353,0.06372549019607843,0.07352941176470588,1.0,False,0.04962842752155591,20910,1.0
8,S1,TheBloke/OpenOrcaxOpenChat-Preview2-13B-GPTQ,Open-Orca/OpenOrcaxOpenChat-Preview2-13B,GPTQ,harness_hendrycksTest_high_school_world_history_5,False,False,,237,acc_norm,0.7510548523206751,0.7763713080168776,0.025316455696202445,0.029535864978902954,0.05485232067510549,0.08438818565400844,0.09282700421940929,0.26317596435546875,False,0.05277559597530144,1030,1.0
8,S1,TheBloke/OpenOrcaxOpenChat-Preview2-13B-GPTQ,Open-Orca/OpenOrcaxOpenChat-Preview2-13B,GPTQ,harness_hendrycksTest_human_aging_5,False,False,,223,acc_norm,0.6636771300448431,0.6636771300448431,0.0,0.04932735426008968,0.04932735426008968,0.09865470852017937,0.14798206278026907,1.0,False,0.05905902309570235,,1.0
8,S1,TheBloke/OpenOrcaxOpenChat-Preview2-13B-GPTQ,Open-Orca/OpenOrcaxOpenChat-Preview2-13B,GPTQ,harness_hendrycksTest_human_sexuality_5,False,False,,131,acc_norm,0.6793893129770993,0.7022900763358778,0.022900763358778553,0.030534351145038167,0.05343511450381679,0.08396946564885496,0.12213740458015267,0.548828125,False,0.07097940827061915,1259,1.0
8,S1,TheBloke/OpenOrcaxOpenChat-Preview2-13B-GPTQ,Open-Orca/OpenOrcaxOpenChat-Preview2-13B,GPTQ,harness_hendrycksTest_international_law_5,False,False,,121,acc_norm,0.71900826446281,0.7355371900826446,0.016528925619834656,0.049586776859504134,0.06611570247933884,0.11570247933884298,0.11570247933884298,0.79052734375,False,0.0868902799085024,3344,1.0
8,S1,TheBloke/OpenOrcaxOpenChat-Preview2-13B-GPTQ,Open-Orca/OpenOrcaxOpenChat-Preview2-13B,GPTQ,harness_hendrycksTest_jurisprudence_5,False,False,,108,acc_norm,0.7592592592592593,0.7962962962962963,0.03703703703703698,0.027777777777777776,0.06481481481481481,0.09259259259259259,0.12037037037037036,0.34375,False,0.0818010742270838,527,1.0
8,S1,TheBloke/OpenOrcaxOpenChat-Preview2-13B-GPTQ,Open-Orca/OpenOrcaxOpenChat-Preview2-13B,GPTQ,harness_hendrycksTest_logical_fallacies_5,False,False,,163,acc_norm,0.656441717791411,0.6809815950920245,0.024539877300613466,0.024539877300613498,0.049079754601226995,0.0736196319018405,0.12883435582822086,0.3876953125,False,0.05947844291136882,958,1.0
8,S1,TheBloke/OpenOrcaxOpenChat-Preview2-13B-GPTQ,Open-Orca/OpenOrcaxOpenChat-Preview2-13B,GPTQ,harness_hendrycksTest_machine_learning_5,False,False,,112,acc_norm,0.35714285714285715,0.36607142857142855,0.008928571428571397,0.05357142857142857,0.0625,0.11607142857142858,0.25,1.0,False,0.09056404709764761,11524,1.0
8,S1,TheBloke/OpenOrcaxOpenChat-Preview2-13B-GPTQ,Open-Orca/OpenOrcaxOpenChat-Preview2-13B,GPTQ,harness_hendrycksTest_management_5,False,False,,103,acc_norm,0.7572815533980582,0.7475728155339806,-0.009708737864077666,0.02912621359223301,0.019417475728155338,0.04854368932038835,0.05825242718446602,1.0,False,0.06105877489445901,4074,1.0
8,S1,TheBloke/OpenOrcaxOpenChat-Preview2-13B-GPTQ,Open-Orca/OpenOrcaxOpenChat-Preview2-13B,GPTQ,harness_hendrycksTest_marketing_5,False,False,,234,acc_norm,0.8162393162393162,0.8418803418803419,0.02564102564102566,0.03418803418803419,0.05982905982905983,0.09401709401709402,0.11538461538461539,0.28627872467041016,False,0.056079669042001394,1120,1.0
8,S1,TheBloke/OpenOrcaxOpenChat-Preview2-13B-GPTQ,Open-Orca/OpenOrcaxOpenChat-Preview2-13B,GPTQ,harness_hendrycksTest_medical_genetics_5,False,False,,100,acc_norm,0.58,0.6,0.020000000000000018,0.06,0.08,0.14,0.17,0.79052734375,False,0.10520319976867147,2767,1.0
8,S1,TheBloke/OpenOrcaxOpenChat-Preview2-13B-GPTQ,Open-Orca/OpenOrcaxOpenChat-Preview2-13B,GPTQ,harness_hendrycksTest_miscellaneous_5,False,False,,783,acc_norm,0.7752234993614304,0.7637292464878672,-0.011494252873563204,0.04342273307790549,0.031928480204342274,0.07535121328224777,0.09961685823754789,0.2975952082844287,False,0.027476696328932033,4475,1.0
8,S1,TheBloke/OpenOrcaxOpenChat-Preview2-13B-GPTQ,Open-Orca/OpenOrcaxOpenChat-Preview2-13B,GPTQ,harness_hendrycksTest_moral_disputes_5,False,False,,346,acc_norm,0.6416184971098265,0.6473988439306358,0.005780346820809301,0.028901734104046242,0.03468208092485549,0.06358381502890173,0.07514450867052024,0.8318119049072266,False,0.03802361841262505,14972,1.0
8,S1,TheBloke/OpenOrcaxOpenChat-Preview2-13B-GPTQ,Open-Orca/OpenOrcaxOpenChat-Preview2-13B,GPTQ,harness_hendrycksTest_moral_scenarios_5,False,False,,895,acc_norm,0.4592178770949721,0.47374301675977654,0.014525139664804454,0.10391061452513967,0.11843575418994413,0.2223463687150838,0.3139664804469274,0.39501577812011157,False,0.04416151402886198,8274,1.0
8,S1,TheBloke/OpenOrcaxOpenChat-Preview2-13B-GPTQ,Open-Orca/OpenOrcaxOpenChat-Preview2-13B,GPTQ,harness_hendrycksTest_nutrition_5,False,False,,306,acc_norm,0.6274509803921569,0.6470588235294118,0.019607843137254943,0.06862745098039216,0.08823529411764706,0.1568627450980392,0.18627450980392157,0.470879013621712,False,0.06345720597009641,3205,1.0
8,S1,TheBloke/OpenOrcaxOpenChat-Preview2-13B-GPTQ,Open-Orca/OpenOrcaxOpenChat-Preview2-13B,GPTQ,harness_hendrycksTest_philosophy_5,False,False,,311,acc_norm,0.6495176848874598,0.6495176848874598,0.0,0.02572347266881029,0.02572347266881029,0.05144694533762058,0.08681672025723473,1.0,False,0.03609132174550372,,1.0
8,S1,TheBloke/OpenOrcaxOpenChat-Preview2-13B-GPTQ,Open-Orca/OpenOrcaxOpenChat-Preview2-13B,GPTQ,harness_hendrycksTest_prehistory_5,False,False,,324,acc_norm,0.6512345679012346,0.6759259259259259,0.024691358024691357,0.030864197530864196,0.05555555555555555,0.08641975308641975,0.10802469135802469,0.1849333420395851,False,0.04566376902197771,1109,1.0
8,S1,TheBloke/OpenOrcaxOpenChat-Preview2-13B-GPTQ,Open-Orca/OpenOrcaxOpenChat-Preview2-13B,GPTQ,harness_hendrycksTest_professional_accounting_5,False,False,,282,acc_norm,0.4219858156028369,0.46808510638297873,0.046099290780141855,0.05319148936170213,0.09929078014184398,0.1524822695035461,0.1950354609929078,0.0659940344557981,False,0.06480562205106492,558,1.0
8,S1,TheBloke/OpenOrcaxOpenChat-Preview2-13B-GPTQ,Open-Orca/OpenOrcaxOpenChat-Preview2-13B,GPTQ,harness_hendrycksTest_professional_law_5,False,False,,1534,acc_norm,0.4256844850065189,0.4348109517601043,0.009126466753585416,0.05541069100391134,0.06453715775749674,0.11994784876140809,0.18448500651890481,0.3378942799553433,False,0.02477297423928058,11303,1.0
8,S1,TheBloke/OpenOrcaxOpenChat-Preview2-13B-GPTQ,Open-Orca/OpenOrcaxOpenChat-Preview2-13B,GPTQ,harness_hendrycksTest_professional_medicine_5,False,False,,272,acc_norm,0.5698529411764706,0.5257352941176471,-0.044117647058823484,0.08455882352941177,0.04044117647058824,0.125,0.17279411764705882,0.05761267291381955,False,0.05969891146017971,499,1.0
8,S1,TheBloke/OpenOrcaxOpenChat-Preview2-13B-GPTQ,Open-Orca/OpenOrcaxOpenChat-Preview2-13B,GPTQ,harness_hendrycksTest_professional_psychology_5,False,False,,610,acc_norm,0.5836065573770491,0.5918032786885246,0.008196721311475419,0.047540983606557376,0.05573770491803279,0.10327868852459017,0.15245901639344261,0.6146550157654618,False,0.03647197157264865,12078,1.0
8,S1,TheBloke/OpenOrcaxOpenChat-Preview2-13B-GPTQ,Open-Orca/OpenOrcaxOpenChat-Preview2-13B,GPTQ,harness_hendrycksTest_public_relations_5,False,False,,106,acc_norm,0.5943396226415094,0.6226415094339622,0.028301886792452824,0.009433962264150943,0.03773584905660377,0.04716981132075472,0.09433962264150944,0.375,False,0.05887381571988869,459,1.0
8,S1,TheBloke/OpenOrcaxOpenChat-Preview2-13B-GPTQ,Open-Orca/OpenOrcaxOpenChat-Preview2-13B,GPTQ,harness_hendrycksTest_security_studies_5,False,False,,245,acc_norm,0.689795918367347,0.6938775510204082,0.004081632653061162,0.04081632653061224,0.044897959183673466,0.08571428571428572,0.11020408163265306,1.0,False,0.052504112247543,40541,1.0
8,S1,TheBloke/OpenOrcaxOpenChat-Preview2-13B-GPTQ,Open-Orca/OpenOrcaxOpenChat-Preview2-13B,GPTQ,harness_hendrycksTest_sociology_5,False,False,,201,acc_norm,0.7611940298507462,0.7512437810945274,-0.00995024875621886,0.03980099502487562,0.029850746268656716,0.06965174129353234,0.0845771144278607,0.79052734375,False,0.05224514537881194,5542,1.0
8,S1,TheBloke/OpenOrcaxOpenChat-Preview2-13B-GPTQ,Open-Orca/OpenOrcaxOpenChat-Preview2-13B,GPTQ,harness_hendrycksTest_us_foreign_policy_5,False,False,,98,acc_norm,0.8061224489795918,0.7857142857142857,-0.020408163265306145,0.030612244897959183,0.01020408163265306,0.04081632653061224,0.061224489795918366,0.625,False,0.05717520853291772,770,1.0
8,S1,TheBloke/OpenOrcaxOpenChat-Preview2-13B-GPTQ,Open-Orca/OpenOrcaxOpenChat-Preview2-13B,GPTQ,harness_hendrycksTest_virology_5,False,False,,166,acc_norm,0.5,0.45180722891566266,-0.04819277108433734,0.07228915662650602,0.024096385542168676,0.0963855421686747,0.1566265060240964,0.076812744140625,False,0.06689155250723874,320,1.0
8,S1,TheBloke/OpenOrcaxOpenChat-Preview2-13B-GPTQ,Open-Orca/OpenOrcaxOpenChat-Preview2-13B,GPTQ,harness_hendrycksTest_world_religions_5,False,False,,171,acc_norm,0.7660818713450293,0.7953216374269005,0.029239766081871288,0.017543859649122806,0.04678362573099415,0.06432748538011696,0.0935672514619883,0.2265625,False,0.054134265943564054,587,1.0
8,S1,TheBloke/OpenOrcaxOpenChat-Preview2-13B-GPTQ,Open-Orca/OpenOrcaxOpenChat-Preview2-13B,GPTQ,harness_truthfulqa_mc_0,False,True,no acc_norm or acc column in S1 rows,,,,,,,,,,,,,,
8,S1,TheBloke/OpenOrcaxOpenChat-Preview2-13B-GPTQ,Open-Orca/OpenOrcaxOpenChat-Preview2-13B,GPTQ,harness_winogrande_5,False,False,,1267,acc,0.7782162588792423,0.771112865035517,-0.00710339384372527,0.03867403314917127,0.03157063930544594,0.0702446724546172,0.0702446724546172,0.39657015814551605,True,0.02086112103916335,10928,1.0
9,S1,TheBloke/Genz-70b-GPTQ,budecosystem/genz-70b,GPTQ,harness_arc_challenge_25,False,True,no joinable items,,,,,,,,,,,,,,0.0
9,S1,TheBloke/Genz-70b-GPTQ,budecosystem/genz-70b,GPTQ,harness_hellaswag_10,False,True,no joinable items,,,,,,,,,,,,,,0.0
9,S1,TheBloke/Genz-70b-GPTQ,budecosystem/genz-70b,GPTQ,harness_hendrycksTest_5,False,True,"no parquet found for task harness_hendrycksTest_5 in runs ['2023_09_13T09_54_04.852738', '2023_10_23T19_01_32.642131']",,,,,,,,,,,,,,
9,S1,TheBloke/Genz-70b-GPTQ,budecosystem/genz-70b,GPTQ,harness_hendrycksTest_abstract_algebra_5,False,True,no joinable items,,,,,,,,,,,,,,0.0
9,S1,TheBloke/Genz-70b-GPTQ,budecosystem/genz-70b,GPTQ,harness_hendrycksTest_anatomy_5,False,True,no joinable items,,,,,,,,,,,,,,0.0
9,S1,TheBloke/Genz-70b-GPTQ,budecosystem/genz-70b,GPTQ,harness_hendrycksTest_astronomy_5,False,True,no joinable items,,,,,,,,,,,,,,0.0
9,S1,TheBloke/Genz-70b-GPTQ,budecosystem/genz-70b,GPTQ,harness_hendrycksTest_business_ethics_5,False,True,no joinable items,,,,,,,,,,,,,,0.0
9,S1,TheBloke/Genz-70b-GPTQ,budecosystem/genz-70b,GPTQ,harness_hendrycksTest_clinical_knowledge_5,False,True,no joinable items,,,,,,,,,,,,,,0.0
9,S1,TheBloke/Genz-70b-GPTQ,budecosystem/genz-70b,GPTQ,harness_hendrycksTest_college_biology_5,False,True,no joinable items,,,,,,,,,,,,,,0.0
9,S1,TheBloke/Genz-70b-GPTQ,budecosystem/genz-70b,GPTQ,harness_hendrycksTest_college_chemistry_5,False,True,no joinable items,,,,,,,,,,,,,,0.0
9,S1,TheBloke/Genz-70b-GPTQ,budecosystem/genz-70b,GPTQ,harness_hendrycksTest_college_computer_science_5,False,True,no joinable items,,,,,,,,,,,,,,0.0
9,S1,TheBloke/Genz-70b-GPTQ,budecosystem/genz-70b,GPTQ,harness_hendrycksTest_college_mathematics_5,False,True,no joinable items,,,,,,,,,,,,,,0.0
9,S1,TheBloke/Genz-70b-GPTQ,budecosystem/genz-70b,GPTQ,harness_hendrycksTest_college_medicine_5,False,True,no joinable items,,,,,,,,,,,,,,0.0
9,S1,TheBloke/Genz-70b-GPTQ,budecosystem/genz-70b,GPTQ,harness_hendrycksTest_college_physics_5,False,True,no joinable items,,,,,,,,,,,,,,0.0
9,S1,TheBloke/Genz-70b-GPTQ,budecosystem/genz-70b,GPTQ,harness_hendrycksTest_computer_security_5,False,True,no joinable items,,,,,,,,,,,,,,0.0
9,S1,TheBloke/Genz-70b-GPTQ,budecosystem/genz-70b,GPTQ,harness_hendrycksTest_conceptual_physics_5,False,True,no joinable items,,,,,,,,,,,,,,0.0
9,S1,TheBloke/Genz-70b-GPTQ,budecosystem/genz-70b,GPTQ,harness_hendrycksTest_econometrics_5,False,True,no joinable items,,,,,,,,,,,,,,0.0
9,S1,TheBloke/Genz-70b-GPTQ,budecosystem/genz-70b,GPTQ,harness_hendrycksTest_electrical_engineering_5,False,True,no joinable items,,,,,,,,,,,,,,0.0
9,S1,TheBloke/Genz-70b-GPTQ,budecosystem/genz-70b,GPTQ,harness_hendrycksTest_elementary_mathematics_5,False,True,no joinable items,,,,,,,,,,,,,,0.0
9,S1,TheBloke/Genz-70b-GPTQ,budecosystem/genz-70b,GPTQ,harness_hendrycksTest_formal_logic_5,False,True,no joinable items,,,,,,,,,,,,,,0.0
9,S1,TheBloke/Genz-70b-GPTQ,budecosystem/genz-70b,GPTQ,harness_hendrycksTest_global_facts_5,False,True,no joinable items,,,,,,,,,,,,,,0.0
9,S1,TheBloke/Genz-70b-GPTQ,budecosystem/genz-70b,GPTQ,harness_hendrycksTest_high_school_biology_5,False,True,no joinable items,,,,,,,,,,,,,,0.0
9,S1,TheBloke/Genz-70b-GPTQ,budecosystem/genz-70b,GPTQ,harness_hendrycksTest_high_school_chemistry_5,False,True,no joinable items,,,,,,,,,,,,,,0.0
9,S1,TheBloke/Genz-70b-GPTQ,budecosystem/genz-70b,GPTQ,harness_hendrycksTest_high_school_computer_science_5,False,True,no joinable items,,,,,,,,,,,,,,0.0
9,S1,TheBloke/Genz-70b-GPTQ,budecosystem/genz-70b,GPTQ,harness_hendrycksTest_high_school_european_history_5,False,True,no joinable items,,,,,,,,,,,,,,0.0
9,S1,TheBloke/Genz-70b-GPTQ,budecosystem/genz-70b,GPTQ,harness_hendrycksTest_high_school_geography_5,False,True,no joinable items,,,,,,,,,,,,,,0.0
9,S1,TheBloke/Genz-70b-GPTQ,budecosystem/genz-70b,GPTQ,harness_hendrycksTest_high_school_government_and_politics_5,False,True,no joinable items,,,,,,,,,,,,,,0.0
9,S1,TheBloke/Genz-70b-GPTQ,budecosystem/genz-70b,GPTQ,harness_hendrycksTest_high_school_macroeconomics_5,False,True,no joinable items,,,,,,,,,,,,,,0.0
9,S1,TheBloke/Genz-70b-GPTQ,budecosystem/genz-70b,GPTQ,harness_hendrycksTest_high_school_mathematics_5,False,True,no joinable items,,,,,,,,,,,,,,0.0
9,S1,TheBloke/Genz-70b-GPTQ,budecosystem/genz-70b,GPTQ,harness_hendrycksTest_high_school_microeconomics_5,False,True,no joinable items,,,,,,,,,,,,,,0.0
9,S1,TheBloke/Genz-70b-GPTQ,budecosystem/genz-70b,GPTQ,harness_hendrycksTest_high_school_physics_5,False,True,no joinable items,,,,,,,,,,,,,,0.0
9,S1,TheBloke/Genz-70b-GPTQ,budecosystem/genz-70b,GPTQ,harness_hendrycksTest_high_school_psychology_5,False,True,no joinable items,,,,,,,,,,,,,,0.0
9,S1,TheBloke/Genz-70b-GPTQ,budecosystem/genz-70b,GPTQ,harness_hendrycksTest_high_school_statistics_5,False,True,no joinable items,,,,,,,,,,,,,,0.0
9,S1,TheBloke/Genz-70b-GPTQ,budecosystem/genz-70b,GPTQ,harness_hendrycksTest_high_school_us_history_5,False,True,no joinable items,,,,,,,,,,,,,,0.0
9,S1,TheBloke/Genz-70b-GPTQ,budecosystem/genz-70b,GPTQ,harness_hendrycksTest_high_school_world_history_5,False,True,no joinable items,,,,,,,,,,,,,,0.0
9,S1,TheBloke/Genz-70b-GPTQ,budecosystem/genz-70b,GPTQ,harness_hendrycksTest_human_aging_5,False,True,no joinable items,,,,,,,,,,,,,,0.0
9,S1,TheBloke/Genz-70b-GPTQ,budecosystem/genz-70b,GPTQ,harness_hendrycksTest_human_sexuality_5,False,True,no joinable items,,,,,,,,,,,,,,0.0
9,S1,TheBloke/Genz-70b-GPTQ,budecosystem/genz-70b,GPTQ,harness_hendrycksTest_international_law_5,False,True,no joinable items,,,,,,,,,,,,,,0.0
9,S1,TheBloke/Genz-70b-GPTQ,budecosystem/genz-70b,GPTQ,harness_hendrycksTest_jurisprudence_5,False,True,no joinable items,,,,,,,,,,,,,,0.0
9,S1,TheBloke/Genz-70b-GPTQ,budecosystem/genz-70b,GPTQ,harness_hendrycksTest_logical_fallacies_5,False,True,no joinable items,,,,,,,,,,,,,,0.0
9,S1,TheBloke/Genz-70b-GPTQ,budecosystem/genz-70b,GPTQ,harness_hendrycksTest_machine_learning_5,False,True,no joinable items,,,,,,,,,,,,,,0.0
9,S1,TheBloke/Genz-70b-GPTQ,budecosystem/genz-70b,GPTQ,harness_hendrycksTest_management_5,False,True,no joinable items,,,,,,,,,,,,,,0.0
9,S1,TheBloke/Genz-70b-GPTQ,budecosystem/genz-70b,GPTQ,harness_hendrycksTest_marketing_5,False,True,no joinable items,,,,,,,,,,,,,,0.0
9,S1,TheBloke/Genz-70b-GPTQ,budecosystem/genz-70b,GPTQ,harness_hendrycksTest_medical_genetics_5,False,True,no joinable items,,,,,,,,,,,,,,0.0
9,S1,TheBloke/Genz-70b-GPTQ,budecosystem/genz-70b,GPTQ,harness_hendrycksTest_miscellaneous_5,False,True,no joinable items,,,,,,,,,,,,,,0.0
9,S1,TheBloke/Genz-70b-GPTQ,budecosystem/genz-70b,GPTQ,harness_hendrycksTest_moral_disputes_5,False,True,no joinable items,,,,,,,,,,,,,,0.0
9,S1,TheBloke/Genz-70b-GPTQ,budecosystem/genz-70b,GPTQ,harness_hendrycksTest_moral_scenarios_5,False,True,no joinable items,,,,,,,,,,,,,,0.0
9,S1,TheBloke/Genz-70b-GPTQ,budecosystem/genz-70b,GPTQ,harness_hendrycksTest_nutrition_5,False,True,no joinable items,,,,,,,,,,,,,,0.0
9,S1,TheBloke/Genz-70b-GPTQ,budecosystem/genz-70b,GPTQ,harness_hendrycksTest_philosophy_5,False,True,no joinable items,,,,,,,,,,,,,,0.0
9,S1,TheBloke/Genz-70b-GPTQ,budecosystem/genz-70b,GPTQ,harness_hendrycksTest_prehistory_5,False,True,no joinable items,,,,,,,,,,,,,,0.0
9,S1,TheBloke/Genz-70b-GPTQ,budecosystem/genz-70b,GPTQ,harness_hendrycksTest_professional_accounting_5,False,True,no joinable items,,,,,,,,,,,,,,0.0
9,S1,TheBloke/Genz-70b-GPTQ,budecosystem/genz-70b,GPTQ,harness_hendrycksTest_professional_law_5,False,True,no joinable items,,,,,,,,,,,,,,0.0
9,S1,TheBloke/Genz-70b-GPTQ,budecosystem/genz-70b,GPTQ,harness_hendrycksTest_professional_medicine_5,False,True,no joinable items,,,,,,,,,,,,,,0.0
9,S1,TheBloke/Genz-70b-GPTQ,budecosystem/genz-70b,GPTQ,harness_hendrycksTest_professional_psychology_5,False,True,no joinable items,,,,,,,,,,,,,,0.0
9,S1,TheBloke/Genz-70b-GPTQ,budecosystem/genz-70b,GPTQ,harness_hendrycksTest_public_relations_5,False,True,no joinable items,,,,,,,,,,,,,,0.0
9,S1,TheBloke/Genz-70b-GPTQ,budecosystem/genz-70b,GPTQ,harness_hendrycksTest_security_studies_5,False,True,no joinable items,,,,,,,,,,,,,,0.0
9,S1,TheBloke/Genz-70b-GPTQ,budecosystem/genz-70b,GPTQ,harness_hendrycksTest_sociology_5,False,True,no joinable items,,,,,,,,,,,,,,0.0
9,S1,TheBloke/Genz-70b-GPTQ,budecosystem/genz-70b,GPTQ,harness_hendrycksTest_us_foreign_policy_5,False,True,no joinable items,,,,,,,,,,,,,,0.0
9,S1,TheBloke/Genz-70b-GPTQ,budecosystem/genz-70b,GPTQ,harness_hendrycksTest_virology_5,False,True,no joinable items,,,,,,,,,,,,,,0.0
9,S1,TheBloke/Genz-70b-GPTQ,budecosystem/genz-70b,GPTQ,harness_hendrycksTest_world_religions_5,False,True,no joinable items,,,,,,,,,,,,,,0.0
9,S1,TheBloke/Genz-70b-GPTQ,budecosystem/genz-70b,GPTQ,harness_truthfulqa_mc_0,False,True,no acc_norm or acc column in S1 rows,,,,,,,,,,,,,,
10,S1,TheBloke/Llama-2-70B-chat-GPTQ,meta-llama/Llama-2-70b-chat-hf,GPTQ,harness_drop_3,False,True,no acc_norm or acc column in S1 rows,,,,,,,,,,,,,,
10,S1,TheBloke/Llama-2-70B-chat-GPTQ,meta-llama/Llama-2-70b-chat-hf,GPTQ,harness_gsm8k_5,False,True,no acc_norm or acc column in S1 rows,,,,,,,,,,,,,,
10,S1,TheBloke/Llama-2-70B-chat-GPTQ,meta-llama/Llama-2-70b-chat-hf,GPTQ,harness_winogrande_5,False,True,no acc_norm or acc column in S1 rows,,,,,,,,,,,,,,
11,S1,TheBloke/Lemur-70B-Chat-v1-GPTQ,OpenLemur/lemur-70b-chat-v1,GPTQ,harness_arc_challenge_25,False,False,,1168,acc_norm,0.6695205479452054,0.6532534246575342,-0.016267123287671215,0.031678082191780824,0.015410958904109588,0.04708904109589041,0.07962328767123288,0.014453833533827728,False,0.01774616932018423,1391,1.0
11,S1,TheBloke/Lemur-70B-Chat-v1-GPTQ,OpenLemur/lemur-70b-chat-v1,GPTQ,harness_hellaswag_10,False,False,,9997,acc_norm,0.857257177153146,0.8440532159647894,-0.013203961188356539,0.020606181854556368,0.00740222066619986,0.028008402520756228,0.03431029308792638,1.4429282901280671e-15,True,0.004674971600415573,1254,1.0
11,S1,TheBloke/Lemur-70B-Chat-v1-GPTQ,OpenLemur/lemur-70b-chat-v1,GPTQ,harness_hendrycksTest_5,False,True,"no parquet found for task harness_hendrycksTest_5 in runs ['2023_08_24T04_11_57.870589', '2023_09_17T13_31_04.707005']",,,,,,,,,,,,,,
11,S1,TheBloke/Lemur-70B-Chat-v1-GPTQ,OpenLemur/lemur-70b-chat-v1,GPTQ,harness_hendrycksTest_abstract_algebra_5,False,False,,100,acc_norm,0.31,0.29,-0.020000000000000018,0.07,0.05,0.12,0.22,0.7744140625,False,0.09737597738663026,2371,1.0
11,S1,TheBloke/Lemur-70B-Chat-v1-GPTQ,OpenLemur/lemur-70b-chat-v1,GPTQ,harness_hendrycksTest_anatomy_5,False,False,,135,acc_norm,0.562962962962963,0.5407407407407407,-0.022222222222222254,0.06666666666666667,0.044444444444444446,0.1111111111111111,0.17037037037037037,0.6072387695312499,False,0.08049389326372393,1772,1.0
11,S1,TheBloke/Lemur-70B-Chat-v1-GPTQ,OpenLemur/lemur-70b-chat-v1,GPTQ,harness_hendrycksTest_astronomy_5,False,False,,152,acc_norm,0.7236842105263158,0.6973684210526315,-0.026315789473684292,0.05921052631578947,0.03289473684210526,0.09210526315789473,0.125,0.4239501953125,False,0.06893165927184763,1043,1.0
11,S1,TheBloke/Lemur-70B-Chat-v1-GPTQ,OpenLemur/lemur-70b-chat-v1,GPTQ,harness_hendrycksTest_business_ethics_5,False,False,,100,acc_norm,0.64,0.67,0.030000000000000027,0.01,0.04,0.05,0.12,0.375,False,0.06239172398470196,433,1.0
11,S1,TheBloke/Lemur-70B-Chat-v1-GPTQ,OpenLemur/lemur-70b-chat-v1,GPTQ,harness_hendrycksTest_clinical_knowledge_5,False,False,,265,acc_norm,0.6943396226415094,0.6754716981132075,-0.018867924528301883,0.045283018867924525,0.026415094339622643,0.07169811320754717,0.10566037735849057,0.359283447265625,False,0.04605479599186941,1579,1.0
11,S1,TheBloke/Lemur-70B-Chat-v1-GPTQ,OpenLemur/lemur-70b-chat-v1,GPTQ,harness_hendrycksTest_college_biology_5,False,False,,144,acc_norm,0.7430555555555556,0.7430555555555556,0.0,0.013888888888888888,0.013888888888888888,0.027777777777777776,0.05555555555555555,1.0,False,0.03904672090001571,,1.0
11,S1,TheBloke/Lemur-70B-Chat-v1-GPTQ,OpenLemur/lemur-70b-chat-v1,GPTQ,harness_hendrycksTest_college_chemistry_5,False,False,,100,acc_norm,0.51,0.47,-0.040000000000000036,0.07,0.03,0.1,0.15,0.34375,False,0.08832502910422461,488,1.0
11,S1,TheBloke/Lemur-70B-Chat-v1-GPTQ,OpenLemur/lemur-70b-chat-v1,GPTQ,harness_hendrycksTest_college_computer_science_5,False,False,,100,acc_norm,0.52,0.49,-0.030000000000000027,0.08,0.05,0.13,0.17,0.5810546875,False,0.10116944350961472,1138,1.0
11,S1,TheBloke/Lemur-70B-Chat-v1-GPTQ,OpenLemur/lemur-70b-chat-v1,GPTQ,harness_hendrycksTest_college_mathematics_5,False,False,,100,acc_norm,0.32,0.3,-0.020000000000000018,0.06,0.04,0.1,0.26,0.75390625,False,0.0888619643179018,1975,1.0
11,S1,TheBloke/Lemur-70B-Chat-v1-GPTQ,OpenLemur/lemur-70b-chat-v1,GPTQ,harness_hendrycksTest_college_medicine_5,False,False,,173,acc_norm,0.6647398843930635,0.6358381502890174,-0.028901734104046173,0.06936416184971098,0.04046242774566474,0.10982658959537572,0.16184971098265896,0.359283447265625,False,0.07052376491249891,1031,1.0
11,S1,TheBloke/Lemur-70B-Chat-v1-GPTQ,OpenLemur/lemur-70b-chat-v1,GPTQ,harness_hendrycksTest_college_physics_5,False,False,,80,acc_norm,0.3625,0.425,0.0625,0.025,0.0875,0.1125,0.2125,0.1796875,False,0.1038706159428838,221,1.0
11,S1,TheBloke/Lemur-70B-Chat-v1-GPTQ,OpenLemur/lemur-70b-chat-v1,GPTQ,harness_hendrycksTest_computer_security_5,False,False,,100,acc_norm,0.76,0.78,0.020000000000000018,0.02,0.04,0.06,0.07,0.6875,False,0.06873997500221472,1182,1.0
11,S1,TheBloke/Lemur-70B-Chat-v1-GPTQ,OpenLemur/lemur-70b-chat-v1,GPTQ,harness_hendrycksTest_conceptual_physics_5,False,False,,235,acc_norm,0.5872340425531914,0.5914893617021276,0.004255319148936176,0.0425531914893617,0.04680851063829787,0.08936170212765958,0.11063829787234042,1.0,False,0.05474287712222656,38892,1.0
11,S1,TheBloke/Lemur-70B-Chat-v1-GPTQ,OpenLemur/lemur-70b-chat-v1,GPTQ,harness_hendrycksTest_econometrics_5,False,False,,114,acc_norm,0.37719298245614036,0.4298245614035088,0.05263157894736842,0.017543859649122806,0.07017543859649122,0.08771929824561403,0.12280701754385964,0.109375,False,0.07681469330693236,243,1.0
11,S1,TheBloke/Lemur-70B-Chat-v1-GPTQ,OpenLemur/lemur-70b-chat-v1,GPTQ,harness_hendrycksTest_electrical_engineering_5,False,False,,145,acc_norm,0.5517241379310345,0.5448275862068965,-0.006896551724137945,0.05517241379310345,0.04827586206896552,0.10344827586206896,0.13793103448275862,1.0,False,0.07507310160622342,17182,1.0
11,S1,TheBloke/Lemur-70B-Chat-v1-GPTQ,OpenLemur/lemur-70b-chat-v1,GPTQ,harness_hendrycksTest_elementary_mathematics_5,False,False,,376,acc_norm,0.449468085106383,0.4627659574468085,0.01329787234042551,0.0398936170212766,0.05319148936170213,0.09308510638297872,0.1276595744680851,0.4995598332025112,False,0.0440976450134787,4135,1.0
11,S1,TheBloke/Lemur-70B-Chat-v1-GPTQ,OpenLemur/lemur-70b-chat-v1,GPTQ,harness_hendrycksTest_formal_logic_5,False,False,,126,acc_norm,0.5317460317460317,0.47619047619047616,-0.05555555555555558,0.0873015873015873,0.031746031746031744,0.11904761904761904,0.15873015873015872,0.11846923828124999,False,0.0853306747712063,298,1.0
11,S1,TheBloke/Lemur-70B-Chat-v1-GPTQ,OpenLemur/lemur-70b-chat-v1,GPTQ,harness_hendrycksTest_global_facts_5,False,False,,100,acc_norm,0.5,0.5,0.0,0.07,0.07,0.14,0.16,1.0,False,0.1053538128733759,,1.0
11,S1,TheBloke/Lemur-70B-Chat-v1-GPTQ,OpenLemur/lemur-70b-chat-v1,GPTQ,harness_hendrycksTest_high_school_biology_5,False,False,,310,acc_norm,0.7677419354838709,0.7612903225806451,-0.006451612903225823,0.035483870967741936,0.02903225806451613,0.06451612903225806,0.08709677419354839,0.8238029479980469,False,0.04046863987633204,12198,1.0
11,S1,TheBloke/Lemur-70B-Chat-v1-GPTQ,OpenLemur/lemur-70b-chat-v1,GPTQ,harness_hendrycksTest_high_school_chemistry_5,False,False,,203,acc_norm,0.5073891625615764,0.4630541871921182,-0.044334975369458185,0.08374384236453201,0.03940886699507389,0.12315270935960591,0.17733990147783252,0.10775214433670044,False,0.06862089587662233,487,1.0
11,S1,TheBloke/Lemur-70B-Chat-v1-GPTQ,OpenLemur/lemur-70b-chat-v1,GPTQ,harness_hendrycksTest_high_school_computer_science_5,False,False,,100,acc_norm,0.77,0.72,-0.050000000000000044,0.07,0.02,0.09,0.13,0.1796875,False,0.08328950221575908,278,1.0
11,S1,TheBloke/Lemur-70B-Chat-v1-GPTQ,OpenLemur/lemur-70b-chat-v1,GPTQ,harness_hendrycksTest_high_school_european_history_5,False,False,,165,acc_norm,0.793939393939394,0.7878787878787878,-0.0060606060606061,0.024242424242424242,0.01818181818181818,0.04242424242424243,0.048484848484848485,1.0,False,0.04504025840320216,9113,1.0
11,S1,TheBloke/Lemur-70B-Chat-v1-GPTQ,OpenLemur/lemur-70b-chat-v1,GPTQ,harness_hendrycksTest_high_school_geography_5,False,False,,198,acc_norm,0.8484848484848485,0.8131313131313131,-0.03535353535353536,0.05555555555555555,0.020202020202020204,0.07575757575757576,0.09595959595959595,0.11846923828124999,False,0.05448429208038269,471,1.0
11,S1,TheBloke/Lemur-70B-Chat-v1-GPTQ,OpenLemur/lemur-70b-chat-v1,GPTQ,harness_hendrycksTest_high_school_government_and_politics_5,False,False,,193,acc_norm,0.9067357512953368,0.8963730569948186,-0.010362694300518172,0.015544041450777202,0.0051813471502590676,0.02072538860103627,0.02072538860103627,0.625,False,0.029031971172155113,1515,1.0
11,S1,TheBloke/Lemur-70B-Chat-v1-GPTQ,OpenLemur/lemur-70b-chat-v1,GPTQ,harness_hendrycksTest_high_school_macroeconomics_5,False,False,,390,acc_norm,0.6641025641025641,0.6615384615384615,-0.002564102564102555,0.04871794871794872,0.046153846153846156,0.09487179487179487,0.11025641025641025,1.0,False,0.04375045221105984,113543,1.0
11,S1,TheBloke/Lemur-70B-Chat-v1-GPTQ,OpenLemur/lemur-70b-chat-v1,GPTQ,harness_hendrycksTest_high_school_mathematics_5,False,False,,270,acc_norm,0.26296296296296295,0.3,0.037037037037037035,0.037037037037037035,0.07407407407407407,0.1111111111111111,0.2037037037037037,0.09873714670538905,False,0.05658599106106376,631,1.0
11,S1,TheBloke/Lemur-70B-Chat-v1-GPTQ,OpenLemur/lemur-70b-chat-v1,GPTQ,harness_hendrycksTest_high_school_microeconomics_5,False,False,,238,acc_norm,0.7016806722689075,0.6596638655462185,-0.04201680672268904,0.07142857142857142,0.029411764705882353,0.10084033613445378,0.12184873949579832,0.06391465663909912,False,0.05728112493336915,443,1.0
11,S1,TheBloke/Lemur-70B-Chat-v1-GPTQ,OpenLemur/lemur-70b-chat-v1,GPTQ,harness_hendrycksTest_high_school_physics_5,False,False,,151,acc_norm,0.4370860927152318,0.41721854304635764,-0.019867549668874163,0.08609271523178808,0.06622516556291391,0.152317880794702,0.2185430463576159,0.6776394844055176,False,0.0891600292219925,3042,1.0
11,S1,TheBloke/Lemur-70B-Chat-v1-GPTQ,OpenLemur/lemur-70b-chat-v1,GPTQ,harness_hendrycksTest_high_school_psychology_5,False,False,,523,acc_norm,0.8298279158699808,0.8279158699808795,-0.0019120458891013214,0.021032504780114723,0.019120458891013385,0.040152963671128104,0.0497131931166348,1.0,True,0.02457013918127142,86362,1.0
11,S1,TheBloke/Lemur-70B-Chat-v1-GPTQ,OpenLemur/lemur-70b-chat-v1,GPTQ,harness_hendrycksTest_high_school_statistics_5,False,False,,216,acc_norm,0.5509259259259259,0.5231481481481481,-0.02777777777777779,0.0787037037037037,0.05092592592592592,0.12962962962962962,0.1574074074074074,0.34492845088243484,False,0.06858676862730935,1317,1.0
11,S1,TheBloke/Lemur-70B-Chat-v1-GPTQ,OpenLemur/lemur-70b-chat-v1,GPTQ,harness_hendrycksTest_high_school_us_history_5,False,False,,204,acc_norm,0.8578431372549019,0.8382352941176471,-0.019607843137254832,0.0392156862745098,0.0196078431372549,0.058823529411764705,0.08333333333333333,0.3876953125,False,0.04753433649466376,1199,1.0
11,S1,TheBloke/Lemur-70B-Chat-v1-GPTQ,OpenLemur/lemur-70b-chat-v1,GPTQ,harness_hendrycksTest_high_school_world_history_5,False,False,,237,acc_norm,0.8438818565400844,0.8354430379746836,-0.008438818565400852,0.008438818565400843,0.0,0.008438818565400843,0.012658227848101266,0.5,True,0.01668201159686307,927,1.0
11,S1,TheBloke/Lemur-70B-Chat-v1-GPTQ,OpenLemur/lemur-70b-chat-v1,GPTQ,harness_hendrycksTest_human_aging_5,False,False,,223,acc_norm,0.7443946188340808,0.7309417040358744,-0.013452914798206317,0.026905829596412557,0.013452914798206279,0.04035874439461883,0.05829596412556054,0.5078125,False,0.03768948723918791,1751,1.0
11,S1,TheBloke/Lemur-70B-Chat-v1-GPTQ,OpenLemur/lemur-70b-chat-v1,GPTQ,harness_hendrycksTest_human_sexuality_5,False,False,,131,acc_norm,0.7786259541984732,0.7404580152671756,-0.03816793893129766,0.06870229007633588,0.030534351145038167,0.09923664122137404,0.11450381679389313,0.266845703125,False,0.07683460160115639,531,1.0
11,S1,TheBloke/Lemur-70B-Chat-v1-GPTQ,OpenLemur/lemur-70b-chat-v1,GPTQ,harness_hendrycksTest_international_law_5,False,False,,121,acc_norm,0.859504132231405,0.8429752066115702,-0.016528925619834767,0.03305785123966942,0.01652892561983471,0.049586776859504134,0.049586776859504134,0.6875,False,0.056793213488131,1429,1.0
11,S1,TheBloke/Lemur-70B-Chat-v1-GPTQ,OpenLemur/lemur-70b-chat-v1,GPTQ,harness_hendrycksTest_jurisprudence_5,False,False,,108,acc_norm,0.7962962962962963,0.7777777777777778,-0.01851851851851849,0.027777777777777776,0.009259259259259259,0.037037037037037035,0.05555555555555555,0.625,False,0.051881207742832745,848,1.0
11,S1,TheBloke/Lemur-70B-Chat-v1-GPTQ,OpenLemur/lemur-70b-chat-v1,GPTQ,harness_hendrycksTest_logical_fallacies_5,False,False,,163,acc_norm,0.8159509202453987,0.7852760736196319,-0.030674846625766805,0.04294478527607362,0.012269938650306749,0.05521472392638037,0.06748466257668712,0.1796875,False,0.051279213533612485,456,1.0
11,S1,TheBloke/Lemur-70B-Chat-v1-GPTQ,OpenLemur/lemur-70b-chat-v1,GPTQ,harness_hendrycksTest_machine_learning_5,False,False,,112,acc_norm,0.5357142857142857,0.49107142857142855,-0.04464285714285715,0.0625,0.017857142857142856,0.08035714285714286,0.14285714285714285,0.1796875,False,0.07443909493685315,312,1.0
11,S1,TheBloke/Lemur-70B-Chat-v1-GPTQ,OpenLemur/lemur-70b-chat-v1,GPTQ,harness_hendrycksTest_management_5,False,False,,103,acc_norm,0.7766990291262136,0.7864077669902912,0.009708737864077666,0.02912621359223301,0.038834951456310676,0.06796116504854369,0.06796116504854369,1.0,False,0.0722657933670856,5707,1.0
11,S1,TheBloke/Lemur-70B-Chat-v1-GPTQ,OpenLemur/lemur-70b-chat-v1,GPTQ,harness_hendrycksTest_marketing_5,False,False,,234,acc_norm,0.8675213675213675,0.8589743589743589,-0.008547008547008628,0.021367521367521368,0.01282051282051282,0.03418803418803419,0.05128205128205128,0.7265625,False,0.03389990298358403,3682,1.0
11,S1,TheBloke/Lemur-70B-Chat-v1-GPTQ,OpenLemur/lemur-70b-chat-v1,GPTQ,harness_hendrycksTest_medical_genetics_5,False,False,,100,acc_norm,0.64,0.62,-0.020000000000000018,0.05,0.03,0.08,0.1,0.7265625,False,0.07944064723345712,1578,1.0
11,S1,TheBloke/Lemur-70B-Chat-v1-GPTQ,OpenLemur/lemur-70b-chat-v1,GPTQ,harness_hendrycksTest_miscellaneous_5,False,False,,783,acc_norm,0.8109833971902938,0.8135376756066411,0.0025542784163473664,0.02681992337164751,0.02937420178799489,0.0561941251596424,0.06896551724137931,0.880395821280672,True,0.023747653576616894,67681,1.0
11,S1,TheBloke/Lemur-70B-Chat-v1-GPTQ,OpenLemur/lemur-70b-chat-v1,GPTQ,harness_hendrycksTest_moral_disputes_5,False,False,,346,acc_norm,0.7572254335260116,0.7427745664739884,-0.014450867052023142,0.03468208092485549,0.02023121387283237,0.05491329479768786,0.08092485549132948,0.359283447265625,False,0.03527814055254603,2063,1.0
11,S1,TheBloke/Lemur-70B-Chat-v1-GPTQ,OpenLemur/lemur-70b-chat-v1,GPTQ,harness_hendrycksTest_moral_scenarios_5,False,False,,895,acc_norm,0.5217877094972067,0.5072625698324023,-0.014525139664804398,0.07150837988826815,0.05698324022346369,0.12849162011173185,0.16759776536312848,0.2630539575429353,False,0.03355951204899257,4778,1.0
11,S1,TheBloke/Lemur-70B-Chat-v1-GPTQ,OpenLemur/lemur-70b-chat-v1,GPTQ,harness_hendrycksTest_nutrition_5,False,False,,306,acc_norm,0.7320261437908496,0.7058823529411765,-0.02614379084967311,0.06209150326797386,0.03594771241830065,0.09803921568627451,0.12091503267973856,0.20048842206597334,False,0.05005352286583666,1122,1.0
11,S1,TheBloke/Lemur-70B-Chat-v1-GPTQ,OpenLemur/lemur-70b-chat-v1,GPTQ,harness_hendrycksTest_philosophy_5,False,False,,311,acc_norm,0.7234726688102894,0.707395498392283,-0.01607717041800638,0.03536977491961415,0.01929260450160772,0.05466237942122187,0.07395498392282958,0.332305908203125,False,0.03711402220332466,1658,1.0
11,S1,TheBloke/Lemur-70B-Chat-v1-GPTQ,OpenLemur/lemur-70b-chat-v1,GPTQ,harness_hendrycksTest_prehistory_5,False,False,,324,acc_norm,0.75,0.7469135802469136,-0.0030864197530864335,0.033950617283950615,0.030864197530864196,0.06481481481481481,0.08024691358024691,1.0,False,0.0396833019355511,53562,1.0
11,S1,TheBloke/Lemur-70B-Chat-v1-GPTQ,OpenLemur/lemur-70b-chat-v1,GPTQ,harness_hendrycksTest_professional_accounting_5,False,False,,282,acc_norm,0.5035460992907801,0.49645390070921985,-0.007092198581560238,0.031914893617021274,0.024822695035460994,0.05673758865248227,0.12056737588652482,0.803619384765625,False,0.039791794283893386,8878,1.0
11,S1,TheBloke/Lemur-70B-Chat-v1-GPTQ,OpenLemur/lemur-70b-chat-v1,GPTQ,harness_hendrycksTest_professional_law_5,False,False,,1534,acc_norm,0.5182529335071708,0.49934810951760106,-0.018904823989569775,0.05541069100391134,0.03650586701434159,0.09191655801825294,0.1316818774445893,0.01805614505270095,False,0.021651284816700433,2013,1.0
11,S1,TheBloke/Lemur-70B-Chat-v1-GPTQ,OpenLemur/lemur-70b-chat-v1,GPTQ,harness_hendrycksTest_professional_medicine_5,False,False,,272,acc_norm,0.6764705882352942,0.6580882352941176,-0.018382352941176516,0.058823529411764705,0.04044117647058824,0.09926470588235294,0.125,0.44206833839416504,False,0.05352740155342906,2307,1.0
11,S1,TheBloke/Lemur-70B-Chat-v1-GPTQ,OpenLemur/lemur-70b-chat-v1,GPTQ,harness_hendrycksTest_professional_psychology_5,False,False,,610,acc_norm,0.7065573770491803,0.6852459016393443,-0.021311475409836023,0.05573770491803279,0.03442622950819672,0.09016393442622951,0.11475409836065574,0.10478948242660333,False,0.03400282711763035,1553,1.0
11,S1,TheBloke/Lemur-70B-Chat-v1-GPTQ,OpenLemur/lemur-70b-chat-v1,GPTQ,harness_hendrycksTest_public_relations_5,False,False,,106,acc_norm,0.7452830188679245,0.7075471698113207,-0.037735849056603765,0.04716981132075472,0.009433962264150943,0.05660377358490566,0.08490566037735849,0.21875,False,0.06422426861757666,308,1.0
11,S1,TheBloke/Lemur-70B-Chat-v1-GPTQ,OpenLemur/lemur-70b-chat-v1,GPTQ,harness_hendrycksTest_security_studies_5,False,False,,245,acc_norm,0.7755102040816326,0.7918367346938775,0.01632653061224487,0.0163265306122449,0.0326530612244898,0.04897959183673469,0.053061224489795916,0.3876953125,False,0.03958507972060461,1441,1.0
11,S1,TheBloke/Lemur-70B-Chat-v1-GPTQ,OpenLemur/lemur-70b-chat-v1,GPTQ,harness_hendrycksTest_sociology_5,False,False,,201,acc_norm,0.835820895522388,0.845771144278607,0.009950248756218971,0.009950248756218905,0.01990049751243781,0.029850746268656716,0.029850746268656716,0.6875,False,0.03417000291724919,2371,1.0
11,S1,TheBloke/Lemur-70B-Chat-v1-GPTQ,OpenLemur/lemur-70b-chat-v1,GPTQ,harness_hendrycksTest_us_foreign_policy_5,False,False,,98,acc_norm,0.8775510204081632,0.8571428571428571,-0.020408163265306145,0.030612244897959183,0.01020408163265306,0.04081632653061224,0.061224489795918366,0.625,False,0.05717520853291772,770,1.0
11,S1,TheBloke/Lemur-70B-Chat-v1-GPTQ,OpenLemur/lemur-70b-chat-v1,GPTQ,harness_hendrycksTest_virology_5,False,False,,166,acc_norm,0.5240963855421686,0.5120481927710844,-0.012048192771084265,0.030120481927710843,0.018072289156626505,0.04819277108433735,0.0783132530120482,0.7265625,False,0.047807691100055796,2614,1.0
11,S1,TheBloke/Lemur-70B-Chat-v1-GPTQ,OpenLemur/lemur-70b-chat-v1,GPTQ,harness_hendrycksTest_world_religions_5,False,False,,171,acc_norm,0.8128654970760234,0.783625730994152,-0.0292397660818714,0.04093567251461988,0.011695906432748537,0.05263157894736842,0.06432748538011696,0.1796875,False,0.048892945743881575,479,1.0
11,S1,TheBloke/Lemur-70B-Chat-v1-GPTQ,OpenLemur/lemur-70b-chat-v1,GPTQ,harness_truthfulqa_mc_0,False,True,no acc_norm or acc column in S1 rows,,,,,,,,,,,,,,
12,S1,TheBloke/OpenOrca-Platypus2-13B-GPTQ,Open-Orca/OpenOrca-Platypus2-13B,GPTQ,harness_arc_challenge_25,False,False,,1168,acc_norm,0.6147260273972602,0.625,0.010273972602739767,0.03339041095890411,0.04366438356164384,0.07705479452054795,0.1095890410958904,0.24610644971627832,False,0.022749432989506057,5727,1.0
12,S1,TheBloke/OpenOrca-Platypus2-13B-GPTQ,Open-Orca/OpenOrca-Platypus2-13B,GPTQ,harness_drop_3,False,True,no acc_norm or acc column in S1 rows,,,,,,,,,,,,,,
12,S1,TheBloke/OpenOrca-Platypus2-13B-GPTQ,Open-Orca/OpenOrca-Platypus2-13B,GPTQ,harness_gsm8k_5,False,False,,1319,acc,0.09021986353297953,0.09401061410159212,0.003790750568612583,0.032600454890068235,0.03639120545868082,0.06899166034874905,0.7695223654283548,0.6752224599160572,True,0.02026745408261222,37705,1.0
12,S1,TheBloke/OpenOrca-Platypus2-13B-GPTQ,Open-Orca/OpenOrca-Platypus2-13B,GPTQ,harness_hellaswag_10,False,False,,9997,acc_norm,0.8225467640292088,0.8265479643893168,0.0040012003601079815,0.01350405121536461,0.01750525157547264,0.031009302790837252,0.036210863258977696,0.02659652526906348,True,0.004933152894268475,15197,1.0
12,S1,TheBloke/OpenOrca-Platypus2-13B-GPTQ,Open-Orca/OpenOrca-Platypus2-13B,GPTQ,harness_hendrycksTest_5,False,True,"no parquet found for task harness_hendrycksTest_5 in runs ['2023_08_31T23_53_28.484029', '2023_09_22T19_55_50.660601']",,,,,,,,,,,,,,
12,S1,TheBloke/OpenOrca-Platypus2-13B-GPTQ,Open-Orca/OpenOrca-Platypus2-13B,GPTQ,harness_hendrycksTest_abstract_algebra_5,False,False,,100,acc_norm,0.27,0.27,0.0,0.02,0.02,0.04,0.12,1.0,False,0.056313981737495224,,1.0
12,S1,TheBloke/OpenOrca-Platypus2-13B-GPTQ,Open-Orca/OpenOrca-Platypus2-13B,GPTQ,harness_hendrycksTest_anatomy_5,False,False,,135,acc_norm,0.5037037037037037,0.4962962962962963,-0.007407407407407363,0.05925925925925926,0.05185185185185185,0.1111111111111111,0.17777777777777778,1.0,False,0.0806534452404334,16005,1.0
12,S1,TheBloke/OpenOrca-Platypus2-13B-GPTQ,Open-Orca/OpenOrca-Platypus2-13B,GPTQ,harness_hendrycksTest_astronomy_5,False,False,,152,acc_norm,0.618421052631579,0.6052631578947368,-0.013157894736842146,0.05921052631578947,0.046052631578947366,0.10526315789473684,0.14473684210526316,0.803619384765625,False,0.07390879419231405,4796,1.0
12,S1,TheBloke/OpenOrca-Platypus2-13B-GPTQ,Open-Orca/OpenOrca-Platypus2-13B,GPTQ,harness_hendrycksTest_business_ethics_5,False,False,,100,acc_norm,0.53,0.57,0.039999999999999925,0.01,0.05,0.06,0.09,0.21875,False,0.06804444302903198,290,1.0
12,S1,TheBloke/OpenOrca-Platypus2-13B-GPTQ,Open-Orca/OpenOrca-Platypus2-13B,GPTQ,harness_hendrycksTest_clinical_knowledge_5,False,False,,265,acc_norm,0.630188679245283,0.6415094339622641,0.01132075471698113,0.06792452830188679,0.07924528301886792,0.1471698113207547,0.18490566037735848,0.7492586247608418,False,0.06611835809514797,9040,1.0
12,S1,TheBloke/OpenOrca-Platypus2-13B-GPTQ,Open-Orca/OpenOrca-Platypus2-13B,GPTQ,harness_hendrycksTest_college_biology_5,False,False,,144,acc_norm,0.6666666666666666,0.6666666666666666,0.0,0.04861111111111111,0.04861111111111111,0.09722222222222222,0.13194444444444445,1.0,False,0.0730497258424221,,1.0
12,S1,TheBloke/OpenOrca-Platypus2-13B-GPTQ,Open-Orca/OpenOrca-Platypus2-13B,GPTQ,harness_hendrycksTest_college_chemistry_5,False,False,,100,acc_norm,0.44,0.4,-0.03999999999999998,0.09,0.05,0.14,0.26,0.4239501953125,False,0.10475006112357677,686,1.0
12,S1,TheBloke/OpenOrca-Platypus2-13B-GPTQ,Open-Orca/OpenOrca-Platypus2-13B,GPTQ,harness_hendrycksTest_college_computer_science_5,False,False,,100,acc_norm,0.44,0.41,-0.030000000000000027,0.09,0.06,0.15,0.22,0.6072387695312499,False,0.10872390983408661,1314,1.0
12,S1,TheBloke/OpenOrca-Platypus2-13B-GPTQ,Open-Orca/OpenOrca-Platypus2-13B,GPTQ,harness_hendrycksTest_college_mathematics_5,False,False,,100,acc_norm,0.34,0.32,-0.020000000000000018,0.11,0.09,0.2,0.35,0.8238029479980469,False,0.1257959063334869,3957,1.0
12,S1,TheBloke/OpenOrca-Platypus2-13B-GPTQ,Open-Orca/OpenOrca-Platypus2-13B,GPTQ,harness_hendrycksTest_college_medicine_5,False,False,,173,acc_norm,0.5606936416184971,0.5606936416184971,0.0,0.05202312138728324,0.05202312138728324,0.10404624277456648,0.1329479768786127,1.0,False,0.0689053296597172,,1.0
12,S1,TheBloke/OpenOrca-Platypus2-13B-GPTQ,Open-Orca/OpenOrca-Platypus2-13B,GPTQ,harness_hendrycksTest_college_physics_5,False,False,,80,acc_norm,0.375,0.35,-0.025000000000000022,0.075,0.05,0.125,0.275,0.75390625,False,0.11116212455777517,1582,1.0
12,S1,TheBloke/OpenOrca-Platypus2-13B-GPTQ,Open-Orca/OpenOrca-Platypus2-13B,GPTQ,harness_hendrycksTest_computer_security_5,False,False,,100,acc_norm,0.66,0.68,0.020000000000000018,0.02,0.04,0.06,0.13,0.6875,False,0.06873997500221474,1182,1.0
12,S1,TheBloke/OpenOrca-Platypus2-13B-GPTQ,Open-Orca/OpenOrca-Platypus2-13B,GPTQ,harness_hendrycksTest_conceptual_physics_5,False,False,,235,acc_norm,0.502127659574468,0.48936170212765956,-0.012765957446808474,0.08085106382978724,0.06808510638297872,0.14893617021276595,0.2127659574468085,0.735878800856881,False,0.07064123147593067,7196,1.0
12,S1,TheBloke/OpenOrca-Platypus2-13B-GPTQ,Open-Orca/OpenOrca-Platypus2-13B,GPTQ,harness_hendrycksTest_econometrics_5,False,False,,114,acc_norm,0.35964912280701755,0.32456140350877194,-0.03508771929824561,0.07017543859649122,0.03508771929824561,0.10526315789473684,0.18421052631578946,0.3876953125,False,0.08500571213648345,670,1.0
12,S1,TheBloke/OpenOrca-Platypus2-13B-GPTQ,Open-Orca/OpenOrca-Platypus2-13B,GPTQ,harness_hendrycksTest_electrical_engineering_5,False,False,,145,acc_norm,0.503448275862069,0.4827586206896552,-0.02068965517241378,0.07586206896551724,0.05517241379310345,0.1310344827586207,0.2,0.6476058959960938,False,0.08437326501893011,2412,1.0
12,S1,TheBloke/OpenOrca-Platypus2-13B-GPTQ,Open-Orca/OpenOrca-Platypus2-13B,GPTQ,harness_hendrycksTest_elementary_mathematics_5,False,False,,376,acc_norm,0.3377659574468085,0.3617021276595745,0.023936170212766006,0.05053191489361702,0.07446808510638298,0.125,0.21010638297872342,0.24296021728332556,False,0.051032356473645075,1710,1.0
12,S1,TheBloke/OpenOrca-Platypus2-13B-GPTQ,Open-Orca/OpenOrca-Platypus2-13B,GPTQ,harness_hendrycksTest_formal_logic_5,False,False,,126,acc_norm,0.38095238095238093,0.3492063492063492,-0.031746031746031744,0.10317460317460317,0.07142857142857142,0.1746031746031746,0.2857142857142857,0.5234670639038086,False,0.10440418133535367,1363,1.0
12,S1,TheBloke/OpenOrca-Platypus2-13B-GPTQ,Open-Orca/OpenOrca-Platypus2-13B,GPTQ,harness_hendrycksTest_global_facts_5,False,False,,100,acc_norm,0.39,0.46,0.07,0.02,0.09,0.11,0.19,0.0654296875,False,0.09128251517441088,171,1.0
12,S1,TheBloke/OpenOrca-Platypus2-13B-GPTQ,Open-Orca/OpenOrca-Platypus2-13B,GPTQ,harness_hendrycksTest_high_school_biology_5,False,False,,310,acc_norm,0.6935483870967742,0.6774193548387096,-0.016129032258064613,0.05806451612903226,0.041935483870967745,0.1,0.15483870967741936,0.47312965989112854,False,0.05033371229202475,3019,1.0
12,S1,TheBloke/OpenOrca-Platypus2-13B-GPTQ,Open-Orca/OpenOrca-Platypus2-13B,GPTQ,harness_hendrycksTest_high_school_chemistry_5,False,False,,203,acc_norm,0.42857142857142855,0.43349753694581283,0.004926108374384286,0.03940886699507389,0.04433497536945813,0.08374384236453201,0.15270935960591134,1.0,False,0.057035028407870995,27213,1.0
12,S1,TheBloke/OpenOrca-Platypus2-13B-GPTQ,Open-Orca/OpenOrca-Platypus2-13B,GPTQ,harness_hendrycksTest_high_school_computer_science_5,False,False,,100,acc_norm,0.57,0.64,0.07000000000000006,0.04,0.11,0.15,0.24,0.11846923828124999,False,0.10725559246816692,235,1.0
12,S1,TheBloke/OpenOrca-Platypus2-13B-GPTQ,Open-Orca/OpenOrca-Platypus2-13B,GPTQ,harness_hendrycksTest_high_school_european_history_5,False,False,,165,acc_norm,0.7212121212121212,0.7575757575757576,0.036363636363636376,0.0,0.03636363636363636,0.03636363636363636,0.06060606060606061,0.03125,False,0.040951720873899436,210,1.0
12,S1,TheBloke/OpenOrca-Platypus2-13B-GPTQ,Open-Orca/OpenOrca-Platypus2-13B,GPTQ,harness_hendrycksTest_high_school_geography_5,False,False,,198,acc_norm,0.7323232323232324,0.7575757575757576,0.025252525252525193,0.020202020202020204,0.045454545454545456,0.06565656565656566,0.10101010101010101,0.266845703125,False,0.05089679690552504,805,1.0
12,S1,TheBloke/OpenOrca-Platypus2-13B-GPTQ,Open-Orca/OpenOrca-Platypus2-13B,GPTQ,harness_hendrycksTest_high_school_government_and_politics_5,False,False,,193,acc_norm,0.844559585492228,0.844559585492228,0.0,0.031088082901554404,0.031088082901554404,0.06217616580310881,0.07253886010362694,1.0,False,0.05041562917656079,,1.0
12,S1,TheBloke/OpenOrca-Platypus2-13B-GPTQ,Open-Orca/OpenOrca-Platypus2-13B,GPTQ,harness_hendrycksTest_high_school_macroeconomics_5,False,False,,390,acc_norm,0.6051282051282051,0.6205128205128205,0.015384615384615441,0.035897435897435895,0.05128205128205128,0.08717948717948718,0.13846153846153847,0.39152830513194203,False,0.04188377808573573,2891,1.0
12,S1,TheBloke/OpenOrca-Platypus2-13B-GPTQ,Open-Orca/OpenOrca-Platypus2-13B,GPTQ,harness_hendrycksTest_high_school_mathematics_5,False,False,,270,acc_norm,0.34814814814814815,0.34814814814814815,0.0,0.08888888888888889,0.08888888888888889,0.17777777777777778,0.2777777777777778,1.0,False,0.07202220839899119,,1.0
12,S1,TheBloke/OpenOrca-Platypus2-13B-GPTQ,Open-Orca/OpenOrca-Platypus2-13B,GPTQ,harness_hendrycksTest_high_school_microeconomics_5,False,False,,238,acc_norm,0.6050420168067226,0.6050420168067226,0.0,0.06302521008403361,0.06302521008403361,0.12605042016806722,0.17647058823529413,1.0,False,0.06461030826441314,,1.0
12,S1,TheBloke/OpenOrca-Platypus2-13B-GPTQ,Open-Orca/OpenOrca-Platypus2-13B,GPTQ,harness_hendrycksTest_high_school_physics_5,False,False,,151,acc_norm,0.33774834437086093,0.33774834437086093,0.0,0.0728476821192053,0.0728476821192053,0.1456953642384106,0.2119205298013245,1.0,False,0.08731343507767367,,1.0
12,S1,TheBloke/OpenOrca-Platypus2-13B-GPTQ,Open-Orca/OpenOrca-Platypus2-13B,GPTQ,harness_hendrycksTest_high_school_psychology_5,False,False,,523,acc_norm,0.8030592734225621,0.8145315487571702,0.01147227533460804,0.019120458891013385,0.030592734225621414,0.0497131931166348,0.06118546845124283,0.32693958282470703,False,0.027304156651648544,2963,1.0
12,S1,TheBloke/OpenOrca-Platypus2-13B-GPTQ,Open-Orca/OpenOrca-Platypus2-13B,GPTQ,harness_hendrycksTest_high_school_statistics_5,False,False,,216,acc_norm,0.49074074074074076,0.4398148148148148,-0.05092592592592593,0.08796296296296297,0.037037037037037035,0.125,0.21296296296296297,0.052238985896110535,False,0.06684777188142667,373,1.0
12,S1,TheBloke/OpenOrca-Platypus2-13B-GPTQ,Open-Orca/OpenOrca-Platypus2-13B,GPTQ,harness_hendrycksTest_high_school_us_history_5,False,False,,204,acc_norm,0.7990196078431373,0.8284313725490197,0.02941176470588236,0.0196078431372549,0.049019607843137254,0.06862745098039216,0.0784313725490196,0.1795654296875,False,0.05118588364072062,618,1.0
12,S1,TheBloke/OpenOrca-Platypus2-13B-GPTQ,Open-Orca/OpenOrca-Platypus2-13B,GPTQ,harness_hendrycksTest_high_school_world_history_5,False,False,,237,acc_norm,0.7637130801687764,0.7721518987341772,0.008438818565400852,0.04219409282700422,0.05063291139240506,0.09282700421940929,0.0970464135021097,0.8318119049072266,False,0.05554159552796221,10267,1.0
12,S1,TheBloke/OpenOrca-Platypus2-13B-GPTQ,Open-Orca/OpenOrca-Platypus2-13B,GPTQ,harness_hendrycksTest_human_aging_5,False,False,,223,acc_norm,0.672645739910314,0.6367713004484304,-0.03587443946188351,0.06726457399103139,0.03139013452914798,0.09865470852017937,0.1210762331838565,0.13380050659179688,False,0.05867253862968301,597,1.0
12,S1,TheBloke/OpenOrca-Platypus2-13B-GPTQ,Open-Orca/OpenOrca-Platypus2-13B,GPTQ,harness_hendrycksTest_human_sexuality_5,False,False,,131,acc_norm,0.6564885496183206,0.6717557251908397,0.01526717557251911,0.03816793893129771,0.05343511450381679,0.0916030534351145,0.12213740458015267,0.7744140625,False,0.07427350084591883,3101,1.0
12,S1,TheBloke/OpenOrca-Platypus2-13B-GPTQ,Open-Orca/OpenOrca-Platypus2-13B,GPTQ,harness_hendrycksTest_international_law_5,False,False,,121,acc_norm,0.7107438016528925,0.6942148760330579,-0.016528925619834656,0.03305785123966942,0.01652892561983471,0.049586776859504134,0.09917355371900827,0.6875,False,0.056793213488131,1429,1.0
12,S1,TheBloke/OpenOrca-Platypus2-13B-GPTQ,Open-Orca/OpenOrca-Platypus2-13B,GPTQ,harness_hendrycksTest_jurisprudence_5,False,False,,108,acc_norm,0.7685185185185185,0.75,-0.01851851851851849,0.046296296296296294,0.027777777777777776,0.07407407407407407,0.08333333333333333,0.7265625,False,0.07354233564416011,1704,1.0
12,S1,TheBloke/OpenOrca-Platypus2-13B-GPTQ,Open-Orca/OpenOrca-Platypus2-13B,GPTQ,harness_hendrycksTest_logical_fallacies_5,False,False,,163,acc_norm,0.6871165644171779,0.7055214723926381,0.018404907975460127,0.04294478527607362,0.06134969325153374,0.10429447852760736,0.1411042944785276,0.629058837890625,False,0.07096930671960322,2424,1.0
12,S1,TheBloke/OpenOrca-Platypus2-13B-GPTQ,Open-Orca/OpenOrca-Platypus2-13B,GPTQ,harness_hendrycksTest_machine_learning_5,False,False,,112,acc_norm,0.375,0.4107142857142857,0.0357142857142857,0.07142857142857142,0.10714285714285714,0.17857142857142858,0.35714285714285715,0.5034446716308594,False,0.11196743174547766,1101,1.0
12,S1,TheBloke/OpenOrca-Platypus2-13B-GPTQ,Open-Orca/OpenOrca-Platypus2-13B,GPTQ,harness_hendrycksTest_management_5,False,False,,103,acc_norm,0.7864077669902912,0.7281553398058253,-0.058252427184465994,0.08737864077669903,0.02912621359223301,0.11650485436893204,0.1262135922330097,0.14599609375,False,0.09329473807039633,265,1.0
12,S1,TheBloke/OpenOrca-Platypus2-13B-GPTQ,Open-Orca/OpenOrca-Platypus2-13B,GPTQ,harness_hendrycksTest_marketing_5,False,False,,234,acc_norm,0.8247863247863247,0.8333333333333334,0.008547008547008628,0.02564102564102564,0.03418803418803419,0.05982905982905983,0.07264957264957266,0.79052734375,False,0.044865929220214346,6448,1.0
12,S1,TheBloke/OpenOrca-Platypus2-13B-GPTQ,Open-Orca/OpenOrca-Platypus2-13B,GPTQ,harness_hendrycksTest_medical_genetics_5,False,False,,100,acc_norm,0.59,0.59,0.0,0.04,0.04,0.08,0.13,1.0,False,0.07963999672439653,,1.0
12,S1,TheBloke/OpenOrca-Platypus2-13B-GPTQ,Open-Orca/OpenOrca-Platypus2-13B,GPTQ,harness_hendrycksTest_miscellaneous_5,False,False,,783,acc_norm,0.7879948914431673,0.7828863346104725,-0.005108556832694733,0.037037037037037035,0.031928480204342274,0.06896551724137931,0.09578544061302682,0.6834892282353371,False,0.02630475571980721,20761,1.0
12,S1,TheBloke/OpenOrca-Platypus2-13B-GPTQ,Open-Orca/OpenOrca-Platypus2-13B,GPTQ,harness_hendrycksTest_moral_disputes_5,False,False,,346,acc_norm,0.6647398843930635,0.6445086705202312,-0.020231213872832332,0.04335260115606936,0.023121387283236993,0.06647398843930635,0.09248554913294797,0.21003961563110352,False,0.03876849828440702,1271,1.0
12,S1,TheBloke/OpenOrca-Platypus2-13B-GPTQ,Open-Orca/OpenOrca-Platypus2-13B,GPTQ,harness_hendrycksTest_moral_scenarios_5,False,False,,895,acc_norm,0.4972067039106145,0.4793296089385475,-0.01787709497206702,0.0893854748603352,0.07150837988826815,0.16089385474860335,0.2446927374301676,0.21115264054329358,False,0.037546810281736995,3948,1.0
12,S1,TheBloke/OpenOrca-Platypus2-13B-GPTQ,Open-Orca/OpenOrca-Platypus2-13B,GPTQ,harness_hendrycksTest_nutrition_5,False,False,,306,acc_norm,0.6405228758169934,0.6372549019607843,-0.0032679738562091387,0.06535947712418301,0.06209150326797386,0.12745098039215685,0.1568627450980392,1.0,False,0.057267379602963964,93968,1.0
12,S1,TheBloke/OpenOrca-Platypus2-13B-GPTQ,Open-Orca/OpenOrca-Platypus2-13B,GPTQ,harness_hendrycksTest_philosophy_5,False,False,,311,acc_norm,0.6945337620578779,0.6945337620578779,0.0,0.05144694533762058,0.05144694533762058,0.10289389067524116,0.14790996784565916,1.0,False,0.051040836696462366,,1.0
12,S1,TheBloke/OpenOrca-Platypus2-13B-GPTQ,Open-Orca/OpenOrca-Platypus2-13B,GPTQ,harness_hendrycksTest_prehistory_5,False,False,,324,acc_norm,0.6635802469135802,0.7037037037037037,0.040123456790123524,0.037037037037037035,0.07716049382716049,0.11419753086419752,0.1419753086419753,0.04703102743951604,False,0.05230556916487228,551,1.0
12,S1,TheBloke/OpenOrca-Platypus2-13B-GPTQ,Open-Orca/OpenOrca-Platypus2-13B,GPTQ,harness_hendrycksTest_professional_accounting_5,False,False,,282,acc_norm,0.450354609929078,0.45390070921985815,0.003546099290780147,0.06382978723404255,0.0673758865248227,0.13120567375886524,0.1950354609929078,1.0,False,0.0605349478646522,82179,1.0
12,S1,TheBloke/OpenOrca-Platypus2-13B-GPTQ,Open-Orca/OpenOrca-Platypus2-13B,GPTQ,harness_hendrycksTest_professional_law_5,False,False,,1534,acc_norm,0.4595827900912647,0.4491525423728814,-0.010430247718383301,0.058018252933507174,0.04758800521512386,0.10560625814863103,0.17014341590612778,0.2385004996757818,False,0.023240944750193195,7617,1.0
12,S1,TheBloke/OpenOrca-Platypus2-13B-GPTQ,Open-Orca/OpenOrca-Platypus2-13B,GPTQ,harness_hendrycksTest_professional_medicine_5,False,False,,272,acc_norm,0.5919117647058824,0.5514705882352942,-0.0404411764705882,0.07720588235294118,0.03676470588235294,0.11397058823529412,0.16911764705882354,0.07075554598122835,False,0.0570396601123106,542,1.0
12,S1,TheBloke/OpenOrca-Platypus2-13B-GPTQ,Open-Orca/OpenOrca-Platypus2-13B,GPTQ,harness_hendrycksTest_professional_psychology_5,False,False,,610,acc_norm,0.6032786885245902,0.5754098360655737,-0.02786885245901649,0.07377049180327869,0.04590163934426229,0.11967213114754098,0.16065573770491803,0.060370037339928545,False,0.039145137550472636,1204,1.0
12,S1,TheBloke/OpenOrca-Platypus2-13B-GPTQ,Open-Orca/OpenOrca-Platypus2-13B,GPTQ,harness_hendrycksTest_public_relations_5,False,False,,106,acc_norm,0.6698113207547169,0.6415094339622641,-0.028301886792452824,0.0660377358490566,0.03773584905660377,0.10377358490566038,0.1509433962264151,0.548828125,False,0.08773441850577005,1019,1.0
12,S1,TheBloke/OpenOrca-Platypus2-13B-GPTQ,Open-Orca/OpenOrca-Platypus2-13B,GPTQ,harness_hendrycksTest_security_studies_5,False,False,,245,acc_norm,0.6653061224489796,0.6408163265306123,-0.024489795918367308,0.0326530612244898,0.00816326530612245,0.04081632653061224,0.07346938775510205,0.109375,False,0.03596760106866047,529,1.0
12,S1,TheBloke/OpenOrca-Platypus2-13B-GPTQ,Open-Orca/OpenOrca-Platypus2-13B,GPTQ,harness_hendrycksTest_sociology_5,False,False,,201,acc_norm,0.7412935323383084,0.7213930348258707,-0.01990049751243772,0.04975124378109453,0.029850746268656716,0.07960199004975124,0.11940298507462686,0.454498291015625,False,0.05575293966393967,1578,1.0
12,S1,TheBloke/OpenOrca-Platypus2-13B-GPTQ,Open-Orca/OpenOrca-Platypus2-13B,GPTQ,harness_hendrycksTest_us_foreign_policy_5,False,False,,98,acc_norm,0.826530612244898,0.8163265306122449,-0.010204081632653073,0.061224489795918366,0.05102040816326531,0.11224489795918367,0.1326530612244898,1.0,False,0.09525762429957073,8541,1.0
12,S1,TheBloke/OpenOrca-Platypus2-13B-GPTQ,Open-Orca/OpenOrca-Platypus2-13B,GPTQ,harness_hendrycksTest_virology_5,False,False,,166,acc_norm,0.5120481927710844,0.4939759036144578,-0.018072289156626564,0.05421686746987952,0.03614457831325301,0.09036144578313253,0.12650602409638553,0.6072387695312499,False,0.06544359665059937,2177,1.0
12,S1,TheBloke/OpenOrca-Platypus2-13B-GPTQ,Open-Orca/OpenOrca-Platypus2-13B,GPTQ,harness_hendrycksTest_world_religions_5,False,False,,171,acc_norm,0.783625730994152,0.7777777777777778,-0.005847953216374213,0.03508771929824561,0.029239766081871343,0.06432748538011696,0.0935672514619883,1.0,False,0.054483147745403075,14843,1.0
12,S1,TheBloke/OpenOrca-Platypus2-13B-GPTQ,Open-Orca/OpenOrca-Platypus2-13B,GPTQ,harness_truthfulqa_mc_0,False,True,no acc_norm or acc column in S1 rows,,,,,,,,,,,,,,
12,S1,TheBloke/OpenOrca-Platypus2-13B-GPTQ,Open-Orca/OpenOrca-Platypus2-13B,GPTQ,harness_winogrande_5,False,False,,1267,acc,0.7624309392265194,0.7679558011049724,0.0055248618784530246,0.02920284135753749,0.03472770323599053,0.06393054459352802,0.06393054459352802,0.5052364407669357,True,0.019903868015917505,16445,1.0
13,S1,TheBloke/Airoboros-L2-70B-2.1-GPTQ,jondurbin/airoboros-l2-70b-2.1,GPTQ,harness_drop_3,False,True,no acc_norm or acc column in S1 rows,,,,,,,,,,,,,,
13,S1,TheBloke/Airoboros-L2-70B-2.1-GPTQ,jondurbin/airoboros-l2-70b-2.1,GPTQ,harness_gsm8k_5,False,True,no acc_norm or acc column in S1 rows,,,,,,,,,,,,,,
13,S1,TheBloke/Airoboros-L2-70B-2.1-GPTQ,jondurbin/airoboros-l2-70b-2.1,GPTQ,harness_winogrande_5,False,True,no acc_norm or acc column in S1 rows,,,,,,,,,,,,,,
15,S1,TheBloke/manticore-13b-chat-pyg-GPTQ,openaccess-ai-collective/manticore-13b-chat-pyg,GPTQ,harness_drop_3,False,True,no acc_norm or acc column in S1 rows,,,,,,,,,,,,,,
15,S1,TheBloke/manticore-13b-chat-pyg-GPTQ,openaccess-ai-collective/manticore-13b-chat-pyg,GPTQ,harness_gsm8k_5,False,True,no acc_norm or acc column in S1 rows,,,,,,,,,,,,,,
15,S1,TheBloke/manticore-13b-chat-pyg-GPTQ,openaccess-ai-collective/manticore-13b-chat-pyg,GPTQ,harness_winogrande_5,False,True,no acc_norm or acc column in S1 rows,,,,,,,,,,,,,,
16,S1,TheBloke/Llama-2-7b-Chat-AWQ,meta-llama/Llama-2-7b-chat-hf,AWQ,harness_drop_3,False,True,no acc_norm or acc column in S1 rows,,,,,,,,,,,,,,
16,S1,TheBloke/Llama-2-7b-Chat-AWQ,meta-llama/Llama-2-7b-chat-hf,AWQ,harness_gsm8k_5,False,False,,1319,acc,0.07354056103108415,0.0,-0.07354056103108415,0.07354056103108415,0.0,0.07354056103108415,1.0,1.262177448353619e-29,False,0.02014293757008956,99,1.0
16,S1,TheBloke/Llama-2-7b-Chat-AWQ,meta-llama/Llama-2-7b-chat-hf,AWQ,harness_winogrande_5,False,False,,1267,acc,0.7174427782162589,0.47513812154696133,-0.24230465666929757,0.3812154696132597,0.13891081294396213,0.5201262825572218,0.5201262825572218,5.645096575428491e-34,False,0.05348508798278516,62,1.0
17,S1,TheBloke/Guanaco-3B-Uncensored-v2-GPTQ,Fredithefish/Guanaco-3B-Uncensored-v2,GPTQ,harness_arc_challenge_25,False,False,,1168,acc_norm,0.4212328767123288,0.4160958904109589,-0.0051369863013698835,0.04195205479452055,0.036815068493150686,0.07876712328767123,0.13527397260273974,0.6024122776961505,True,0.023012729917341566,23441,1.0
17,S1,TheBloke/Guanaco-3B-Uncensored-v2-GPTQ,Fredithefish/Guanaco-3B-Uncensored-v2,GPTQ,harness_drop_3,False,True,no acc_norm or acc column in S1 rows,,,,,,,,,,,,,,
17,S1,TheBloke/Guanaco-3B-Uncensored-v2-GPTQ,Fredithefish/Guanaco-3B-Uncensored-v2,GPTQ,harness_gsm8k_5,False,False,,1319,acc,0.003032600454890068,0.001516300227445034,-0.001516300227445034,0.003032600454890068,0.001516300227445034,0.004548900682335102,0.8991660348749052,0.6875,True,0.005203428344779869,15533,1.0
17,S1,TheBloke/Guanaco-3B-Uncensored-v2-GPTQ,Fredithefish/Guanaco-3B-Uncensored-v2,GPTQ,harness_hellaswag_10,False,False,,9997,acc_norm,0.6668000400120035,0.6469940982294689,-0.019805941782534697,0.038511553466039815,0.01870561168350505,0.05721716514954486,0.05101530459137742,8.733251034544513e-17,False,0.006679747017611979,1138,1.0
17,S1,TheBloke/Guanaco-3B-Uncensored-v2-GPTQ,Fredithefish/Guanaco-3B-Uncensored-v2,GPTQ,harness_hendrycksTest_5,False,True,"no parquet found for task harness_hendrycksTest_5 in runs ['2023_08_30T20_46_40.695179', '2023_10_14T16_41_50.908036']",,,,,,,,,,,,,,
17,S1,TheBloke/Guanaco-3B-Uncensored-v2-GPTQ,Fredithefish/Guanaco-3B-Uncensored-v2,GPTQ,harness_hendrycksTest_abstract_algebra_5,False,False,,100,acc_norm,0.24,0.28,0.040000000000000036,0.06,0.1,0.16,0.2,0.454498291015625,False,0.11206340872451874,785,1.0
17,S1,TheBloke/Guanaco-3B-Uncensored-v2-GPTQ,Fredithefish/Guanaco-3B-Uncensored-v2,GPTQ,harness_hendrycksTest_anatomy_5,False,False,,135,acc_norm,0.2518518518518518,0.24444444444444444,-0.00740740740740739,0.16296296296296298,0.15555555555555556,0.31851851851851853,0.6370370370370371,1.0,False,0.1365781958368948,45895,1.0
17,S1,TheBloke/Guanaco-3B-Uncensored-v2-GPTQ,Fredithefish/Guanaco-3B-Uncensored-v2,GPTQ,harness_hendrycksTest_astronomy_5,False,False,,152,acc_norm,0.26973684210526316,0.34868421052631576,0.0789473684210526,0.039473684210526314,0.11842105263157894,0.15789473684210525,0.2631578947368421,0.022655844688415527,False,0.08878790822258005,193,1.0
17,S1,TheBloke/Guanaco-3B-Uncensored-v2-GPTQ,Fredithefish/Guanaco-3B-Uncensored-v2,GPTQ,harness_hendrycksTest_business_ethics_5,False,False,,100,acc_norm,0.2,0.24,0.03999999999999998,0.06,0.1,0.16,0.27,0.454498291015625,False,0.11206340872451874,785,1.0
17,S1,TheBloke/Guanaco-3B-Uncensored-v2-GPTQ,Fredithefish/Guanaco-3B-Uncensored-v2,GPTQ,harness_hendrycksTest_clinical_knowledge_5,False,False,,265,acc_norm,0.27169811320754716,0.2943396226415094,0.02264150943396226,0.1018867924528302,0.12452830188679245,0.22641509433962265,0.4037735849056604,0.5189580031896519,False,0.08195252718339069,3472,1.0
17,S1,TheBloke/Guanaco-3B-Uncensored-v2-GPTQ,Fredithefish/Guanaco-3B-Uncensored-v2,GPTQ,harness_hendrycksTest_college_biology_5,False,False,,144,acc_norm,0.2638888888888889,0.24305555555555555,-0.020833333333333343,0.06944444444444445,0.04861111111111111,0.11805555555555555,0.25,0.629058837890625,False,0.08034876884702102,2142,1.0
17,S1,TheBloke/Guanaco-3B-Uncensored-v2-GPTQ,Fredithefish/Guanaco-3B-Uncensored-v2,GPTQ,harness_hendrycksTest_college_chemistry_5,False,False,,100,acc_norm,0.25,0.27,0.020000000000000018,0.05,0.07,0.12,0.33,0.7744140625,False,0.09737597738663026,2371,1.0
17,S1,TheBloke/Guanaco-3B-Uncensored-v2-GPTQ,Fredithefish/Guanaco-3B-Uncensored-v2,GPTQ,harness_hendrycksTest_college_computer_science_5,False,False,,100,acc_norm,0.23,0.23,0.0,0.05,0.05,0.1,0.13,1.0,False,0.0890402232018056,,1.0
17,S1,TheBloke/Guanaco-3B-Uncensored-v2-GPTQ,Fredithefish/Guanaco-3B-Uncensored-v2,GPTQ,harness_hendrycksTest_college_mathematics_5,False,False,,100,acc_norm,0.21,0.31,0.1,0.02,0.12,0.14,0.25,0.012939453125,False,0.10152147434004084,104,1.0
17,S1,TheBloke/Guanaco-3B-Uncensored-v2-GPTQ,Fredithefish/Guanaco-3B-Uncensored-v2,GPTQ,harness_hendrycksTest_college_medicine_5,False,False,,173,acc_norm,0.2774566473988439,0.2543352601156069,-0.023121387283236983,0.06358381502890173,0.04046242774566474,0.10404624277456648,0.23121387283236994,0.480682373046875,False,0.06872808092970299,1529,1.0
17,S1,TheBloke/Guanaco-3B-Uncensored-v2-GPTQ,Fredithefish/Guanaco-3B-Uncensored-v2,GPTQ,harness_hendrycksTest_college_physics_5,False,False,,80,acc_norm,0.1625,0.1,-0.0625,0.0875,0.025,0.1125,0.275,0.1796875,False,0.1038706159428838,221,1.0
17,S1,TheBloke/Guanaco-3B-Uncensored-v2-GPTQ,Fredithefish/Guanaco-3B-Uncensored-v2,GPTQ,harness_hendrycksTest_computer_security_5,False,False,,100,acc_norm,0.34,0.29,-0.050000000000000044,0.12,0.07,0.19,0.36,0.359283447265625,False,0.12192334693230951,595,1.0
17,S1,TheBloke/Guanaco-3B-Uncensored-v2-GPTQ,Fredithefish/Guanaco-3B-Uncensored-v2,GPTQ,harness_hendrycksTest_conceptual_physics_5,False,False,,235,acc_norm,0.2127659574468085,0.19574468085106383,-0.017021276595744678,0.1148936170212766,0.09787234042553192,0.2127659574468085,0.4425531914893617,0.6718110337653656,False,0.0844211158585104,5781,1.0
17,S1,TheBloke/Guanaco-3B-Uncensored-v2-GPTQ,Fredithefish/Guanaco-3B-Uncensored-v2,GPTQ,harness_hendrycksTest_econometrics_5,False,False,,114,acc_norm,0.23684210526315788,0.2631578947368421,0.02631578947368421,0.03508771929824561,0.06140350877192982,0.09649122807017543,0.20175438596491227,0.548828125,False,0.0815726253460682,1096,1.0
17,S1,TheBloke/Guanaco-3B-Uncensored-v2-GPTQ,Fredithefish/Guanaco-3B-Uncensored-v2,GPTQ,harness_hendrycksTest_electrical_engineering_5,False,False,,145,acc_norm,0.2620689655172414,0.2620689655172414,0.0,0.07586206896551724,0.07586206896551724,0.15172413793103448,0.31724137931034485,1.0,False,0.09093894897350711,,1.0
17,S1,TheBloke/Guanaco-3B-Uncensored-v2-GPTQ,Fredithefish/Guanaco-3B-Uncensored-v2,GPTQ,harness_hendrycksTest_elementary_mathematics_5,False,False,,376,acc_norm,0.26595744680851063,0.2632978723404255,-0.002659574468085124,0.015957446808510637,0.013297872340425532,0.02925531914893617,0.07446808510638298,1.0,True,0.02474218873765526,32542,1.0
17,S1,TheBloke/Guanaco-3B-Uncensored-v2-GPTQ,Fredithefish/Guanaco-3B-Uncensored-v2,GPTQ,harness_hendrycksTest_formal_logic_5,False,False,,126,acc_norm,0.23809523809523808,0.2698412698412698,0.031746031746031744,0.05555555555555555,0.0873015873015873,0.14285714285714285,0.31746031746031744,0.480682373046875,False,0.09437619826294107,1114,1.0
17,S1,TheBloke/Guanaco-3B-Uncensored-v2-GPTQ,Fredithefish/Guanaco-3B-Uncensored-v2,GPTQ,harness_hendrycksTest_global_facts_5,False,False,,100,acc_norm,0.3,0.3,0.0,0.03,0.03,0.06,0.11,1.0,False,0.06897026032063688,,1.0
17,S1,TheBloke/Guanaco-3B-Uncensored-v2-GPTQ,Fredithefish/Guanaco-3B-Uncensored-v2,GPTQ,harness_hendrycksTest_high_school_biology_5,False,False,,310,acc_norm,0.26129032258064516,0.2645161290322581,0.0032258064516129115,0.08387096774193549,0.08709677419354839,0.17096774193548386,0.3032258064516129,1.0,False,0.06589742865219594,129367,1.0
17,S1,TheBloke/Guanaco-3B-Uncensored-v2-GPTQ,Fredithefish/Guanaco-3B-Uncensored-v2,GPTQ,harness_hendrycksTest_high_school_chemistry_5,False,False,,203,acc_norm,0.26108374384236455,0.26108374384236455,0.0,0.07389162561576355,0.07389162561576355,0.1477832512315271,0.24630541871921183,1.0,False,0.07577758510465894,,1.0
17,S1,TheBloke/Guanaco-3B-Uncensored-v2-GPTQ,Fredithefish/Guanaco-3B-Uncensored-v2,GPTQ,harness_hendrycksTest_high_school_computer_science_5,False,False,,100,acc_norm,0.29,0.25,-0.03999999999999998,0.12,0.08,0.2,0.34,0.5034446716308594,False,0.1254171922588346,984,1.0
17,S1,TheBloke/Guanaco-3B-Uncensored-v2-GPTQ,Fredithefish/Guanaco-3B-Uncensored-v2,GPTQ,harness_hendrycksTest_high_school_european_history_5,False,False,,165,acc_norm,0.2727272727272727,0.26666666666666666,-0.006060606060606044,0.03636363636363636,0.030303030303030304,0.06666666666666667,0.1393939393939394,1.0,False,0.05646984691723202,14325,1.0
17,S1,TheBloke/Guanaco-3B-Uncensored-v2-GPTQ,Fredithefish/Guanaco-3B-Uncensored-v2,GPTQ,harness_hendrycksTest_high_school_geography_5,False,False,,198,acc_norm,0.3686868686868687,0.3383838383838384,-0.030303030303030276,0.11616161616161616,0.08585858585858586,0.20202020202020202,0.3181818181818182,0.42959050784338615,False,0.08951150140653755,1728,1.0
17,S1,TheBloke/Guanaco-3B-Uncensored-v2-GPTQ,Fredithefish/Guanaco-3B-Uncensored-v2,GPTQ,harness_hendrycksTest_high_school_government_and_politics_5,False,False,,193,acc_norm,0.29015544041450775,0.23316062176165803,-0.05699481865284972,0.09844559585492228,0.04145077720207254,0.13989637305699482,0.25906735751295334,0.052238985896110535,False,0.07474029455715814,332,1.0
17,S1,TheBloke/Guanaco-3B-Uncensored-v2-GPTQ,Fredithefish/Guanaco-3B-Uncensored-v2,GPTQ,harness_hendrycksTest_high_school_macroeconomics_5,False,False,,390,acc_norm,0.25384615384615383,0.2794871794871795,0.02564102564102566,0.08205128205128205,0.1076923076923077,0.18974358974358974,0.30512820512820515,0.29541328065567,False,0.06176733595219164,2264,1.0
17,S1,TheBloke/Guanaco-3B-Uncensored-v2-GPTQ,Fredithefish/Guanaco-3B-Uncensored-v2,GPTQ,harness_hendrycksTest_high_school_mathematics_5,False,False,,270,acc_norm,0.26296296296296295,0.26296296296296295,0.0,0.11481481481481481,0.11481481481481481,0.22962962962962963,0.3814814814814815,1.0,False,0.08185433036363521,,1.0
17,S1,TheBloke/Guanaco-3B-Uncensored-v2-GPTQ,Fredithefish/Guanaco-3B-Uncensored-v2,GPTQ,harness_hendrycksTest_high_school_microeconomics_5,False,False,,238,acc_norm,0.2184873949579832,0.24789915966386555,0.02941176470588236,0.13025210084033614,0.15966386554621848,0.28991596638655465,0.5462184873949579,0.47036853185814453,False,0.09784008878877162,2634,1.0
17,S1,TheBloke/Guanaco-3B-Uncensored-v2-GPTQ,Fredithefish/Guanaco-3B-Uncensored-v2,GPTQ,harness_hendrycksTest_high_school_physics_5,False,False,,151,acc_norm,0.2913907284768212,0.304635761589404,0.013245033112582794,0.006622516556291391,0.019867549668874173,0.026490066225165563,0.09271523178807947,0.625,False,0.037107088981628726,1186,1.0
17,S1,TheBloke/Guanaco-3B-Uncensored-v2-GPTQ,Fredithefish/Guanaco-3B-Uncensored-v2,GPTQ,harness_hendrycksTest_high_school_psychology_5,False,False,,523,acc_norm,0.26577437858508607,0.2676864244741874,0.0019120458891013214,0.0745697896749522,0.07648183556405354,0.15105162523900573,0.2944550669216061,1.0,False,0.04765692660929832,324906,1.0
17,S1,TheBloke/Guanaco-3B-Uncensored-v2-GPTQ,Fredithefish/Guanaco-3B-Uncensored-v2,GPTQ,harness_hendrycksTest_high_school_statistics_5,False,False,,216,acc_norm,0.2175925925925926,0.20833333333333334,-0.009259259259259245,0.046296296296296294,0.037037037037037035,0.08333333333333333,0.27314814814814814,0.8145294189453125,False,0.05512777530920382,7657,1.0
17,S1,TheBloke/Guanaco-3B-Uncensored-v2-GPTQ,Fredithefish/Guanaco-3B-Uncensored-v2,GPTQ,harness_hendrycksTest_high_school_us_history_5,False,False,,204,acc_norm,0.23039215686274508,0.25980392156862747,0.029411764705882387,0.029411764705882353,0.058823529411764705,0.08823529411764706,0.17647058823529413,0.237884521484375,False,0.05812160360341584,797,1.0
17,S1,TheBloke/Guanaco-3B-Uncensored-v2-GPTQ,Fredithefish/Guanaco-3B-Uncensored-v2,GPTQ,harness_hendrycksTest_high_school_world_history_5,False,False,,237,acc_norm,0.2616033755274262,0.2616033755274262,0.0,0.0,0.0,0.0,0.0,1.0,True,0.0,,1.0
17,S1,TheBloke/Guanaco-3B-Uncensored-v2-GPTQ,Fredithefish/Guanaco-3B-Uncensored-v2,GPTQ,harness_hendrycksTest_human_aging_5,False,False,,223,acc_norm,0.19730941704035873,0.18834080717488788,-0.00896860986547085,0.05829596412556054,0.04932735426008968,0.10762331838565023,0.273542600896861,0.8388197422027588,False,0.061662082265237894,10542,1.0
17,S1,TheBloke/Guanaco-3B-Uncensored-v2-GPTQ,Fredithefish/Guanaco-3B-Uncensored-v2,GPTQ,harness_hendrycksTest_human_sexuality_5,False,False,,131,acc_norm,0.2748091603053435,0.2366412213740458,-0.03816793893129772,0.11450381679389313,0.07633587786259542,0.19083969465648856,0.3893129770992366,0.42435622215270996,False,0.10693073351576216,1029,1.0
17,S1,TheBloke/Guanaco-3B-Uncensored-v2-GPTQ,Fredithefish/Guanaco-3B-Uncensored-v2,GPTQ,harness_hendrycksTest_international_law_5,False,False,,121,acc_norm,0.36363636363636365,0.38016528925619836,0.01652892561983471,0.01652892561983471,0.03305785123966942,0.049586776859504134,0.08264462809917356,0.6875,False,0.05679321348813102,1429,1.0
17,S1,TheBloke/Guanaco-3B-Uncensored-v2-GPTQ,Fredithefish/Guanaco-3B-Uncensored-v2,GPTQ,harness_hendrycksTest_jurisprudence_5,False,False,,108,acc_norm,0.24074074074074073,0.2777777777777778,0.03703703703703706,0.009259259259259259,0.046296296296296294,0.05555555555555555,0.1388888888888889,0.21875,False,0.06304443139216613,313,1.0
17,S1,TheBloke/Guanaco-3B-Uncensored-v2-GPTQ,Fredithefish/Guanaco-3B-Uncensored-v2,GPTQ,harness_hendrycksTest_logical_fallacies_5,False,False,,163,acc_norm,0.3128834355828221,0.2883435582822086,-0.024539877300613522,0.1411042944785276,0.1165644171779141,0.25766871165644173,0.5276073619631901,0.6439689563703723,False,0.1116012547481225,3372,1.0
17,S1,TheBloke/Guanaco-3B-Uncensored-v2-GPTQ,Fredithefish/Guanaco-3B-Uncensored-v2,GPTQ,harness_hendrycksTest_machine_learning_5,False,False,,112,acc_norm,0.22321428571428573,0.23214285714285715,0.008928571428571425,0.044642857142857144,0.05357142857142857,0.09821428571428571,0.19642857142857142,1.0,False,0.08330160164577709,9750,1.0
17,S1,TheBloke/Guanaco-3B-Uncensored-v2-GPTQ,Fredithefish/Guanaco-3B-Uncensored-v2,GPTQ,harness_hendrycksTest_management_5,False,False,,103,acc_norm,0.30097087378640774,0.32038834951456313,0.019417475728155387,0.10679611650485436,0.1262135922330097,0.23300970873786409,0.39805825242718446,0.8388197422027588,False,0.13379475985692812,4891,1.0
17,S1,TheBloke/Guanaco-3B-Uncensored-v2-GPTQ,Fredithefish/Guanaco-3B-Uncensored-v2,GPTQ,harness_hendrycksTest_marketing_5,False,False,,234,acc_norm,0.26495726495726496,0.2777777777777778,0.01282051282051283,0.05982905982905983,0.07264957264957266,0.13247863247863248,0.24358974358974358,0.720100131817162,False,0.0667619809141162,6346,1.0
17,S1,TheBloke/Guanaco-3B-Uncensored-v2-GPTQ,Fredithefish/Guanaco-3B-Uncensored-v2,GPTQ,harness_hendrycksTest_medical_genetics_5,False,False,,100,acc_norm,0.22,0.23,0.010000000000000009,0.05,0.06,0.11,0.35,1.0,False,0.09334371602449877,8714,1.0
17,S1,TheBloke/Guanaco-3B-Uncensored-v2-GPTQ,Fredithefish/Guanaco-3B-Uncensored-v2,GPTQ,harness_hendrycksTest_miscellaneous_5,False,False,,783,acc_norm,0.2260536398467433,0.2503192848020434,0.02426564495530012,0.06768837803320563,0.09195402298850575,0.15964240102171137,0.3384418901660281,0.10703141160601265,False,0.039955096547704586,2123,1.0
17,S1,TheBloke/Guanaco-3B-Uncensored-v2-GPTQ,Fredithefish/Guanaco-3B-Uncensored-v2,GPTQ,harness_hendrycksTest_moral_disputes_5,False,False,,346,acc_norm,0.27167630057803466,0.28034682080924855,0.008670520231213896,0.02601156069364162,0.03468208092485549,0.06069364161849711,0.10404624277456648,0.6636238098144531,False,0.037136139327881255,6348,1.0
17,S1,TheBloke/Guanaco-3B-Uncensored-v2-GPTQ,Fredithefish/Guanaco-3B-Uncensored-v2,GPTQ,harness_hendrycksTest_moral_scenarios_5,False,False,,895,acc_norm,0.2424581005586592,0.24804469273743016,0.005586592178770944,0.03240223463687151,0.03798882681564246,0.07039106145251396,0.13519553072625698,0.6146550157654618,False,0.02485407100917694,17715,1.0
17,S1,TheBloke/Guanaco-3B-Uncensored-v2-GPTQ,Fredithefish/Guanaco-3B-Uncensored-v2,GPTQ,harness_hendrycksTest_nutrition_5,False,False,,306,acc_norm,0.2777777777777778,0.2549019607843137,-0.022875816993464082,0.10457516339869281,0.08169934640522876,0.18627450980392157,0.3464052287581699,0.42704285650325524,False,0.06913846602455508,2796,1.0
17,S1,TheBloke/Guanaco-3B-Uncensored-v2-GPTQ,Fredithefish/Guanaco-3B-Uncensored-v2,GPTQ,harness_hendrycksTest_philosophy_5,False,False,,311,acc_norm,0.2958199356913183,0.2797427652733119,-0.016077170418006437,0.06430868167202572,0.04823151125401929,0.11254019292604502,0.24115755627009647,0.4995598332025112,False,0.05331844978629375,3421,1.0
17,S1,TheBloke/Guanaco-3B-Uncensored-v2-GPTQ,Fredithefish/Guanaco-3B-Uncensored-v2,GPTQ,harness_hendrycksTest_prehistory_5,False,False,,324,acc_norm,0.25308641975308643,0.25308641975308643,0.0,0.08950617283950617,0.08950617283950617,0.17901234567901234,0.3549382716049383,1.0,False,0.06595444464488932,,1.0
17,S1,TheBloke/Guanaco-3B-Uncensored-v2-GPTQ,Fredithefish/Guanaco-3B-Uncensored-v2,GPTQ,harness_hendrycksTest_professional_accounting_5,False,False,,282,acc_norm,0.2624113475177305,0.2695035460992908,0.007092198581560294,0.03546099290780142,0.0425531914893617,0.07801418439716312,0.14184397163120568,0.8318119049072266,False,0.04666566013621411,12210,1.0
17,S1,TheBloke/Guanaco-3B-Uncensored-v2-GPTQ,Fredithefish/Guanaco-3B-Uncensored-v2,GPTQ,harness_hendrycksTest_professional_law_5,False,False,,1534,acc_norm,0.27444589308996087,0.2711864406779661,-0.0032594524119947677,0.00651890482398957,0.003259452411994785,0.009778357235984355,0.020208604954367666,0.30175781249999994,True,0.007071794863413303,7221,1.0
17,S1,TheBloke/Guanaco-3B-Uncensored-v2-GPTQ,Fredithefish/Guanaco-3B-Uncensored-v2,GPTQ,harness_hendrycksTest_professional_medicine_5,False,False,,272,acc_norm,0.1875,0.16911764705882354,-0.01838235294117646,0.0661764705882353,0.04779411764705882,0.11397058823529412,0.27205882352941174,0.47312965989112854,False,0.05736814557371144,2650,1.0
17,S1,TheBloke/Guanaco-3B-Uncensored-v2-GPTQ,Fredithefish/Guanaco-3B-Uncensored-v2,GPTQ,harness_hendrycksTest_professional_psychology_5,False,False,,610,acc_norm,0.2573770491803279,0.23278688524590163,-0.024590163934426257,0.07868852459016394,0.054098360655737705,0.13278688524590163,0.28524590163934427,0.1192736683117644,False,0.041274487922091464,1719,1.0
17,S1,TheBloke/Guanaco-3B-Uncensored-v2-GPTQ,Fredithefish/Guanaco-3B-Uncensored-v2,GPTQ,harness_hendrycksTest_public_relations_5,False,False,,106,acc_norm,0.2830188679245283,0.3018867924528302,0.018867924528301883,0.12264150943396226,0.14150943396226415,0.2641509433962264,0.41509433962264153,0.8505540192127228,False,0.14042434995816439,5872,1.0
17,S1,TheBloke/Guanaco-3B-Uncensored-v2-GPTQ,Fredithefish/Guanaco-3B-Uncensored-v2,GPTQ,harness_hendrycksTest_security_studies_5,False,False,,245,acc_norm,0.2938775510204082,0.2571428571428571,-0.03673469387755107,0.09387755102040816,0.05714285714285714,0.1510204081632653,0.2693877551020408,0.18774155899882317,False,0.06938693617950625,875,1.0
17,S1,TheBloke/Guanaco-3B-Uncensored-v2-GPTQ,Fredithefish/Guanaco-3B-Uncensored-v2,GPTQ,harness_hendrycksTest_sociology_5,False,False,,201,acc_norm,0.25870646766169153,0.24378109452736318,-0.014925373134328346,0.014925373134328358,0.0,0.014925373134328358,0.04477611940298507,0.25,False,0.024020719097111717,521,1.0
17,S1,TheBloke/Guanaco-3B-Uncensored-v2-GPTQ,Fredithefish/Guanaco-3B-Uncensored-v2,GPTQ,harness_hendrycksTest_us_foreign_policy_5,False,False,,98,acc_norm,0.22448979591836735,0.23469387755102042,0.010204081632653073,0.061224489795918366,0.07142857142857142,0.1326530612244898,0.2653061224489796,1.0,False,0.10356335143813507,10095,1.0
17,S1,TheBloke/Guanaco-3B-Uncensored-v2-GPTQ,Fredithefish/Guanaco-3B-Uncensored-v2,GPTQ,harness_hendrycksTest_virology_5,False,False,,166,acc_norm,0.30120481927710846,0.2710843373493976,-0.030120481927710885,0.10843373493975904,0.0783132530120482,0.18674698795180722,0.37349397590361444,0.47312965989112854,False,0.09402236370339416,1618,1.0
17,S1,TheBloke/Guanaco-3B-Uncensored-v2-GPTQ,Fredithefish/Guanaco-3B-Uncensored-v2,GPTQ,harness_hendrycksTest_world_religions_5,False,False,,171,acc_norm,0.29239766081871343,0.30994152046783624,0.017543859649122806,0.023391812865497075,0.04093567251461988,0.06432748538011696,0.15789473684210525,0.548828125,False,0.054367102570529305,1643,1.0
17,S1,TheBloke/Guanaco-3B-Uncensored-v2-GPTQ,Fredithefish/Guanaco-3B-Uncensored-v2,GPTQ,harness_truthfulqa_mc_0,False,True,no acc_norm or acc column in S1 rows,,,,,,,,,,,,,,
17,S1,TheBloke/Guanaco-3B-Uncensored-v2-GPTQ,Fredithefish/Guanaco-3B-Uncensored-v2,GPTQ,harness_winogrande_5,False,False,,1267,acc,0.632991318074191,0.6432517758484609,0.010260457774269982,0.07261247040252565,0.08287292817679558,0.15548539857932123,0.15548539857932123,0.3926260446804678,False,0.031037355664266277,11594,1.0
18,S1,TheBloke/WizardLM-7B-uncensored-GPTQ,ehartford/WizardLM-7B-Uncensored,GPTQ,harness_drop_3,False,True,no acc_norm or acc column in S1 rows,,,,,,,,,,,,,,
18,S1,TheBloke/WizardLM-7B-uncensored-GPTQ,ehartford/WizardLM-7B-Uncensored,GPTQ,harness_gsm8k_5,False,True,no acc_norm or acc column in S1 rows,,,,,,,,,,,,,,
18,S1,TheBloke/WizardLM-7B-uncensored-GPTQ,ehartford/WizardLM-7B-Uncensored,GPTQ,harness_winogrande_5,False,False,,1267,acc,0.6842936069455406,0.4956590370955012,-0.18863456985003946,0.34333070244672453,0.15469613259668508,0.4980268350434096,0.4980268350434096,8.652634371079352e-22,False,0.05354469894351833,103,1.0
19,S1,TheBloke/WizardLM-33B-V1.0-Uncensored-GPTQ,ehartford/WizardLM-33b-V1.0-Uncensored,GPTQ,harness_drop_3,False,True,no acc_norm or acc column in S1 rows,,,,,,,,,,,,,,
19,S1,TheBloke/WizardLM-33B-V1.0-Uncensored-GPTQ,ehartford/WizardLM-33b-V1.0-Uncensored,GPTQ,harness_gsm8k_5,False,False,,1319,acc,0.1865049279757392,0.24564063684609552,0.059135708870356324,0.053828658074298714,0.11296436694465505,0.16679302501895377,0.8021228203184231,1.5647063888289543e-07,False,0.03118414894669014,367,1.0
19,S1,TheBloke/WizardLM-33B-V1.0-Uncensored-GPTQ,ehartford/WizardLM-33b-V1.0-Uncensored,GPTQ,harness_winogrande_5,False,False,,1267,acc,0.77663772691397,0.7790055248618785,0.0023677979479084232,0.01973164956590371,0.022099447513812154,0.041831097079715863,0.041831097079715863,0.7838463022094988,True,0.016103026455225416,58601,1.0
20,S1,TheBloke/wizard-vicuna-13B-GPTQ,junelee/wizard-vicuna-13b,GPTQ,harness_drop_3,False,True,no acc_norm or acc column in S1 rows,,,,,,,,,,,,,,
20,S1,TheBloke/wizard-vicuna-13B-GPTQ,junelee/wizard-vicuna-13b,GPTQ,harness_gsm8k_5,False,True,no acc_norm or acc column in S1 rows,,,,,,,,,,,,,,
20,S1,TheBloke/wizard-vicuna-13B-GPTQ,junelee/wizard-vicuna-13b,GPTQ,harness_winogrande_5,False,True,no acc_norm or acc column in S1 rows,,,,,,,,,,,,,,
21,S1,TheBloke/EverythingLM-13B-16K-GPTQ,totally-not-an-llm/EverythingLM-13b-16k,GPTQ,harness_drop_3,False,True,no acc_norm or acc column in S1 rows,,,,,,,,,,,,,,
21,S1,TheBloke/EverythingLM-13B-16K-GPTQ,totally-not-an-llm/EverythingLM-13b-16k,GPTQ,harness_gsm8k_5,False,True,no acc_norm or acc column in S1 rows,,,,,,,,,,,,,,
21,S1,TheBloke/EverythingLM-13B-16K-GPTQ,totally-not-an-llm/EverythingLM-13b-16k,GPTQ,harness_winogrande_5,False,True,no acc_norm or acc column in S1 rows,,,,,,,,,,,,,,
22,S1,TheBloke/WizardLM-Uncensored-SuperCOT-StoryTelling-30B-GPTQ,Monero/WizardLM-Uncensored-SuperCOT-StoryTelling-30b,GPTQ,harness_drop_3,False,True,no acc_norm or acc column in S1 rows,,,,,,,,,,,,,,
22,S1,TheBloke/WizardLM-Uncensored-SuperCOT-StoryTelling-30B-GPTQ,Monero/WizardLM-Uncensored-SuperCOT-StoryTelling-30b,GPTQ,harness_gsm8k_5,False,True,no acc_norm or acc column in S1 rows,,,,,,,,,,,,,,
22,S1,TheBloke/WizardLM-Uncensored-SuperCOT-StoryTelling-30B-GPTQ,Monero/WizardLM-Uncensored-SuperCOT-StoryTelling-30b,GPTQ,harness_winogrande_5,False,True,no acc_norm or acc column in S1 rows,,,,,,,,,,,,,,
23,S1,TheBloke/Wizard-Vicuna-13B-Uncensored-GPTQ,ehartford/Wizard-Vicuna-13B-Uncensored,GPTQ,harness_drop_3,False,True,no acc_norm or acc column in S1 rows,,,,,,,,,,,,,,
23,S1,TheBloke/Wizard-Vicuna-13B-Uncensored-GPTQ,ehartford/Wizard-Vicuna-13B-Uncensored,GPTQ,harness_gsm8k_5,False,True,no acc_norm or acc column in S1 rows,,,,,,,,,,,,,,
23,S1,TheBloke/Wizard-Vicuna-13B-Uncensored-GPTQ,ehartford/Wizard-Vicuna-13B-Uncensored,GPTQ,harness_winogrande_5,False,True,no acc_norm or acc column in S1 rows,,,,,,,,,,,,,,
24,S1,TheBloke/WizardLM-30B-Uncensored-GPTQ,ehartford/WizardLM-30B-Uncensored,GPTQ,harness_drop_3,False,True,no acc_norm or acc column in S1 rows,,,,,,,,,,,,,,
24,S1,TheBloke/WizardLM-30B-Uncensored-GPTQ,ehartford/WizardLM-30B-Uncensored,GPTQ,harness_gsm8k_5,False,True,no acc_norm or acc column in S1 rows,,,,,,,,,,,,,,
24,S1,TheBloke/WizardLM-30B-Uncensored-GPTQ,ehartford/WizardLM-30B-Uncensored,GPTQ,harness_winogrande_5,False,True,no acc_norm or acc column in S1 rows,,,,,,,,,,,,,,
26,S1,TheBloke/Orca-2-13B-GPTQ,microsoft/Orca-2-13b,GPTQ,harness_arc_challenge_25,False,True,no acc_norm or acc column in S1 rows,,,,,,,,,,,,,,
26,S1,TheBloke/Orca-2-13B-GPTQ,microsoft/Orca-2-13b,GPTQ,harness_drop_3,False,True,no acc_norm or acc column in S1 rows,,,,,,,,,,,,,,
26,S1,TheBloke/Orca-2-13B-GPTQ,microsoft/Orca-2-13b,GPTQ,harness_gsm8k_5,False,True,no acc_norm or acc column in S1 rows,,,,,,,,,,,,,,
26,S1,TheBloke/Orca-2-13B-GPTQ,microsoft/Orca-2-13b,GPTQ,harness_hellaswag_10,False,True,no acc_norm or acc column in S1 rows,,,,,,,,,,,,,,
26,S1,TheBloke/Orca-2-13B-GPTQ,microsoft/Orca-2-13b,GPTQ,harness_hendrycksTest_5,False,True,"no parquet found for task harness_hendrycksTest_5 in runs ['2023_11_23T09_00_59.774377', '2023_12_30T00_44_18.166149']",,,,,,,,,,,,,,
26,S1,TheBloke/Orca-2-13B-GPTQ,microsoft/Orca-2-13b,GPTQ,harness_hendrycksTest_abstract_algebra_5,False,True,no acc_norm or acc column in S1 rows,,,,,,,,,,,,,,
26,S1,TheBloke/Orca-2-13B-GPTQ,microsoft/Orca-2-13b,GPTQ,harness_hendrycksTest_anatomy_5,False,True,no acc_norm or acc column in S1 rows,,,,,,,,,,,,,,
26,S1,TheBloke/Orca-2-13B-GPTQ,microsoft/Orca-2-13b,GPTQ,harness_hendrycksTest_astronomy_5,False,True,no acc_norm or acc column in S1 rows,,,,,,,,,,,,,,
26,S1,TheBloke/Orca-2-13B-GPTQ,microsoft/Orca-2-13b,GPTQ,harness_hendrycksTest_business_ethics_5,False,True,no acc_norm or acc column in S1 rows,,,,,,,,,,,,,,
26,S1,TheBloke/Orca-2-13B-GPTQ,microsoft/Orca-2-13b,GPTQ,harness_hendrycksTest_clinical_knowledge_5,False,True,no acc_norm or acc column in S1 rows,,,,,,,,,,,,,,
26,S1,TheBloke/Orca-2-13B-GPTQ,microsoft/Orca-2-13b,GPTQ,harness_hendrycksTest_college_biology_5,False,True,no acc_norm or acc column in S1 rows,,,,,,,,,,,,,,
26,S1,TheBloke/Orca-2-13B-GPTQ,microsoft/Orca-2-13b,GPTQ,harness_hendrycksTest_college_chemistry_5,False,True,no acc_norm or acc column in S1 rows,,,,,,,,,,,,,,
26,S1,TheBloke/Orca-2-13B-GPTQ,microsoft/Orca-2-13b,GPTQ,harness_hendrycksTest_college_computer_science_5,False,True,no acc_norm or acc column in S1 rows,,,,,,,,,,,,,,
26,S1,TheBloke/Orca-2-13B-GPTQ,microsoft/Orca-2-13b,GPTQ,harness_hendrycksTest_college_mathematics_5,False,True,no acc_norm or acc column in S1 rows,,,,,,,,,,,,,,
26,S1,TheBloke/Orca-2-13B-GPTQ,microsoft/Orca-2-13b,GPTQ,harness_hendrycksTest_college_medicine_5,False,True,no acc_norm or acc column in S1 rows,,,,,,,,,,,,,,
26,S1,TheBloke/Orca-2-13B-GPTQ,microsoft/Orca-2-13b,GPTQ,harness_hendrycksTest_college_physics_5,False,True,no acc_norm or acc column in S1 rows,,,,,,,,,,,,,,
26,S1,TheBloke/Orca-2-13B-GPTQ,microsoft/Orca-2-13b,GPTQ,harness_hendrycksTest_computer_security_5,False,True,no acc_norm or acc column in S1 rows,,,,,,,,,,,,,,
26,S1,TheBloke/Orca-2-13B-GPTQ,microsoft/Orca-2-13b,GPTQ,harness_hendrycksTest_conceptual_physics_5,False,True,no acc_norm or acc column in S1 rows,,,,,,,,,,,,,,
26,S1,TheBloke/Orca-2-13B-GPTQ,microsoft/Orca-2-13b,GPTQ,harness_hendrycksTest_econometrics_5,False,True,no acc_norm or acc column in S1 rows,,,,,,,,,,,,,,
26,S1,TheBloke/Orca-2-13B-GPTQ,microsoft/Orca-2-13b,GPTQ,harness_hendrycksTest_electrical_engineering_5,False,True,no acc_norm or acc column in S1 rows,,,,,,,,,,,,,,
26,S1,TheBloke/Orca-2-13B-GPTQ,microsoft/Orca-2-13b,GPTQ,harness_hendrycksTest_elementary_mathematics_5,False,True,no acc_norm or acc column in S1 rows,,,,,,,,,,,,,,
26,S1,TheBloke/Orca-2-13B-GPTQ,microsoft/Orca-2-13b,GPTQ,harness_hendrycksTest_formal_logic_5,False,True,no acc_norm or acc column in S1 rows,,,,,,,,,,,,,,
26,S1,TheBloke/Orca-2-13B-GPTQ,microsoft/Orca-2-13b,GPTQ,harness_hendrycksTest_global_facts_5,False,True,no acc_norm or acc column in S1 rows,,,,,,,,,,,,,,
26,S1,TheBloke/Orca-2-13B-GPTQ,microsoft/Orca-2-13b,GPTQ,harness_hendrycksTest_high_school_biology_5,False,True,no acc_norm or acc column in S1 rows,,,,,,,,,,,,,,
26,S1,TheBloke/Orca-2-13B-GPTQ,microsoft/Orca-2-13b,GPTQ,harness_hendrycksTest_high_school_chemistry_5,False,True,no acc_norm or acc column in S1 rows,,,,,,,,,,,,,,
26,S1,TheBloke/Orca-2-13B-GPTQ,microsoft/Orca-2-13b,GPTQ,harness_hendrycksTest_high_school_computer_science_5,False,True,no acc_norm or acc column in S1 rows,,,,,,,,,,,,,,
26,S1,TheBloke/Orca-2-13B-GPTQ,microsoft/Orca-2-13b,GPTQ,harness_hendrycksTest_high_school_european_history_5,False,True,no acc_norm or acc column in S1 rows,,,,,,,,,,,,,,
26,S1,TheBloke/Orca-2-13B-GPTQ,microsoft/Orca-2-13b,GPTQ,harness_hendrycksTest_high_school_geography_5,False,True,no acc_norm or acc column in S1 rows,,,,,,,,,,,,,,
26,S1,TheBloke/Orca-2-13B-GPTQ,microsoft/Orca-2-13b,GPTQ,harness_hendrycksTest_high_school_government_and_politics_5,False,True,no acc_norm or acc column in S1 rows,,,,,,,,,,,,,,
26,S1,TheBloke/Orca-2-13B-GPTQ,microsoft/Orca-2-13b,GPTQ,harness_hendrycksTest_high_school_macroeconomics_5,False,True,no acc_norm or acc column in S1 rows,,,,,,,,,,,,,,
26,S1,TheBloke/Orca-2-13B-GPTQ,microsoft/Orca-2-13b,GPTQ,harness_hendrycksTest_high_school_mathematics_5,False,True,no acc_norm or acc column in S1 rows,,,,,,,,,,,,,,
26,S1,TheBloke/Orca-2-13B-GPTQ,microsoft/Orca-2-13b,GPTQ,harness_hendrycksTest_high_school_microeconomics_5,False,True,no acc_norm or acc column in S1 rows,,,,,,,,,,,,,,
26,S1,TheBloke/Orca-2-13B-GPTQ,microsoft/Orca-2-13b,GPTQ,harness_hendrycksTest_high_school_physics_5,False,True,no acc_norm or acc column in S1 rows,,,,,,,,,,,,,,
26,S1,TheBloke/Orca-2-13B-GPTQ,microsoft/Orca-2-13b,GPTQ,harness_hendrycksTest_high_school_psychology_5,False,True,no acc_norm or acc column in S1 rows,,,,,,,,,,,,,,
26,S1,TheBloke/Orca-2-13B-GPTQ,microsoft/Orca-2-13b,GPTQ,harness_hendrycksTest_high_school_statistics_5,False,True,no acc_norm or acc column in S1 rows,,,,,,,,,,,,,,
26,S1,TheBloke/Orca-2-13B-GPTQ,microsoft/Orca-2-13b,GPTQ,harness_hendrycksTest_high_school_us_history_5,False,True,no acc_norm or acc column in S1 rows,,,,,,,,,,,,,,
26,S1,TheBloke/Orca-2-13B-GPTQ,microsoft/Orca-2-13b,GPTQ,harness_hendrycksTest_high_school_world_history_5,False,True,no acc_norm or acc column in S1 rows,,,,,,,,,,,,,,
26,S1,TheBloke/Orca-2-13B-GPTQ,microsoft/Orca-2-13b,GPTQ,harness_hendrycksTest_human_aging_5,False,True,no acc_norm or acc column in S1 rows,,,,,,,,,,,,,,
26,S1,TheBloke/Orca-2-13B-GPTQ,microsoft/Orca-2-13b,GPTQ,harness_hendrycksTest_human_sexuality_5,False,True,no acc_norm or acc column in S1 rows,,,,,,,,,,,,,,
26,S1,TheBloke/Orca-2-13B-GPTQ,microsoft/Orca-2-13b,GPTQ,harness_hendrycksTest_international_law_5,False,True,no acc_norm or acc column in S1 rows,,,,,,,,,,,,,,
26,S1,TheBloke/Orca-2-13B-GPTQ,microsoft/Orca-2-13b,GPTQ,harness_hendrycksTest_jurisprudence_5,False,True,no acc_norm or acc column in S1 rows,,,,,,,,,,,,,,
26,S1,TheBloke/Orca-2-13B-GPTQ,microsoft/Orca-2-13b,GPTQ,harness_hendrycksTest_logical_fallacies_5,False,True,no acc_norm or acc column in S1 rows,,,,,,,,,,,,,,
26,S1,TheBloke/Orca-2-13B-GPTQ,microsoft/Orca-2-13b,GPTQ,harness_hendrycksTest_machine_learning_5,False,True,no acc_norm or acc column in S1 rows,,,,,,,,,,,,,,
26,S1,TheBloke/Orca-2-13B-GPTQ,microsoft/Orca-2-13b,GPTQ,harness_hendrycksTest_management_5,False,True,no acc_norm or acc column in S1 rows,,,,,,,,,,,,,,
26,S1,TheBloke/Orca-2-13B-GPTQ,microsoft/Orca-2-13b,GPTQ,harness_hendrycksTest_marketing_5,False,True,no acc_norm or acc column in S1 rows,,,,,,,,,,,,,,
26,S1,TheBloke/Orca-2-13B-GPTQ,microsoft/Orca-2-13b,GPTQ,harness_hendrycksTest_medical_genetics_5,False,True,no acc_norm or acc column in S1 rows,,,,,,,,,,,,,,
26,S1,TheBloke/Orca-2-13B-GPTQ,microsoft/Orca-2-13b,GPTQ,harness_hendrycksTest_miscellaneous_5,False,True,no acc_norm or acc column in S1 rows,,,,,,,,,,,,,,
26,S1,TheBloke/Orca-2-13B-GPTQ,microsoft/Orca-2-13b,GPTQ,harness_hendrycksTest_moral_disputes_5,False,True,no acc_norm or acc column in S1 rows,,,,,,,,,,,,,,
26,S1,TheBloke/Orca-2-13B-GPTQ,microsoft/Orca-2-13b,GPTQ,harness_hendrycksTest_moral_scenarios_5,False,True,no acc_norm or acc column in S1 rows,,,,,,,,,,,,,,
26,S1,TheBloke/Orca-2-13B-GPTQ,microsoft/Orca-2-13b,GPTQ,harness_hendrycksTest_nutrition_5,False,True,no acc_norm or acc column in S1 rows,,,,,,,,,,,,,,
26,S1,TheBloke/Orca-2-13B-GPTQ,microsoft/Orca-2-13b,GPTQ,harness_hendrycksTest_philosophy_5,False,True,no acc_norm or acc column in S1 rows,,,,,,,,,,,,,,
26,S1,TheBloke/Orca-2-13B-GPTQ,microsoft/Orca-2-13b,GPTQ,harness_hendrycksTest_prehistory_5,False,True,no acc_norm or acc column in S1 rows,,,,,,,,,,,,,,
26,S1,TheBloke/Orca-2-13B-GPTQ,microsoft/Orca-2-13b,GPTQ,harness_hendrycksTest_professional_accounting_5,False,True,no acc_norm or acc column in S1 rows,,,,,,,,,,,,,,
26,S1,TheBloke/Orca-2-13B-GPTQ,microsoft/Orca-2-13b,GPTQ,harness_hendrycksTest_professional_law_5,False,True,no acc_norm or acc column in S1 rows,,,,,,,,,,,,,,
26,S1,TheBloke/Orca-2-13B-GPTQ,microsoft/Orca-2-13b,GPTQ,harness_hendrycksTest_professional_medicine_5,False,True,no acc_norm or acc column in S1 rows,,,,,,,,,,,,,,
26,S1,TheBloke/Orca-2-13B-GPTQ,microsoft/Orca-2-13b,GPTQ,harness_hendrycksTest_professional_psychology_5,False,True,no acc_norm or acc column in S1 rows,,,,,,,,,,,,,,
26,S1,TheBloke/Orca-2-13B-GPTQ,microsoft/Orca-2-13b,GPTQ,harness_hendrycksTest_public_relations_5,False,True,no acc_norm or acc column in S1 rows,,,,,,,,,,,,,,
26,S1,TheBloke/Orca-2-13B-GPTQ,microsoft/Orca-2-13b,GPTQ,harness_hendrycksTest_security_studies_5,False,True,no acc_norm or acc column in S1 rows,,,,,,,,,,,,,,
26,S1,TheBloke/Orca-2-13B-GPTQ,microsoft/Orca-2-13b,GPTQ,harness_hendrycksTest_sociology_5,False,True,no acc_norm or acc column in S1 rows,,,,,,,,,,,,,,
26,S1,TheBloke/Orca-2-13B-GPTQ,microsoft/Orca-2-13b,GPTQ,harness_hendrycksTest_us_foreign_policy_5,False,True,no acc_norm or acc column in S1 rows,,,,,,,,,,,,,,
26,S1,TheBloke/Orca-2-13B-GPTQ,microsoft/Orca-2-13b,GPTQ,harness_hendrycksTest_virology_5,False,True,no acc_norm or acc column in S1 rows,,,,,,,,,,,,,,
26,S1,TheBloke/Orca-2-13B-GPTQ,microsoft/Orca-2-13b,GPTQ,harness_hendrycksTest_world_religions_5,False,True,no acc_norm or acc column in S1 rows,,,,,,,,,,,,,,
26,S1,TheBloke/Orca-2-13B-GPTQ,microsoft/Orca-2-13b,GPTQ,harness_truthfulqa_mc_0,False,True,no acc_norm or acc column in S1 rows,,,,,,,,,,,,,,
26,S1,TheBloke/Orca-2-13B-GPTQ,microsoft/Orca-2-13b,GPTQ,harness_winogrande_5,False,True,no acc_norm or acc column in S1 rows,,,,,,,,,,,,,,
27,S1,TheBloke/orca_mini_v3_13B-GPTQ,psmathur/orca_mini_v3_13b,GPTQ,harness_arc_challenge_25,False,True,no acc_norm or acc column in S1 rows,,,,,,,,,,,,,,
27,S1,TheBloke/orca_mini_v3_13B-GPTQ,psmathur/orca_mini_v3_13b,GPTQ,harness_gsm8k_5,False,True,no acc_norm or acc column in S1 rows,,,,,,,,,,,,,,
27,S1,TheBloke/orca_mini_v3_13B-GPTQ,psmathur/orca_mini_v3_13b,GPTQ,harness_hellaswag_10,False,True,no acc_norm or acc column in S1 rows,,,,,,,,,,,,,,
27,S1,TheBloke/orca_mini_v3_13B-GPTQ,psmathur/orca_mini_v3_13b,GPTQ,harness_hendrycksTest_5,False,True,"no parquet found for task harness_hendrycksTest_5 in runs ['2023_08_09T21_34_12.529590', '2023_10_18T15_47_49.456107']",,,,,,,,,,,,,,
27,S1,TheBloke/orca_mini_v3_13B-GPTQ,psmathur/orca_mini_v3_13b,GPTQ,harness_hendrycksTest_abstract_algebra_5,False,True,no acc_norm or acc column in S1 rows,,,,,,,,,,,,,,
27,S1,TheBloke/orca_mini_v3_13B-GPTQ,psmathur/orca_mini_v3_13b,GPTQ,harness_hendrycksTest_anatomy_5,False,True,no acc_norm or acc column in S1 rows,,,,,,,,,,,,,,
27,S1,TheBloke/orca_mini_v3_13B-GPTQ,psmathur/orca_mini_v3_13b,GPTQ,harness_hendrycksTest_astronomy_5,False,True,no acc_norm or acc column in S1 rows,,,,,,,,,,,,,,
27,S1,TheBloke/orca_mini_v3_13B-GPTQ,psmathur/orca_mini_v3_13b,GPTQ,harness_hendrycksTest_business_ethics_5,False,True,no acc_norm or acc column in S1 rows,,,,,,,,,,,,,,
27,S1,TheBloke/orca_mini_v3_13B-GPTQ,psmathur/orca_mini_v3_13b,GPTQ,harness_hendrycksTest_clinical_knowledge_5,False,True,no acc_norm or acc column in S1 rows,,,,,,,,,,,,,,
27,S1,TheBloke/orca_mini_v3_13B-GPTQ,psmathur/orca_mini_v3_13b,GPTQ,harness_hendrycksTest_college_biology_5,False,True,no acc_norm or acc column in S1 rows,,,,,,,,,,,,,,
27,S1,TheBloke/orca_mini_v3_13B-GPTQ,psmathur/orca_mini_v3_13b,GPTQ,harness_hendrycksTest_college_chemistry_5,False,True,no acc_norm or acc column in S1 rows,,,,,,,,,,,,,,
27,S1,TheBloke/orca_mini_v3_13B-GPTQ,psmathur/orca_mini_v3_13b,GPTQ,harness_hendrycksTest_college_computer_science_5,False,True,no acc_norm or acc column in S1 rows,,,,,,,,,,,,,,
27,S1,TheBloke/orca_mini_v3_13B-GPTQ,psmathur/orca_mini_v3_13b,GPTQ,harness_hendrycksTest_college_mathematics_5,False,True,no acc_norm or acc column in S1 rows,,,,,,,,,,,,,,
27,S1,TheBloke/orca_mini_v3_13B-GPTQ,psmathur/orca_mini_v3_13b,GPTQ,harness_hendrycksTest_college_medicine_5,False,True,no acc_norm or acc column in S1 rows,,,,,,,,,,,,,,
27,S1,TheBloke/orca_mini_v3_13B-GPTQ,psmathur/orca_mini_v3_13b,GPTQ,harness_hendrycksTest_college_physics_5,False,True,no acc_norm or acc column in S1 rows,,,,,,,,,,,,,,
27,S1,TheBloke/orca_mini_v3_13B-GPTQ,psmathur/orca_mini_v3_13b,GPTQ,harness_hendrycksTest_computer_security_5,False,True,no acc_norm or acc column in S1 rows,,,,,,,,,,,,,,
27,S1,TheBloke/orca_mini_v3_13B-GPTQ,psmathur/orca_mini_v3_13b,GPTQ,harness_hendrycksTest_conceptual_physics_5,False,True,no acc_norm or acc column in S1 rows,,,,,,,,,,,,,,
27,S1,TheBloke/orca_mini_v3_13B-GPTQ,psmathur/orca_mini_v3_13b,GPTQ,harness_hendrycksTest_econometrics_5,False,True,no acc_norm or acc column in S1 rows,,,,,,,,,,,,,,
27,S1,TheBloke/orca_mini_v3_13B-GPTQ,psmathur/orca_mini_v3_13b,GPTQ,harness_hendrycksTest_electrical_engineering_5,False,True,no acc_norm or acc column in S1 rows,,,,,,,,,,,,,,
27,S1,TheBloke/orca_mini_v3_13B-GPTQ,psmathur/orca_mini_v3_13b,GPTQ,harness_hendrycksTest_elementary_mathematics_5,False,True,no acc_norm or acc column in S1 rows,,,,,,,,,,,,,,
27,S1,TheBloke/orca_mini_v3_13B-GPTQ,psmathur/orca_mini_v3_13b,GPTQ,harness_hendrycksTest_formal_logic_5,False,True,no acc_norm or acc column in S1 rows,,,,,,,,,,,,,,
27,S1,TheBloke/orca_mini_v3_13B-GPTQ,psmathur/orca_mini_v3_13b,GPTQ,harness_hendrycksTest_global_facts_5,False,True,no acc_norm or acc column in S1 rows,,,,,,,,,,,,,,
27,S1,TheBloke/orca_mini_v3_13B-GPTQ,psmathur/orca_mini_v3_13b,GPTQ,harness_hendrycksTest_high_school_biology_5,False,True,no acc_norm or acc column in S1 rows,,,,,,,,,,,,,,
27,S1,TheBloke/orca_mini_v3_13B-GPTQ,psmathur/orca_mini_v3_13b,GPTQ,harness_hendrycksTest_high_school_chemistry_5,False,True,no acc_norm or acc column in S1 rows,,,,,,,,,,,,,,
27,S1,TheBloke/orca_mini_v3_13B-GPTQ,psmathur/orca_mini_v3_13b,GPTQ,harness_hendrycksTest_high_school_computer_science_5,False,True,no acc_norm or acc column in S1 rows,,,,,,,,,,,,,,
27,S1,TheBloke/orca_mini_v3_13B-GPTQ,psmathur/orca_mini_v3_13b,GPTQ,harness_hendrycksTest_high_school_european_history_5,False,True,no acc_norm or acc column in S1 rows,,,,,,,,,,,,,,
27,S1,TheBloke/orca_mini_v3_13B-GPTQ,psmathur/orca_mini_v3_13b,GPTQ,harness_hendrycksTest_high_school_geography_5,False,True,no acc_norm or acc column in S1 rows,,,,,,,,,,,,,,
27,S1,TheBloke/orca_mini_v3_13B-GPTQ,psmathur/orca_mini_v3_13b,GPTQ,harness_hendrycksTest_high_school_government_and_politics_5,False,True,no acc_norm or acc column in S1 rows,,,,,,,,,,,,,,
27,S1,TheBloke/orca_mini_v3_13B-GPTQ,psmathur/orca_mini_v3_13b,GPTQ,harness_hendrycksTest_high_school_macroeconomics_5,False,True,no acc_norm or acc column in S1 rows,,,,,,,,,,,,,,
27,S1,TheBloke/orca_mini_v3_13B-GPTQ,psmathur/orca_mini_v3_13b,GPTQ,harness_hendrycksTest_high_school_mathematics_5,False,True,no acc_norm or acc column in S1 rows,,,,,,,,,,,,,,
27,S1,TheBloke/orca_mini_v3_13B-GPTQ,psmathur/orca_mini_v3_13b,GPTQ,harness_hendrycksTest_high_school_microeconomics_5,False,True,no acc_norm or acc column in S1 rows,,,,,,,,,,,,,,
27,S1,TheBloke/orca_mini_v3_13B-GPTQ,psmathur/orca_mini_v3_13b,GPTQ,harness_hendrycksTest_high_school_physics_5,False,True,no acc_norm or acc column in S1 rows,,,,,,,,,,,,,,
27,S1,TheBloke/orca_mini_v3_13B-GPTQ,psmathur/orca_mini_v3_13b,GPTQ,harness_hendrycksTest_high_school_psychology_5,False,True,no acc_norm or acc column in S1 rows,,,,,,,,,,,,,,
27,S1,TheBloke/orca_mini_v3_13B-GPTQ,psmathur/orca_mini_v3_13b,GPTQ,harness_hendrycksTest_high_school_statistics_5,False,True,no acc_norm or acc column in S1 rows,,,,,,,,,,,,,,
27,S1,TheBloke/orca_mini_v3_13B-GPTQ,psmathur/orca_mini_v3_13b,GPTQ,harness_hendrycksTest_high_school_us_history_5,False,True,no acc_norm or acc column in S1 rows,,,,,,,,,,,,,,
27,S1,TheBloke/orca_mini_v3_13B-GPTQ,psmathur/orca_mini_v3_13b,GPTQ,harness_hendrycksTest_high_school_world_history_5,False,True,no acc_norm or acc column in S1 rows,,,,,,,,,,,,,,
27,S1,TheBloke/orca_mini_v3_13B-GPTQ,psmathur/orca_mini_v3_13b,GPTQ,harness_hendrycksTest_human_aging_5,False,True,no acc_norm or acc column in S1 rows,,,,,,,,,,,,,,
27,S1,TheBloke/orca_mini_v3_13B-GPTQ,psmathur/orca_mini_v3_13b,GPTQ,harness_hendrycksTest_human_sexuality_5,False,True,no acc_norm or acc column in S1 rows,,,,,,,,,,,,,,
27,S1,TheBloke/orca_mini_v3_13B-GPTQ,psmathur/orca_mini_v3_13b,GPTQ,harness_hendrycksTest_international_law_5,False,True,no acc_norm or acc column in S1 rows,,,,,,,,,,,,,,
27,S1,TheBloke/orca_mini_v3_13B-GPTQ,psmathur/orca_mini_v3_13b,GPTQ,harness_hendrycksTest_jurisprudence_5,False,True,no acc_norm or acc column in S1 rows,,,,,,,,,,,,,,
27,S1,TheBloke/orca_mini_v3_13B-GPTQ,psmathur/orca_mini_v3_13b,GPTQ,harness_hendrycksTest_logical_fallacies_5,False,True,no acc_norm or acc column in S1 rows,,,,,,,,,,,,,,
27,S1,TheBloke/orca_mini_v3_13B-GPTQ,psmathur/orca_mini_v3_13b,GPTQ,harness_hendrycksTest_machine_learning_5,False,True,no acc_norm or acc column in S1 rows,,,,,,,,,,,,,,
27,S1,TheBloke/orca_mini_v3_13B-GPTQ,psmathur/orca_mini_v3_13b,GPTQ,harness_hendrycksTest_management_5,False,True,no acc_norm or acc column in S1 rows,,,,,,,,,,,,,,
27,S1,TheBloke/orca_mini_v3_13B-GPTQ,psmathur/orca_mini_v3_13b,GPTQ,harness_hendrycksTest_marketing_5,False,True,no acc_norm or acc column in S1 rows,,,,,,,,,,,,,,
27,S1,TheBloke/orca_mini_v3_13B-GPTQ,psmathur/orca_mini_v3_13b,GPTQ,harness_hendrycksTest_medical_genetics_5,False,True,no acc_norm or acc column in S1 rows,,,,,,,,,,,,,,
27,S1,TheBloke/orca_mini_v3_13B-GPTQ,psmathur/orca_mini_v3_13b,GPTQ,harness_hendrycksTest_miscellaneous_5,False,True,no acc_norm or acc column in S1 rows,,,,,,,,,,,,,,
27,S1,TheBloke/orca_mini_v3_13B-GPTQ,psmathur/orca_mini_v3_13b,GPTQ,harness_hendrycksTest_moral_disputes_5,False,True,no acc_norm or acc column in S1 rows,,,,,,,,,,,,,,
27,S1,TheBloke/orca_mini_v3_13B-GPTQ,psmathur/orca_mini_v3_13b,GPTQ,harness_hendrycksTest_moral_scenarios_5,False,True,no acc_norm or acc column in S1 rows,,,,,,,,,,,,,,
27,S1,TheBloke/orca_mini_v3_13B-GPTQ,psmathur/orca_mini_v3_13b,GPTQ,harness_hendrycksTest_nutrition_5,False,True,no acc_norm or acc column in S1 rows,,,,,,,,,,,,,,
27,S1,TheBloke/orca_mini_v3_13B-GPTQ,psmathur/orca_mini_v3_13b,GPTQ,harness_hendrycksTest_philosophy_5,False,True,no acc_norm or acc column in S1 rows,,,,,,,,,,,,,,
27,S1,TheBloke/orca_mini_v3_13B-GPTQ,psmathur/orca_mini_v3_13b,GPTQ,harness_hendrycksTest_prehistory_5,False,True,no acc_norm or acc column in S1 rows,,,,,,,,,,,,,,
27,S1,TheBloke/orca_mini_v3_13B-GPTQ,psmathur/orca_mini_v3_13b,GPTQ,harness_hendrycksTest_professional_accounting_5,False,True,no acc_norm or acc column in S1 rows,,,,,,,,,,,,,,
27,S1,TheBloke/orca_mini_v3_13B-GPTQ,psmathur/orca_mini_v3_13b,GPTQ,harness_hendrycksTest_professional_law_5,False,True,no acc_norm or acc column in S1 rows,,,,,,,,,,,,,,
27,S1,TheBloke/orca_mini_v3_13B-GPTQ,psmathur/orca_mini_v3_13b,GPTQ,harness_hendrycksTest_professional_medicine_5,False,True,no acc_norm or acc column in S1 rows,,,,,,,,,,,,,,
27,S1,TheBloke/orca_mini_v3_13B-GPTQ,psmathur/orca_mini_v3_13b,GPTQ,harness_hendrycksTest_professional_psychology_5,False,True,no acc_norm or acc column in S1 rows,,,,,,,,,,,,,,
27,S1,TheBloke/orca_mini_v3_13B-GPTQ,psmathur/orca_mini_v3_13b,GPTQ,harness_hendrycksTest_public_relations_5,False,True,no acc_norm or acc column in S1 rows,,,,,,,,,,,,,,
27,S1,TheBloke/orca_mini_v3_13B-GPTQ,psmathur/orca_mini_v3_13b,GPTQ,harness_hendrycksTest_security_studies_5,False,True,no acc_norm or acc column in S1 rows,,,,,,,,,,,,,,
27,S1,TheBloke/orca_mini_v3_13B-GPTQ,psmathur/orca_mini_v3_13b,GPTQ,harness_hendrycksTest_sociology_5,False,True,no acc_norm or acc column in S1 rows,,,,,,,,,,,,,,
27,S1,TheBloke/orca_mini_v3_13B-GPTQ,psmathur/orca_mini_v3_13b,GPTQ,harness_hendrycksTest_us_foreign_policy_5,False,True,no acc_norm or acc column in S1 rows,,,,,,,,,,,,,,
27,S1,TheBloke/orca_mini_v3_13B-GPTQ,psmathur/orca_mini_v3_13b,GPTQ,harness_hendrycksTest_virology_5,False,True,no acc_norm or acc column in S1 rows,,,,,,,,,,,,,,
27,S1,TheBloke/orca_mini_v3_13B-GPTQ,psmathur/orca_mini_v3_13b,GPTQ,harness_hendrycksTest_world_religions_5,False,True,no acc_norm or acc column in S1 rows,,,,,,,,,,,,,,
27,S1,TheBloke/orca_mini_v3_13B-GPTQ,psmathur/orca_mini_v3_13b,GPTQ,harness_truthfulqa_mc_0,False,True,no acc_norm or acc column in S1 rows,,,,,,,,,,,,,,
27,S1,TheBloke/orca_mini_v3_13B-GPTQ,psmathur/orca_mini_v3_13b,GPTQ,harness_winogrande_5,False,True,no acc_norm or acc column in S1 rows,,,,,,,,,,,,,,
28,S1,TheBloke/neural-chat-7B-v3-2-GPTQ,Intel/neural-chat-7b-v3-2,GPTQ,harness_arc_challenge_25,False,True,no acc_norm or acc column in S1 rows,,,,,,,,,,,,,,
28,S1,TheBloke/neural-chat-7B-v3-2-GPTQ,Intel/neural-chat-7b-v3-2,GPTQ,harness_gsm8k_5,False,True,no acc_norm or acc column in S1 rows,,,,,,,,,,,,,,
28,S1,TheBloke/neural-chat-7B-v3-2-GPTQ,Intel/neural-chat-7b-v3-2,GPTQ,harness_hellaswag_10,False,True,no acc_norm or acc column in S1 rows,,,,,,,,,,,,,,
28,S1,TheBloke/neural-chat-7B-v3-2-GPTQ,Intel/neural-chat-7b-v3-2,GPTQ,harness_hendrycksTest_5,False,True,no parquet found for task harness_hendrycksTest_5 in runs ['2023_12_04T15_53_32.280845'],,,,,,,,,,,,,,
28,S1,TheBloke/neural-chat-7B-v3-2-GPTQ,Intel/neural-chat-7b-v3-2,GPTQ,harness_hendrycksTest_abstract_algebra_5,False,True,no acc_norm or acc column in S1 rows,,,,,,,,,,,,,,
28,S1,TheBloke/neural-chat-7B-v3-2-GPTQ,Intel/neural-chat-7b-v3-2,GPTQ,harness_hendrycksTest_anatomy_5,False,True,no acc_norm or acc column in S1 rows,,,,,,,,,,,,,,
28,S1,TheBloke/neural-chat-7B-v3-2-GPTQ,Intel/neural-chat-7b-v3-2,GPTQ,harness_hendrycksTest_astronomy_5,False,True,no acc_norm or acc column in S1 rows,,,,,,,,,,,,,,
28,S1,TheBloke/neural-chat-7B-v3-2-GPTQ,Intel/neural-chat-7b-v3-2,GPTQ,harness_hendrycksTest_business_ethics_5,False,True,no acc_norm or acc column in S1 rows,,,,,,,,,,,,,,
28,S1,TheBloke/neural-chat-7B-v3-2-GPTQ,Intel/neural-chat-7b-v3-2,GPTQ,harness_hendrycksTest_clinical_knowledge_5,False,True,no acc_norm or acc column in S1 rows,,,,,,,,,,,,,,
28,S1,TheBloke/neural-chat-7B-v3-2-GPTQ,Intel/neural-chat-7b-v3-2,GPTQ,harness_hendrycksTest_college_biology_5,False,True,no acc_norm or acc column in S1 rows,,,,,,,,,,,,,,
28,S1,TheBloke/neural-chat-7B-v3-2-GPTQ,Intel/neural-chat-7b-v3-2,GPTQ,harness_hendrycksTest_college_chemistry_5,False,True,no acc_norm or acc column in S1 rows,,,,,,,,,,,,,,
28,S1,TheBloke/neural-chat-7B-v3-2-GPTQ,Intel/neural-chat-7b-v3-2,GPTQ,harness_hendrycksTest_college_computer_science_5,False,True,no acc_norm or acc column in S1 rows,,,,,,,,,,,,,,
28,S1,TheBloke/neural-chat-7B-v3-2-GPTQ,Intel/neural-chat-7b-v3-2,GPTQ,harness_hendrycksTest_college_mathematics_5,False,True,no acc_norm or acc column in S1 rows,,,,,,,,,,,,,,
28,S1,TheBloke/neural-chat-7B-v3-2-GPTQ,Intel/neural-chat-7b-v3-2,GPTQ,harness_hendrycksTest_college_medicine_5,False,True,no acc_norm or acc column in S1 rows,,,,,,,,,,,,,,
28,S1,TheBloke/neural-chat-7B-v3-2-GPTQ,Intel/neural-chat-7b-v3-2,GPTQ,harness_hendrycksTest_college_physics_5,False,True,no acc_norm or acc column in S1 rows,,,,,,,,,,,,,,
28,S1,TheBloke/neural-chat-7B-v3-2-GPTQ,Intel/neural-chat-7b-v3-2,GPTQ,harness_hendrycksTest_computer_security_5,False,True,no acc_norm or acc column in S1 rows,,,,,,,,,,,,,,
28,S1,TheBloke/neural-chat-7B-v3-2-GPTQ,Intel/neural-chat-7b-v3-2,GPTQ,harness_hendrycksTest_conceptual_physics_5,False,True,no acc_norm or acc column in S1 rows,,,,,,,,,,,,,,
28,S1,TheBloke/neural-chat-7B-v3-2-GPTQ,Intel/neural-chat-7b-v3-2,GPTQ,harness_hendrycksTest_econometrics_5,False,True,no acc_norm or acc column in S1 rows,,,,,,,,,,,,,,
28,S1,TheBloke/neural-chat-7B-v3-2-GPTQ,Intel/neural-chat-7b-v3-2,GPTQ,harness_hendrycksTest_electrical_engineering_5,False,True,no acc_norm or acc column in S1 rows,,,,,,,,,,,,,,
28,S1,TheBloke/neural-chat-7B-v3-2-GPTQ,Intel/neural-chat-7b-v3-2,GPTQ,harness_hendrycksTest_elementary_mathematics_5,False,True,no acc_norm or acc column in S1 rows,,,,,,,,,,,,,,
28,S1,TheBloke/neural-chat-7B-v3-2-GPTQ,Intel/neural-chat-7b-v3-2,GPTQ,harness_hendrycksTest_formal_logic_5,False,True,no acc_norm or acc column in S1 rows,,,,,,,,,,,,,,
28,S1,TheBloke/neural-chat-7B-v3-2-GPTQ,Intel/neural-chat-7b-v3-2,GPTQ,harness_hendrycksTest_global_facts_5,False,True,no acc_norm or acc column in S1 rows,,,,,,,,,,,,,,
28,S1,TheBloke/neural-chat-7B-v3-2-GPTQ,Intel/neural-chat-7b-v3-2,GPTQ,harness_hendrycksTest_high_school_biology_5,False,True,no acc_norm or acc column in S1 rows,,,,,,,,,,,,,,
28,S1,TheBloke/neural-chat-7B-v3-2-GPTQ,Intel/neural-chat-7b-v3-2,GPTQ,harness_hendrycksTest_high_school_chemistry_5,False,True,no acc_norm or acc column in S1 rows,,,,,,,,,,,,,,
28,S1,TheBloke/neural-chat-7B-v3-2-GPTQ,Intel/neural-chat-7b-v3-2,GPTQ,harness_hendrycksTest_high_school_computer_science_5,False,True,no acc_norm or acc column in S1 rows,,,,,,,,,,,,,,
28,S1,TheBloke/neural-chat-7B-v3-2-GPTQ,Intel/neural-chat-7b-v3-2,GPTQ,harness_hendrycksTest_high_school_european_history_5,False,True,no acc_norm or acc column in S1 rows,,,,,,,,,,,,,,
28,S1,TheBloke/neural-chat-7B-v3-2-GPTQ,Intel/neural-chat-7b-v3-2,GPTQ,harness_hendrycksTest_high_school_geography_5,False,True,no acc_norm or acc column in S1 rows,,,,,,,,,,,,,,
28,S1,TheBloke/neural-chat-7B-v3-2-GPTQ,Intel/neural-chat-7b-v3-2,GPTQ,harness_hendrycksTest_high_school_government_and_politics_5,False,True,no acc_norm or acc column in S1 rows,,,,,,,,,,,,,,
28,S1,TheBloke/neural-chat-7B-v3-2-GPTQ,Intel/neural-chat-7b-v3-2,GPTQ,harness_hendrycksTest_high_school_macroeconomics_5,False,True,no acc_norm or acc column in S1 rows,,,,,,,,,,,,,,
28,S1,TheBloke/neural-chat-7B-v3-2-GPTQ,Intel/neural-chat-7b-v3-2,GPTQ,harness_hendrycksTest_high_school_mathematics_5,False,True,no acc_norm or acc column in S1 rows,,,,,,,,,,,,,,
28,S1,TheBloke/neural-chat-7B-v3-2-GPTQ,Intel/neural-chat-7b-v3-2,GPTQ,harness_hendrycksTest_high_school_microeconomics_5,False,True,no acc_norm or acc column in S1 rows,,,,,,,,,,,,,,
28,S1,TheBloke/neural-chat-7B-v3-2-GPTQ,Intel/neural-chat-7b-v3-2,GPTQ,harness_hendrycksTest_high_school_physics_5,False,True,no acc_norm or acc column in S1 rows,,,,,,,,,,,,,,
28,S1,TheBloke/neural-chat-7B-v3-2-GPTQ,Intel/neural-chat-7b-v3-2,GPTQ,harness_hendrycksTest_high_school_psychology_5,False,True,no acc_norm or acc column in S1 rows,,,,,,,,,,,,,,
28,S1,TheBloke/neural-chat-7B-v3-2-GPTQ,Intel/neural-chat-7b-v3-2,GPTQ,harness_hendrycksTest_high_school_statistics_5,False,True,no acc_norm or acc column in S1 rows,,,,,,,,,,,,,,
28,S1,TheBloke/neural-chat-7B-v3-2-GPTQ,Intel/neural-chat-7b-v3-2,GPTQ,harness_hendrycksTest_high_school_us_history_5,False,True,no acc_norm or acc column in S1 rows,,,,,,,,,,,,,,
28,S1,TheBloke/neural-chat-7B-v3-2-GPTQ,Intel/neural-chat-7b-v3-2,GPTQ,harness_hendrycksTest_high_school_world_history_5,False,True,no acc_norm or acc column in S1 rows,,,,,,,,,,,,,,
28,S1,TheBloke/neural-chat-7B-v3-2-GPTQ,Intel/neural-chat-7b-v3-2,GPTQ,harness_hendrycksTest_human_aging_5,False,True,no acc_norm or acc column in S1 rows,,,,,,,,,,,,,,
28,S1,TheBloke/neural-chat-7B-v3-2-GPTQ,Intel/neural-chat-7b-v3-2,GPTQ,harness_hendrycksTest_human_sexuality_5,False,True,no acc_norm or acc column in S1 rows,,,,,,,,,,,,,,
28,S1,TheBloke/neural-chat-7B-v3-2-GPTQ,Intel/neural-chat-7b-v3-2,GPTQ,harness_hendrycksTest_international_law_5,False,True,no acc_norm or acc column in S1 rows,,,,,,,,,,,,,,
28,S1,TheBloke/neural-chat-7B-v3-2-GPTQ,Intel/neural-chat-7b-v3-2,GPTQ,harness_hendrycksTest_jurisprudence_5,False,True,no acc_norm or acc column in S1 rows,,,,,,,,,,,,,,
28,S1,TheBloke/neural-chat-7B-v3-2-GPTQ,Intel/neural-chat-7b-v3-2,GPTQ,harness_hendrycksTest_logical_fallacies_5,False,True,no acc_norm or acc column in S1 rows,,,,,,,,,,,,,,
28,S1,TheBloke/neural-chat-7B-v3-2-GPTQ,Intel/neural-chat-7b-v3-2,GPTQ,harness_hendrycksTest_machine_learning_5,False,True,no acc_norm or acc column in S1 rows,,,,,,,,,,,,,,
28,S1,TheBloke/neural-chat-7B-v3-2-GPTQ,Intel/neural-chat-7b-v3-2,GPTQ,harness_hendrycksTest_management_5,False,True,no acc_norm or acc column in S1 rows,,,,,,,,,,,,,,
28,S1,TheBloke/neural-chat-7B-v3-2-GPTQ,Intel/neural-chat-7b-v3-2,GPTQ,harness_hendrycksTest_marketing_5,False,True,no acc_norm or acc column in S1 rows,,,,,,,,,,,,,,
28,S1,TheBloke/neural-chat-7B-v3-2-GPTQ,Intel/neural-chat-7b-v3-2,GPTQ,harness_hendrycksTest_medical_genetics_5,False,True,no acc_norm or acc column in S1 rows,,,,,,,,,,,,,,
28,S1,TheBloke/neural-chat-7B-v3-2-GPTQ,Intel/neural-chat-7b-v3-2,GPTQ,harness_hendrycksTest_miscellaneous_5,False,True,no acc_norm or acc column in S1 rows,,,,,,,,,,,,,,
28,S1,TheBloke/neural-chat-7B-v3-2-GPTQ,Intel/neural-chat-7b-v3-2,GPTQ,harness_hendrycksTest_moral_disputes_5,False,True,no acc_norm or acc column in S1 rows,,,,,,,,,,,,,,
28,S1,TheBloke/neural-chat-7B-v3-2-GPTQ,Intel/neural-chat-7b-v3-2,GPTQ,harness_hendrycksTest_moral_scenarios_5,False,True,no acc_norm or acc column in S1 rows,,,,,,,,,,,,,,
28,S1,TheBloke/neural-chat-7B-v3-2-GPTQ,Intel/neural-chat-7b-v3-2,GPTQ,harness_hendrycksTest_nutrition_5,False,True,no acc_norm or acc column in S1 rows,,,,,,,,,,,,,,
28,S1,TheBloke/neural-chat-7B-v3-2-GPTQ,Intel/neural-chat-7b-v3-2,GPTQ,harness_hendrycksTest_philosophy_5,False,True,no acc_norm or acc column in S1 rows,,,,,,,,,,,,,,
28,S1,TheBloke/neural-chat-7B-v3-2-GPTQ,Intel/neural-chat-7b-v3-2,GPTQ,harness_hendrycksTest_prehistory_5,False,True,no acc_norm or acc column in S1 rows,,,,,,,,,,,,,,
28,S1,TheBloke/neural-chat-7B-v3-2-GPTQ,Intel/neural-chat-7b-v3-2,GPTQ,harness_hendrycksTest_professional_accounting_5,False,True,no acc_norm or acc column in S1 rows,,,,,,,,,,,,,,
28,S1,TheBloke/neural-chat-7B-v3-2-GPTQ,Intel/neural-chat-7b-v3-2,GPTQ,harness_hendrycksTest_professional_law_5,False,True,no acc_norm or acc column in S1 rows,,,,,,,,,,,,,,
28,S1,TheBloke/neural-chat-7B-v3-2-GPTQ,Intel/neural-chat-7b-v3-2,GPTQ,harness_hendrycksTest_professional_medicine_5,False,True,no acc_norm or acc column in S1 rows,,,,,,,,,,,,,,
28,S1,TheBloke/neural-chat-7B-v3-2-GPTQ,Intel/neural-chat-7b-v3-2,GPTQ,harness_hendrycksTest_professional_psychology_5,False,True,no acc_norm or acc column in S1 rows,,,,,,,,,,,,,,
28,S1,TheBloke/neural-chat-7B-v3-2-GPTQ,Intel/neural-chat-7b-v3-2,GPTQ,harness_hendrycksTest_public_relations_5,False,True,no acc_norm or acc column in S1 rows,,,,,,,,,,,,,,
28,S1,TheBloke/neural-chat-7B-v3-2-GPTQ,Intel/neural-chat-7b-v3-2,GPTQ,harness_hendrycksTest_security_studies_5,False,True,no acc_norm or acc column in S1 rows,,,,,,,,,,,,,,
28,S1,TheBloke/neural-chat-7B-v3-2-GPTQ,Intel/neural-chat-7b-v3-2,GPTQ,harness_hendrycksTest_sociology_5,False,True,no acc_norm or acc column in S1 rows,,,,,,,,,,,,,,
28,S1,TheBloke/neural-chat-7B-v3-2-GPTQ,Intel/neural-chat-7b-v3-2,GPTQ,harness_hendrycksTest_us_foreign_policy_5,False,True,no acc_norm or acc column in S1 rows,,,,,,,,,,,,,,
28,S1,TheBloke/neural-chat-7B-v3-2-GPTQ,Intel/neural-chat-7b-v3-2,GPTQ,harness_hendrycksTest_virology_5,False,True,no acc_norm or acc column in S1 rows,,,,,,,,,,,,,,
28,S1,TheBloke/neural-chat-7B-v3-2-GPTQ,Intel/neural-chat-7b-v3-2,GPTQ,harness_hendrycksTest_world_religions_5,False,True,no acc_norm or acc column in S1 rows,,,,,,,,,,,,,,
28,S1,TheBloke/neural-chat-7B-v3-2-GPTQ,Intel/neural-chat-7b-v3-2,GPTQ,harness_truthfulqa_mc_0,False,True,no acc_norm or acc column in S1 rows,,,,,,,,,,,,,,
28,S1,TheBloke/neural-chat-7B-v3-2-GPTQ,Intel/neural-chat-7b-v3-2,GPTQ,harness_winogrande_5,False,True,no acc_norm or acc column in S1 rows,,,,,,,,,,,,,,
29,S1,TheBloke/Mixtral-8x7B-v0.1-GPTQ,mistralai/Mixtral-8x7B-v0.1,GPTQ,harness_arc_challenge_25,False,True,no acc_norm or acc column in S1 rows,,,,,,,,,,,,,,
29,S1,TheBloke/Mixtral-8x7B-v0.1-GPTQ,mistralai/Mixtral-8x7B-v0.1,GPTQ,harness_gsm8k_5,False,True,no acc_norm or acc column in S1 rows,,,,,,,,,,,,,,
29,S1,TheBloke/Mixtral-8x7B-v0.1-GPTQ,mistralai/Mixtral-8x7B-v0.1,GPTQ,harness_hellaswag_10,False,True,no acc_norm or acc column in S1 rows,,,,,,,,,,,,,,
29,S1,TheBloke/Mixtral-8x7B-v0.1-GPTQ,mistralai/Mixtral-8x7B-v0.1,GPTQ,harness_hendrycksTest_5,False,True,"no parquet found for task harness_hendrycksTest_5 in runs ['2023_12_11T18_04_02.035270', '2023_12_15T14_35_04.630519', '2024_01_04T16_34_48.985318']",,,,,,,,,,,,,,
29,S1,TheBloke/Mixtral-8x7B-v0.1-GPTQ,mistralai/Mixtral-8x7B-v0.1,GPTQ,harness_hendrycksTest_abstract_algebra_5,False,True,no acc_norm or acc column in S1 rows,,,,,,,,,,,,,,
29,S1,TheBloke/Mixtral-8x7B-v0.1-GPTQ,mistralai/Mixtral-8x7B-v0.1,GPTQ,harness_hendrycksTest_anatomy_5,False,True,no acc_norm or acc column in S1 rows,,,,,,,,,,,,,,
29,S1,TheBloke/Mixtral-8x7B-v0.1-GPTQ,mistralai/Mixtral-8x7B-v0.1,GPTQ,harness_hendrycksTest_astronomy_5,False,True,no acc_norm or acc column in S1 rows,,,,,,,,,,,,,,
29,S1,TheBloke/Mixtral-8x7B-v0.1-GPTQ,mistralai/Mixtral-8x7B-v0.1,GPTQ,harness_hendrycksTest_business_ethics_5,False,True,no acc_norm or acc column in S1 rows,,,,,,,,,,,,,,
29,S1,TheBloke/Mixtral-8x7B-v0.1-GPTQ,mistralai/Mixtral-8x7B-v0.1,GPTQ,harness_hendrycksTest_clinical_knowledge_5,False,True,no acc_norm or acc column in S1 rows,,,,,,,,,,,,,,
29,S1,TheBloke/Mixtral-8x7B-v0.1-GPTQ,mistralai/Mixtral-8x7B-v0.1,GPTQ,harness_hendrycksTest_college_biology_5,False,True,no acc_norm or acc column in S1 rows,,,,,,,,,,,,,,
29,S1,TheBloke/Mixtral-8x7B-v0.1-GPTQ,mistralai/Mixtral-8x7B-v0.1,GPTQ,harness_hendrycksTest_college_chemistry_5,False,True,no acc_norm or acc column in S1 rows,,,,,,,,,,,,,,
29,S1,TheBloke/Mixtral-8x7B-v0.1-GPTQ,mistralai/Mixtral-8x7B-v0.1,GPTQ,harness_hendrycksTest_college_computer_science_5,False,True,no acc_norm or acc column in S1 rows,,,,,,,,,,,,,,
29,S1,TheBloke/Mixtral-8x7B-v0.1-GPTQ,mistralai/Mixtral-8x7B-v0.1,GPTQ,harness_hendrycksTest_college_mathematics_5,False,True,no acc_norm or acc column in S1 rows,,,,,,,,,,,,,,
29,S1,TheBloke/Mixtral-8x7B-v0.1-GPTQ,mistralai/Mixtral-8x7B-v0.1,GPTQ,harness_hendrycksTest_college_medicine_5,False,True,no acc_norm or acc column in S1 rows,,,,,,,,,,,,,,
29,S1,TheBloke/Mixtral-8x7B-v0.1-GPTQ,mistralai/Mixtral-8x7B-v0.1,GPTQ,harness_hendrycksTest_college_physics_5,False,True,no acc_norm or acc column in S1 rows,,,,,,,,,,,,,,
29,S1,TheBloke/Mixtral-8x7B-v0.1-GPTQ,mistralai/Mixtral-8x7B-v0.1,GPTQ,harness_hendrycksTest_computer_security_5,False,True,no acc_norm or acc column in S1 rows,,,,,,,,,,,,,,
29,S1,TheBloke/Mixtral-8x7B-v0.1-GPTQ,mistralai/Mixtral-8x7B-v0.1,GPTQ,harness_hendrycksTest_conceptual_physics_5,False,True,no acc_norm or acc column in S1 rows,,,,,,,,,,,,,,
29,S1,TheBloke/Mixtral-8x7B-v0.1-GPTQ,mistralai/Mixtral-8x7B-v0.1,GPTQ,harness_hendrycksTest_econometrics_5,False,True,no acc_norm or acc column in S1 rows,,,,,,,,,,,,,,
29,S1,TheBloke/Mixtral-8x7B-v0.1-GPTQ,mistralai/Mixtral-8x7B-v0.1,GPTQ,harness_hendrycksTest_electrical_engineering_5,False,True,no acc_norm or acc column in S1 rows,,,,,,,,,,,,,,
29,S1,TheBloke/Mixtral-8x7B-v0.1-GPTQ,mistralai/Mixtral-8x7B-v0.1,GPTQ,harness_hendrycksTest_elementary_mathematics_5,False,True,no acc_norm or acc column in S1 rows,,,,,,,,,,,,,,
29,S1,TheBloke/Mixtral-8x7B-v0.1-GPTQ,mistralai/Mixtral-8x7B-v0.1,GPTQ,harness_hendrycksTest_formal_logic_5,False,True,no acc_norm or acc column in S1 rows,,,,,,,,,,,,,,
29,S1,TheBloke/Mixtral-8x7B-v0.1-GPTQ,mistralai/Mixtral-8x7B-v0.1,GPTQ,harness_hendrycksTest_global_facts_5,False,True,no acc_norm or acc column in S1 rows,,,,,,,,,,,,,,
29,S1,TheBloke/Mixtral-8x7B-v0.1-GPTQ,mistralai/Mixtral-8x7B-v0.1,GPTQ,harness_hendrycksTest_high_school_biology_5,False,True,no acc_norm or acc column in S1 rows,,,,,,,,,,,,,,
29,S1,TheBloke/Mixtral-8x7B-v0.1-GPTQ,mistralai/Mixtral-8x7B-v0.1,GPTQ,harness_hendrycksTest_high_school_chemistry_5,False,True,no acc_norm or acc column in S1 rows,,,,,,,,,,,,,,
29,S1,TheBloke/Mixtral-8x7B-v0.1-GPTQ,mistralai/Mixtral-8x7B-v0.1,GPTQ,harness_hendrycksTest_high_school_computer_science_5,False,True,no acc_norm or acc column in S1 rows,,,,,,,,,,,,,,
29,S1,TheBloke/Mixtral-8x7B-v0.1-GPTQ,mistralai/Mixtral-8x7B-v0.1,GPTQ,harness_hendrycksTest_high_school_european_history_5,False,True,no acc_norm or acc column in S1 rows,,,,,,,,,,,,,,
29,S1,TheBloke/Mixtral-8x7B-v0.1-GPTQ,mistralai/Mixtral-8x7B-v0.1,GPTQ,harness_hendrycksTest_high_school_geography_5,False,True,no acc_norm or acc column in S1 rows,,,,,,,,,,,,,,
29,S1,TheBloke/Mixtral-8x7B-v0.1-GPTQ,mistralai/Mixtral-8x7B-v0.1,GPTQ,harness_hendrycksTest_high_school_government_and_politics_5,False,True,no acc_norm or acc column in S1 rows,,,,,,,,,,,,,,
29,S1,TheBloke/Mixtral-8x7B-v0.1-GPTQ,mistralai/Mixtral-8x7B-v0.1,GPTQ,harness_hendrycksTest_high_school_macroeconomics_5,False,True,no acc_norm or acc column in S1 rows,,,,,,,,,,,,,,
29,S1,TheBloke/Mixtral-8x7B-v0.1-GPTQ,mistralai/Mixtral-8x7B-v0.1,GPTQ,harness_hendrycksTest_high_school_mathematics_5,False,True,no acc_norm or acc column in S1 rows,,,,,,,,,,,,,,
29,S1,TheBloke/Mixtral-8x7B-v0.1-GPTQ,mistralai/Mixtral-8x7B-v0.1,GPTQ,harness_hendrycksTest_high_school_microeconomics_5,False,True,no acc_norm or acc column in S1 rows,,,,,,,,,,,,,,
29,S1,TheBloke/Mixtral-8x7B-v0.1-GPTQ,mistralai/Mixtral-8x7B-v0.1,GPTQ,harness_hendrycksTest_high_school_physics_5,False,True,no acc_norm or acc column in S1 rows,,,,,,,,,,,,,,
29,S1,TheBloke/Mixtral-8x7B-v0.1-GPTQ,mistralai/Mixtral-8x7B-v0.1,GPTQ,harness_hendrycksTest_high_school_psychology_5,False,True,no acc_norm or acc column in S1 rows,,,,,,,,,,,,,,
29,S1,TheBloke/Mixtral-8x7B-v0.1-GPTQ,mistralai/Mixtral-8x7B-v0.1,GPTQ,harness_hendrycksTest_high_school_statistics_5,False,True,no acc_norm or acc column in S1 rows,,,,,,,,,,,,,,
29,S1,TheBloke/Mixtral-8x7B-v0.1-GPTQ,mistralai/Mixtral-8x7B-v0.1,GPTQ,harness_hendrycksTest_high_school_us_history_5,False,True,no acc_norm or acc column in S1 rows,,,,,,,,,,,,,,
29,S1,TheBloke/Mixtral-8x7B-v0.1-GPTQ,mistralai/Mixtral-8x7B-v0.1,GPTQ,harness_hendrycksTest_high_school_world_history_5,False,True,no acc_norm or acc column in S1 rows,,,,,,,,,,,,,,
29,S1,TheBloke/Mixtral-8x7B-v0.1-GPTQ,mistralai/Mixtral-8x7B-v0.1,GPTQ,harness_hendrycksTest_human_aging_5,False,True,no acc_norm or acc column in S1 rows,,,,,,,,,,,,,,
29,S1,TheBloke/Mixtral-8x7B-v0.1-GPTQ,mistralai/Mixtral-8x7B-v0.1,GPTQ,harness_hendrycksTest_human_sexuality_5,False,True,no acc_norm or acc column in S1 rows,,,,,,,,,,,,,,
29,S1,TheBloke/Mixtral-8x7B-v0.1-GPTQ,mistralai/Mixtral-8x7B-v0.1,GPTQ,harness_hendrycksTest_international_law_5,False,True,no acc_norm or acc column in S1 rows,,,,,,,,,,,,,,
29,S1,TheBloke/Mixtral-8x7B-v0.1-GPTQ,mistralai/Mixtral-8x7B-v0.1,GPTQ,harness_hendrycksTest_jurisprudence_5,False,True,no acc_norm or acc column in S1 rows,,,,,,,,,,,,,,
29,S1,TheBloke/Mixtral-8x7B-v0.1-GPTQ,mistralai/Mixtral-8x7B-v0.1,GPTQ,harness_hendrycksTest_logical_fallacies_5,False,True,no acc_norm or acc column in S1 rows,,,,,,,,,,,,,,
29,S1,TheBloke/Mixtral-8x7B-v0.1-GPTQ,mistralai/Mixtral-8x7B-v0.1,GPTQ,harness_hendrycksTest_machine_learning_5,False,True,no acc_norm or acc column in S1 rows,,,,,,,,,,,,,,
29,S1,TheBloke/Mixtral-8x7B-v0.1-GPTQ,mistralai/Mixtral-8x7B-v0.1,GPTQ,harness_hendrycksTest_management_5,False,True,no acc_norm or acc column in S1 rows,,,,,,,,,,,,,,
29,S1,TheBloke/Mixtral-8x7B-v0.1-GPTQ,mistralai/Mixtral-8x7B-v0.1,GPTQ,harness_hendrycksTest_marketing_5,False,True,no acc_norm or acc column in S1 rows,,,,,,,,,,,,,,
29,S1,TheBloke/Mixtral-8x7B-v0.1-GPTQ,mistralai/Mixtral-8x7B-v0.1,GPTQ,harness_hendrycksTest_medical_genetics_5,False,True,no acc_norm or acc column in S1 rows,,,,,,,,,,,,,,
29,S1,TheBloke/Mixtral-8x7B-v0.1-GPTQ,mistralai/Mixtral-8x7B-v0.1,GPTQ,harness_hendrycksTest_miscellaneous_5,False,True,no acc_norm or acc column in S1 rows,,,,,,,,,,,,,,
29,S1,TheBloke/Mixtral-8x7B-v0.1-GPTQ,mistralai/Mixtral-8x7B-v0.1,GPTQ,harness_hendrycksTest_moral_disputes_5,False,True,no acc_norm or acc column in S1 rows,,,,,,,,,,,,,,
29,S1,TheBloke/Mixtral-8x7B-v0.1-GPTQ,mistralai/Mixtral-8x7B-v0.1,GPTQ,harness_hendrycksTest_moral_scenarios_5,False,True,no acc_norm or acc column in S1 rows,,,,,,,,,,,,,,
29,S1,TheBloke/Mixtral-8x7B-v0.1-GPTQ,mistralai/Mixtral-8x7B-v0.1,GPTQ,harness_hendrycksTest_nutrition_5,False,True,no acc_norm or acc column in S1 rows,,,,,,,,,,,,,,
29,S1,TheBloke/Mixtral-8x7B-v0.1-GPTQ,mistralai/Mixtral-8x7B-v0.1,GPTQ,harness_hendrycksTest_philosophy_5,False,True,no acc_norm or acc column in S1 rows,,,,,,,,,,,,,,
29,S1,TheBloke/Mixtral-8x7B-v0.1-GPTQ,mistralai/Mixtral-8x7B-v0.1,GPTQ,harness_hendrycksTest_prehistory_5,False,True,no acc_norm or acc column in S1 rows,,,,,,,,,,,,,,
29,S1,TheBloke/Mixtral-8x7B-v0.1-GPTQ,mistralai/Mixtral-8x7B-v0.1,GPTQ,harness_hendrycksTest_professional_accounting_5,False,True,no acc_norm or acc column in S1 rows,,,,,,,,,,,,,,
29,S1,TheBloke/Mixtral-8x7B-v0.1-GPTQ,mistralai/Mixtral-8x7B-v0.1,GPTQ,harness_hendrycksTest_professional_law_5,False,True,no acc_norm or acc column in S1 rows,,,,,,,,,,,,,,
29,S1,TheBloke/Mixtral-8x7B-v0.1-GPTQ,mistralai/Mixtral-8x7B-v0.1,GPTQ,harness_hendrycksTest_professional_medicine_5,False,True,no acc_norm or acc column in S1 rows,,,,,,,,,,,,,,
29,S1,TheBloke/Mixtral-8x7B-v0.1-GPTQ,mistralai/Mixtral-8x7B-v0.1,GPTQ,harness_hendrycksTest_professional_psychology_5,False,True,no acc_norm or acc column in S1 rows,,,,,,,,,,,,,,
29,S1,TheBloke/Mixtral-8x7B-v0.1-GPTQ,mistralai/Mixtral-8x7B-v0.1,GPTQ,harness_hendrycksTest_public_relations_5,False,True,no acc_norm or acc column in S1 rows,,,,,,,,,,,,,,
29,S1,TheBloke/Mixtral-8x7B-v0.1-GPTQ,mistralai/Mixtral-8x7B-v0.1,GPTQ,harness_hendrycksTest_security_studies_5,False,True,no acc_norm or acc column in S1 rows,,,,,,,,,,,,,,
29,S1,TheBloke/Mixtral-8x7B-v0.1-GPTQ,mistralai/Mixtral-8x7B-v0.1,GPTQ,harness_hendrycksTest_sociology_5,False,True,no acc_norm or acc column in S1 rows,,,,,,,,,,,,,,
29,S1,TheBloke/Mixtral-8x7B-v0.1-GPTQ,mistralai/Mixtral-8x7B-v0.1,GPTQ,harness_hendrycksTest_us_foreign_policy_5,False,True,no acc_norm or acc column in S1 rows,,,,,,,,,,,,,,
29,S1,TheBloke/Mixtral-8x7B-v0.1-GPTQ,mistralai/Mixtral-8x7B-v0.1,GPTQ,harness_hendrycksTest_virology_5,False,True,no acc_norm or acc column in S1 rows,,,,,,,,,,,,,,
29,S1,TheBloke/Mixtral-8x7B-v0.1-GPTQ,mistralai/Mixtral-8x7B-v0.1,GPTQ,harness_hendrycksTest_world_religions_5,False,True,no acc_norm or acc column in S1 rows,,,,,,,,,,,,,,
29,S1,TheBloke/Mixtral-8x7B-v0.1-GPTQ,mistralai/Mixtral-8x7B-v0.1,GPTQ,harness_truthfulqa_mc_0,False,True,no acc_norm or acc column in S1 rows,,,,,,,,,,,,,,
29,S1,TheBloke/Mixtral-8x7B-v0.1-GPTQ,mistralai/Mixtral-8x7B-v0.1,GPTQ,harness_winogrande_5,False,True,no acc_norm or acc column in S1 rows,,,,,,,,,,,,,,
30,S1,alnrg2arg/test3_sft_4bit,alnrg2arg/blockchainlabs_7B_merged_test2_4,bnb-4bit(unclear),harness_arc_challenge_25,False,True,no acc_norm or acc column in S1 rows,,,,,,,,,,,,,,
30,S1,alnrg2arg/test3_sft_4bit,alnrg2arg/blockchainlabs_7B_merged_test2_4,bnb-4bit(unclear),harness_gsm8k_5,False,True,no acc_norm or acc column in S1 rows,,,,,,,,,,,,,,
30,S1,alnrg2arg/test3_sft_4bit,alnrg2arg/blockchainlabs_7B_merged_test2_4,bnb-4bit(unclear),harness_hellaswag_10,False,True,no acc_norm or acc column in S1 rows,,,,,,,,,,,,,,
30,S1,alnrg2arg/test3_sft_4bit,alnrg2arg/blockchainlabs_7B_merged_test2_4,bnb-4bit(unclear),harness_hendrycksTest_5,False,True,no parquet found for task harness_hendrycksTest_5 in runs ['2024_01_20T09_52_41.122319'],,,,,,,,,,,,,,
30,S1,alnrg2arg/test3_sft_4bit,alnrg2arg/blockchainlabs_7B_merged_test2_4,bnb-4bit(unclear),harness_hendrycksTest_abstract_algebra_5,False,True,no acc_norm or acc column in S1 rows,,,,,,,,,,,,,,
30,S1,alnrg2arg/test3_sft_4bit,alnrg2arg/blockchainlabs_7B_merged_test2_4,bnb-4bit(unclear),harness_hendrycksTest_anatomy_5,False,True,no acc_norm or acc column in S1 rows,,,,,,,,,,,,,,
30,S1,alnrg2arg/test3_sft_4bit,alnrg2arg/blockchainlabs_7B_merged_test2_4,bnb-4bit(unclear),harness_hendrycksTest_astronomy_5,False,True,no acc_norm or acc column in S1 rows,,,,,,,,,,,,,,
30,S1,alnrg2arg/test3_sft_4bit,alnrg2arg/blockchainlabs_7B_merged_test2_4,bnb-4bit(unclear),harness_hendrycksTest_business_ethics_5,False,True,no acc_norm or acc column in S1 rows,,,,,,,,,,,,,,
30,S1,alnrg2arg/test3_sft_4bit,alnrg2arg/blockchainlabs_7B_merged_test2_4,bnb-4bit(unclear),harness_hendrycksTest_clinical_knowledge_5,False,True,no acc_norm or acc column in S1 rows,,,,,,,,,,,,,,
30,S1,alnrg2arg/test3_sft_4bit,alnrg2arg/blockchainlabs_7B_merged_test2_4,bnb-4bit(unclear),harness_hendrycksTest_college_biology_5,False,True,no acc_norm or acc column in S1 rows,,,,,,,,,,,,,,
30,S1,alnrg2arg/test3_sft_4bit,alnrg2arg/blockchainlabs_7B_merged_test2_4,bnb-4bit(unclear),harness_hendrycksTest_college_chemistry_5,False,True,no acc_norm or acc column in S1 rows,,,,,,,,,,,,,,
30,S1,alnrg2arg/test3_sft_4bit,alnrg2arg/blockchainlabs_7B_merged_test2_4,bnb-4bit(unclear),harness_hendrycksTest_college_computer_science_5,False,True,no acc_norm or acc column in S1 rows,,,,,,,,,,,,,,
30,S1,alnrg2arg/test3_sft_4bit,alnrg2arg/blockchainlabs_7B_merged_test2_4,bnb-4bit(unclear),harness_hendrycksTest_college_mathematics_5,False,True,no acc_norm or acc column in S1 rows,,,,,,,,,,,,,,
30,S1,alnrg2arg/test3_sft_4bit,alnrg2arg/blockchainlabs_7B_merged_test2_4,bnb-4bit(unclear),harness_hendrycksTest_college_medicine_5,False,True,no acc_norm or acc column in S1 rows,,,,,,,,,,,,,,
30,S1,alnrg2arg/test3_sft_4bit,alnrg2arg/blockchainlabs_7B_merged_test2_4,bnb-4bit(unclear),harness_hendrycksTest_college_physics_5,False,True,no acc_norm or acc column in S1 rows,,,,,,,,,,,,,,
30,S1,alnrg2arg/test3_sft_4bit,alnrg2arg/blockchainlabs_7B_merged_test2_4,bnb-4bit(unclear),harness_hendrycksTest_computer_security_5,False,True,no acc_norm or acc column in S1 rows,,,,,,,,,,,,,,
30,S1,alnrg2arg/test3_sft_4bit,alnrg2arg/blockchainlabs_7B_merged_test2_4,bnb-4bit(unclear),harness_hendrycksTest_conceptual_physics_5,False,True,no acc_norm or acc column in S1 rows,,,,,,,,,,,,,,
30,S1,alnrg2arg/test3_sft_4bit,alnrg2arg/blockchainlabs_7B_merged_test2_4,bnb-4bit(unclear),harness_hendrycksTest_econometrics_5,False,True,no acc_norm or acc column in S1 rows,,,,,,,,,,,,,,
30,S1,alnrg2arg/test3_sft_4bit,alnrg2arg/blockchainlabs_7B_merged_test2_4,bnb-4bit(unclear),harness_hendrycksTest_electrical_engineering_5,False,True,no acc_norm or acc column in S1 rows,,,,,,,,,,,,,,
30,S1,alnrg2arg/test3_sft_4bit,alnrg2arg/blockchainlabs_7B_merged_test2_4,bnb-4bit(unclear),harness_hendrycksTest_elementary_mathematics_5,False,True,no acc_norm or acc column in S1 rows,,,,,,,,,,,,,,
30,S1,alnrg2arg/test3_sft_4bit,alnrg2arg/blockchainlabs_7B_merged_test2_4,bnb-4bit(unclear),harness_hendrycksTest_formal_logic_5,False,True,no acc_norm or acc column in S1 rows,,,,,,,,,,,,,,
30,S1,alnrg2arg/test3_sft_4bit,alnrg2arg/blockchainlabs_7B_merged_test2_4,bnb-4bit(unclear),harness_hendrycksTest_global_facts_5,False,True,no acc_norm or acc column in S1 rows,,,,,,,,,,,,,,
30,S1,alnrg2arg/test3_sft_4bit,alnrg2arg/blockchainlabs_7B_merged_test2_4,bnb-4bit(unclear),harness_hendrycksTest_high_school_biology_5,False,True,no acc_norm or acc column in S1 rows,,,,,,,,,,,,,,
30,S1,alnrg2arg/test3_sft_4bit,alnrg2arg/blockchainlabs_7B_merged_test2_4,bnb-4bit(unclear),harness_hendrycksTest_high_school_chemistry_5,False,True,no acc_norm or acc column in S1 rows,,,,,,,,,,,,,,
30,S1,alnrg2arg/test3_sft_4bit,alnrg2arg/blockchainlabs_7B_merged_test2_4,bnb-4bit(unclear),harness_hendrycksTest_high_school_computer_science_5,False,True,no acc_norm or acc column in S1 rows,,,,,,,,,,,,,,
30,S1,alnrg2arg/test3_sft_4bit,alnrg2arg/blockchainlabs_7B_merged_test2_4,bnb-4bit(unclear),harness_hendrycksTest_high_school_european_history_5,False,True,no acc_norm or acc column in S1 rows,,,,,,,,,,,,,,
30,S1,alnrg2arg/test3_sft_4bit,alnrg2arg/blockchainlabs_7B_merged_test2_4,bnb-4bit(unclear),harness_hendrycksTest_high_school_geography_5,False,True,no acc_norm or acc column in S1 rows,,,,,,,,,,,,,,
30,S1,alnrg2arg/test3_sft_4bit,alnrg2arg/blockchainlabs_7B_merged_test2_4,bnb-4bit(unclear),harness_hendrycksTest_high_school_government_and_politics_5,False,True,no acc_norm or acc column in S1 rows,,,,,,,,,,,,,,
30,S1,alnrg2arg/test3_sft_4bit,alnrg2arg/blockchainlabs_7B_merged_test2_4,bnb-4bit(unclear),harness_hendrycksTest_high_school_macroeconomics_5,False,True,no acc_norm or acc column in S1 rows,,,,,,,,,,,,,,
30,S1,alnrg2arg/test3_sft_4bit,alnrg2arg/blockchainlabs_7B_merged_test2_4,bnb-4bit(unclear),harness_hendrycksTest_high_school_mathematics_5,False,True,no acc_norm or acc column in S1 rows,,,,,,,,,,,,,,
30,S1,alnrg2arg/test3_sft_4bit,alnrg2arg/blockchainlabs_7B_merged_test2_4,bnb-4bit(unclear),harness_hendrycksTest_high_school_microeconomics_5,False,True,no acc_norm or acc column in S1 rows,,,,,,,,,,,,,,
30,S1,alnrg2arg/test3_sft_4bit,alnrg2arg/blockchainlabs_7B_merged_test2_4,bnb-4bit(unclear),harness_hendrycksTest_high_school_physics_5,False,True,no acc_norm or acc column in S1 rows,,,,,,,,,,,,,,
30,S1,alnrg2arg/test3_sft_4bit,alnrg2arg/blockchainlabs_7B_merged_test2_4,bnb-4bit(unclear),harness_hendrycksTest_high_school_psychology_5,False,True,no acc_norm or acc column in S1 rows,,,,,,,,,,,,,,
30,S1,alnrg2arg/test3_sft_4bit,alnrg2arg/blockchainlabs_7B_merged_test2_4,bnb-4bit(unclear),harness_hendrycksTest_high_school_statistics_5,False,True,no acc_norm or acc column in S1 rows,,,,,,,,,,,,,,
30,S1,alnrg2arg/test3_sft_4bit,alnrg2arg/blockchainlabs_7B_merged_test2_4,bnb-4bit(unclear),harness_hendrycksTest_high_school_us_history_5,False,True,no acc_norm or acc column in S1 rows,,,,,,,,,,,,,,
30,S1,alnrg2arg/test3_sft_4bit,alnrg2arg/blockchainlabs_7B_merged_test2_4,bnb-4bit(unclear),harness_hendrycksTest_high_school_world_history_5,False,True,no acc_norm or acc column in S1 rows,,,,,,,,,,,,,,
30,S1,alnrg2arg/test3_sft_4bit,alnrg2arg/blockchainlabs_7B_merged_test2_4,bnb-4bit(unclear),harness_hendrycksTest_human_aging_5,False,True,no acc_norm or acc column in S1 rows,,,,,,,,,,,,,,
30,S1,alnrg2arg/test3_sft_4bit,alnrg2arg/blockchainlabs_7B_merged_test2_4,bnb-4bit(unclear),harness_hendrycksTest_human_sexuality_5,False,True,no acc_norm or acc column in S1 rows,,,,,,,,,,,,,,
30,S1,alnrg2arg/test3_sft_4bit,alnrg2arg/blockchainlabs_7B_merged_test2_4,bnb-4bit(unclear),harness_hendrycksTest_international_law_5,False,True,no acc_norm or acc column in S1 rows,,,,,,,,,,,,,,
30,S1,alnrg2arg/test3_sft_4bit,alnrg2arg/blockchainlabs_7B_merged_test2_4,bnb-4bit(unclear),harness_hendrycksTest_jurisprudence_5,False,True,no acc_norm or acc column in S1 rows,,,,,,,,,,,,,,
30,S1,alnrg2arg/test3_sft_4bit,alnrg2arg/blockchainlabs_7B_merged_test2_4,bnb-4bit(unclear),harness_hendrycksTest_logical_fallacies_5,False,True,no acc_norm or acc column in S1 rows,,,,,,,,,,,,,,
30,S1,alnrg2arg/test3_sft_4bit,alnrg2arg/blockchainlabs_7B_merged_test2_4,bnb-4bit(unclear),harness_hendrycksTest_machine_learning_5,False,True,no acc_norm or acc column in S1 rows,,,,,,,,,,,,,,
30,S1,alnrg2arg/test3_sft_4bit,alnrg2arg/blockchainlabs_7B_merged_test2_4,bnb-4bit(unclear),harness_hendrycksTest_management_5,False,True,no acc_norm or acc column in S1 rows,,,,,,,,,,,,,,
30,S1,alnrg2arg/test3_sft_4bit,alnrg2arg/blockchainlabs_7B_merged_test2_4,bnb-4bit(unclear),harness_hendrycksTest_marketing_5,False,True,no acc_norm or acc column in S1 rows,,,,,,,,,,,,,,
30,S1,alnrg2arg/test3_sft_4bit,alnrg2arg/blockchainlabs_7B_merged_test2_4,bnb-4bit(unclear),harness_hendrycksTest_medical_genetics_5,False,True,no acc_norm or acc column in S1 rows,,,,,,,,,,,,,,
30,S1,alnrg2arg/test3_sft_4bit,alnrg2arg/blockchainlabs_7B_merged_test2_4,bnb-4bit(unclear),harness_hendrycksTest_miscellaneous_5,False,True,no acc_norm or acc column in S1 rows,,,,,,,,,,,,,,
30,S1,alnrg2arg/test3_sft_4bit,alnrg2arg/blockchainlabs_7B_merged_test2_4,bnb-4bit(unclear),harness_hendrycksTest_moral_disputes_5,False,True,no acc_norm or acc column in S1 rows,,,,,,,,,,,,,,
30,S1,alnrg2arg/test3_sft_4bit,alnrg2arg/blockchainlabs_7B_merged_test2_4,bnb-4bit(unclear),harness_hendrycksTest_moral_scenarios_5,False,True,no acc_norm or acc column in S1 rows,,,,,,,,,,,,,,
30,S1,alnrg2arg/test3_sft_4bit,alnrg2arg/blockchainlabs_7B_merged_test2_4,bnb-4bit(unclear),harness_hendrycksTest_nutrition_5,False,True,no acc_norm or acc column in S1 rows,,,,,,,,,,,,,,
30,S1,alnrg2arg/test3_sft_4bit,alnrg2arg/blockchainlabs_7B_merged_test2_4,bnb-4bit(unclear),harness_hendrycksTest_philosophy_5,False,True,no acc_norm or acc column in S1 rows,,,,,,,,,,,,,,
30,S1,alnrg2arg/test3_sft_4bit,alnrg2arg/blockchainlabs_7B_merged_test2_4,bnb-4bit(unclear),harness_hendrycksTest_prehistory_5,False,True,no acc_norm or acc column in S1 rows,,,,,,,,,,,,,,
30,S1,alnrg2arg/test3_sft_4bit,alnrg2arg/blockchainlabs_7B_merged_test2_4,bnb-4bit(unclear),harness_hendrycksTest_professional_accounting_5,False,True,no acc_norm or acc column in S1 rows,,,,,,,,,,,,,,
30,S1,alnrg2arg/test3_sft_4bit,alnrg2arg/blockchainlabs_7B_merged_test2_4,bnb-4bit(unclear),harness_hendrycksTest_professional_law_5,False,True,no acc_norm or acc column in S1 rows,,,,,,,,,,,,,,
30,S1,alnrg2arg/test3_sft_4bit,alnrg2arg/blockchainlabs_7B_merged_test2_4,bnb-4bit(unclear),harness_hendrycksTest_professional_medicine_5,False,True,no acc_norm or acc column in S1 rows,,,,,,,,,,,,,,
30,S1,alnrg2arg/test3_sft_4bit,alnrg2arg/blockchainlabs_7B_merged_test2_4,bnb-4bit(unclear),harness_hendrycksTest_professional_psychology_5,False,True,no acc_norm or acc column in S1 rows,,,,,,,,,,,,,,
30,S1,alnrg2arg/test3_sft_4bit,alnrg2arg/blockchainlabs_7B_merged_test2_4,bnb-4bit(unclear),harness_hendrycksTest_public_relations_5,False,True,no acc_norm or acc column in S1 rows,,,,,,,,,,,,,,
30,S1,alnrg2arg/test3_sft_4bit,alnrg2arg/blockchainlabs_7B_merged_test2_4,bnb-4bit(unclear),harness_hendrycksTest_security_studies_5,False,True,no acc_norm or acc column in S1 rows,,,,,,,,,,,,,,
30,S1,alnrg2arg/test3_sft_4bit,alnrg2arg/blockchainlabs_7B_merged_test2_4,bnb-4bit(unclear),harness_hendrycksTest_sociology_5,False,True,no acc_norm or acc column in S1 rows,,,,,,,,,,,,,,
30,S1,alnrg2arg/test3_sft_4bit,alnrg2arg/blockchainlabs_7B_merged_test2_4,bnb-4bit(unclear),harness_hendrycksTest_us_foreign_policy_5,False,True,no acc_norm or acc column in S1 rows,,,,,,,,,,,,,,
30,S1,alnrg2arg/test3_sft_4bit,alnrg2arg/blockchainlabs_7B_merged_test2_4,bnb-4bit(unclear),harness_hendrycksTest_virology_5,False,True,no acc_norm or acc column in S1 rows,,,,,,,,,,,,,,
30,S1,alnrg2arg/test3_sft_4bit,alnrg2arg/blockchainlabs_7B_merged_test2_4,bnb-4bit(unclear),harness_hendrycksTest_world_religions_5,False,True,no acc_norm or acc column in S1 rows,,,,,,,,,,,,,,
30,S1,alnrg2arg/test3_sft_4bit,alnrg2arg/blockchainlabs_7B_merged_test2_4,bnb-4bit(unclear),harness_truthfulqa_mc_0,False,True,no acc_norm or acc column in S1 rows,,,,,,,,,,,,,,
30,S1,alnrg2arg/test3_sft_4bit,alnrg2arg/blockchainlabs_7B_merged_test2_4,bnb-4bit(unclear),harness_winogrande_5,False,True,no acc_norm or acc column in S1 rows,,,,,,,,,,,,,,
31,S1,MaziyarPanahi/UNA-34Beagles-32K-bf16-v1-GPTQ,one-man-army/UNA-34Beagles-32K-bf16-v1,GPTQ,harness_arc_challenge_25,False,True,no acc_norm or acc column in S1 rows,,,,,,,,,,,,,,
31,S1,MaziyarPanahi/UNA-34Beagles-32K-bf16-v1-GPTQ,one-man-army/UNA-34Beagles-32K-bf16-v1,GPTQ,harness_gsm8k_5,False,True,no acc_norm or acc column in S1 rows,,,,,,,,,,,,,,
31,S1,MaziyarPanahi/UNA-34Beagles-32K-bf16-v1-GPTQ,one-man-army/UNA-34Beagles-32K-bf16-v1,GPTQ,harness_hellaswag_10,False,True,no acc_norm or acc column in S1 rows,,,,,,,,,,,,,,
31,S1,MaziyarPanahi/UNA-34Beagles-32K-bf16-v1-GPTQ,one-man-army/UNA-34Beagles-32K-bf16-v1,GPTQ,harness_hendrycksTest_5,False,True,no parquet found for task harness_hendrycksTest_5 in runs ['2024_01_14T18_01_24.840782'],,,,,,,,,,,,,,
31,S1,MaziyarPanahi/UNA-34Beagles-32K-bf16-v1-GPTQ,one-man-army/UNA-34Beagles-32K-bf16-v1,GPTQ,harness_hendrycksTest_abstract_algebra_5,False,True,no acc_norm or acc column in S1 rows,,,,,,,,,,,,,,
31,S1,MaziyarPanahi/UNA-34Beagles-32K-bf16-v1-GPTQ,one-man-army/UNA-34Beagles-32K-bf16-v1,GPTQ,harness_hendrycksTest_anatomy_5,False,True,no acc_norm or acc column in S1 rows,,,,,,,,,,,,,,
31,S1,MaziyarPanahi/UNA-34Beagles-32K-bf16-v1-GPTQ,one-man-army/UNA-34Beagles-32K-bf16-v1,GPTQ,harness_hendrycksTest_astronomy_5,False,True,no acc_norm or acc column in S1 rows,,,,,,,,,,,,,,
31,S1,MaziyarPanahi/UNA-34Beagles-32K-bf16-v1-GPTQ,one-man-army/UNA-34Beagles-32K-bf16-v1,GPTQ,harness_hendrycksTest_business_ethics_5,False,True,no acc_norm or acc column in S1 rows,,,,,,,,,,,,,,
31,S1,MaziyarPanahi/UNA-34Beagles-32K-bf16-v1-GPTQ,one-man-army/UNA-34Beagles-32K-bf16-v1,GPTQ,harness_hendrycksTest_clinical_knowledge_5,False,True,no acc_norm or acc column in S1 rows,,,,,,,,,,,,,,
31,S1,MaziyarPanahi/UNA-34Beagles-32K-bf16-v1-GPTQ,one-man-army/UNA-34Beagles-32K-bf16-v1,GPTQ,harness_hendrycksTest_college_biology_5,False,True,no acc_norm or acc column in S1 rows,,,,,,,,,,,,,,
31,S1,MaziyarPanahi/UNA-34Beagles-32K-bf16-v1-GPTQ,one-man-army/UNA-34Beagles-32K-bf16-v1,GPTQ,harness_hendrycksTest_college_chemistry_5,False,True,no acc_norm or acc column in S1 rows,,,,,,,,,,,,,,
31,S1,MaziyarPanahi/UNA-34Beagles-32K-bf16-v1-GPTQ,one-man-army/UNA-34Beagles-32K-bf16-v1,GPTQ,harness_hendrycksTest_college_computer_science_5,False,True,no acc_norm or acc column in S1 rows,,,,,,,,,,,,,,
31,S1,MaziyarPanahi/UNA-34Beagles-32K-bf16-v1-GPTQ,one-man-army/UNA-34Beagles-32K-bf16-v1,GPTQ,harness_hendrycksTest_college_mathematics_5,False,True,no acc_norm or acc column in S1 rows,,,,,,,,,,,,,,
31,S1,MaziyarPanahi/UNA-34Beagles-32K-bf16-v1-GPTQ,one-man-army/UNA-34Beagles-32K-bf16-v1,GPTQ,harness_hendrycksTest_college_medicine_5,False,True,no acc_norm or acc column in S1 rows,,,,,,,,,,,,,,
31,S1,MaziyarPanahi/UNA-34Beagles-32K-bf16-v1-GPTQ,one-man-army/UNA-34Beagles-32K-bf16-v1,GPTQ,harness_hendrycksTest_college_physics_5,False,True,no acc_norm or acc column in S1 rows,,,,,,,,,,,,,,
31,S1,MaziyarPanahi/UNA-34Beagles-32K-bf16-v1-GPTQ,one-man-army/UNA-34Beagles-32K-bf16-v1,GPTQ,harness_hendrycksTest_computer_security_5,False,True,no acc_norm or acc column in S1 rows,,,,,,,,,,,,,,
31,S1,MaziyarPanahi/UNA-34Beagles-32K-bf16-v1-GPTQ,one-man-army/UNA-34Beagles-32K-bf16-v1,GPTQ,harness_hendrycksTest_conceptual_physics_5,False,True,no acc_norm or acc column in S1 rows,,,,,,,,,,,,,,
31,S1,MaziyarPanahi/UNA-34Beagles-32K-bf16-v1-GPTQ,one-man-army/UNA-34Beagles-32K-bf16-v1,GPTQ,harness_hendrycksTest_econometrics_5,False,True,no acc_norm or acc column in S1 rows,,,,,,,,,,,,,,
31,S1,MaziyarPanahi/UNA-34Beagles-32K-bf16-v1-GPTQ,one-man-army/UNA-34Beagles-32K-bf16-v1,GPTQ,harness_hendrycksTest_electrical_engineering_5,False,True,no acc_norm or acc column in S1 rows,,,,,,,,,,,,,,
31,S1,MaziyarPanahi/UNA-34Beagles-32K-bf16-v1-GPTQ,one-man-army/UNA-34Beagles-32K-bf16-v1,GPTQ,harness_hendrycksTest_elementary_mathematics_5,False,True,no acc_norm or acc column in S1 rows,,,,,,,,,,,,,,
31,S1,MaziyarPanahi/UNA-34Beagles-32K-bf16-v1-GPTQ,one-man-army/UNA-34Beagles-32K-bf16-v1,GPTQ,harness_hendrycksTest_formal_logic_5,False,True,no acc_norm or acc column in S1 rows,,,,,,,,,,,,,,
31,S1,MaziyarPanahi/UNA-34Beagles-32K-bf16-v1-GPTQ,one-man-army/UNA-34Beagles-32K-bf16-v1,GPTQ,harness_hendrycksTest_global_facts_5,False,True,no acc_norm or acc column in S1 rows,,,,,,,,,,,,,,
31,S1,MaziyarPanahi/UNA-34Beagles-32K-bf16-v1-GPTQ,one-man-army/UNA-34Beagles-32K-bf16-v1,GPTQ,harness_hendrycksTest_high_school_biology_5,False,True,no acc_norm or acc column in S1 rows,,,,,,,,,,,,,,
31,S1,MaziyarPanahi/UNA-34Beagles-32K-bf16-v1-GPTQ,one-man-army/UNA-34Beagles-32K-bf16-v1,GPTQ,harness_hendrycksTest_high_school_chemistry_5,False,True,no acc_norm or acc column in S1 rows,,,,,,,,,,,,,,
31,S1,MaziyarPanahi/UNA-34Beagles-32K-bf16-v1-GPTQ,one-man-army/UNA-34Beagles-32K-bf16-v1,GPTQ,harness_hendrycksTest_high_school_computer_science_5,False,True,no acc_norm or acc column in S1 rows,,,,,,,,,,,,,,
31,S1,MaziyarPanahi/UNA-34Beagles-32K-bf16-v1-GPTQ,one-man-army/UNA-34Beagles-32K-bf16-v1,GPTQ,harness_hendrycksTest_high_school_european_history_5,False,True,no acc_norm or acc column in S1 rows,,,,,,,,,,,,,,
31,S1,MaziyarPanahi/UNA-34Beagles-32K-bf16-v1-GPTQ,one-man-army/UNA-34Beagles-32K-bf16-v1,GPTQ,harness_hendrycksTest_high_school_geography_5,False,True,no acc_norm or acc column in S1 rows,,,,,,,,,,,,,,
31,S1,MaziyarPanahi/UNA-34Beagles-32K-bf16-v1-GPTQ,one-man-army/UNA-34Beagles-32K-bf16-v1,GPTQ,harness_hendrycksTest_high_school_government_and_politics_5,False,True,no acc_norm or acc column in S1 rows,,,,,,,,,,,,,,
31,S1,MaziyarPanahi/UNA-34Beagles-32K-bf16-v1-GPTQ,one-man-army/UNA-34Beagles-32K-bf16-v1,GPTQ,harness_hendrycksTest_high_school_macroeconomics_5,False,True,no acc_norm or acc column in S1 rows,,,,,,,,,,,,,,
31,S1,MaziyarPanahi/UNA-34Beagles-32K-bf16-v1-GPTQ,one-man-army/UNA-34Beagles-32K-bf16-v1,GPTQ,harness_hendrycksTest_high_school_mathematics_5,False,True,no acc_norm or acc column in S1 rows,,,,,,,,,,,,,,
31,S1,MaziyarPanahi/UNA-34Beagles-32K-bf16-v1-GPTQ,one-man-army/UNA-34Beagles-32K-bf16-v1,GPTQ,harness_hendrycksTest_high_school_microeconomics_5,False,True,no acc_norm or acc column in S1 rows,,,,,,,,,,,,,,
31,S1,MaziyarPanahi/UNA-34Beagles-32K-bf16-v1-GPTQ,one-man-army/UNA-34Beagles-32K-bf16-v1,GPTQ,harness_hendrycksTest_high_school_physics_5,False,True,no acc_norm or acc column in S1 rows,,,,,,,,,,,,,,
31,S1,MaziyarPanahi/UNA-34Beagles-32K-bf16-v1-GPTQ,one-man-army/UNA-34Beagles-32K-bf16-v1,GPTQ,harness_hendrycksTest_high_school_psychology_5,False,True,no acc_norm or acc column in S1 rows,,,,,,,,,,,,,,
31,S1,MaziyarPanahi/UNA-34Beagles-32K-bf16-v1-GPTQ,one-man-army/UNA-34Beagles-32K-bf16-v1,GPTQ,harness_hendrycksTest_high_school_statistics_5,False,True,no acc_norm or acc column in S1 rows,,,,,,,,,,,,,,
31,S1,MaziyarPanahi/UNA-34Beagles-32K-bf16-v1-GPTQ,one-man-army/UNA-34Beagles-32K-bf16-v1,GPTQ,harness_hendrycksTest_high_school_us_history_5,False,True,no acc_norm or acc column in S1 rows,,,,,,,,,,,,,,
31,S1,MaziyarPanahi/UNA-34Beagles-32K-bf16-v1-GPTQ,one-man-army/UNA-34Beagles-32K-bf16-v1,GPTQ,harness_hendrycksTest_high_school_world_history_5,False,True,no acc_norm or acc column in S1 rows,,,,,,,,,,,,,,
31,S1,MaziyarPanahi/UNA-34Beagles-32K-bf16-v1-GPTQ,one-man-army/UNA-34Beagles-32K-bf16-v1,GPTQ,harness_hendrycksTest_human_aging_5,False,True,no acc_norm or acc column in S1 rows,,,,,,,,,,,,,,
31,S1,MaziyarPanahi/UNA-34Beagles-32K-bf16-v1-GPTQ,one-man-army/UNA-34Beagles-32K-bf16-v1,GPTQ,harness_hendrycksTest_human_sexuality_5,False,True,no acc_norm or acc column in S1 rows,,,,,,,,,,,,,,
31,S1,MaziyarPanahi/UNA-34Beagles-32K-bf16-v1-GPTQ,one-man-army/UNA-34Beagles-32K-bf16-v1,GPTQ,harness_hendrycksTest_international_law_5,False,True,no acc_norm or acc column in S1 rows,,,,,,,,,,,,,,
31,S1,MaziyarPanahi/UNA-34Beagles-32K-bf16-v1-GPTQ,one-man-army/UNA-34Beagles-32K-bf16-v1,GPTQ,harness_hendrycksTest_jurisprudence_5,False,True,no acc_norm or acc column in S1 rows,,,,,,,,,,,,,,
31,S1,MaziyarPanahi/UNA-34Beagles-32K-bf16-v1-GPTQ,one-man-army/UNA-34Beagles-32K-bf16-v1,GPTQ,harness_hendrycksTest_logical_fallacies_5,False,True,no acc_norm or acc column in S1 rows,,,,,,,,,,,,,,
31,S1,MaziyarPanahi/UNA-34Beagles-32K-bf16-v1-GPTQ,one-man-army/UNA-34Beagles-32K-bf16-v1,GPTQ,harness_hendrycksTest_machine_learning_5,False,True,no acc_norm or acc column in S1 rows,,,,,,,,,,,,,,
31,S1,MaziyarPanahi/UNA-34Beagles-32K-bf16-v1-GPTQ,one-man-army/UNA-34Beagles-32K-bf16-v1,GPTQ,harness_hendrycksTest_management_5,False,True,no acc_norm or acc column in S1 rows,,,,,,,,,,,,,,
31,S1,MaziyarPanahi/UNA-34Beagles-32K-bf16-v1-GPTQ,one-man-army/UNA-34Beagles-32K-bf16-v1,GPTQ,harness_hendrycksTest_marketing_5,False,True,no acc_norm or acc column in S1 rows,,,,,,,,,,,,,,
31,S1,MaziyarPanahi/UNA-34Beagles-32K-bf16-v1-GPTQ,one-man-army/UNA-34Beagles-32K-bf16-v1,GPTQ,harness_hendrycksTest_medical_genetics_5,False,True,no acc_norm or acc column in S1 rows,,,,,,,,,,,,,,
31,S1,MaziyarPanahi/UNA-34Beagles-32K-bf16-v1-GPTQ,one-man-army/UNA-34Beagles-32K-bf16-v1,GPTQ,harness_hendrycksTest_miscellaneous_5,False,True,no acc_norm or acc column in S1 rows,,,,,,,,,,,,,,
31,S1,MaziyarPanahi/UNA-34Beagles-32K-bf16-v1-GPTQ,one-man-army/UNA-34Beagles-32K-bf16-v1,GPTQ,harness_hendrycksTest_moral_disputes_5,False,True,no acc_norm or acc column in S1 rows,,,,,,,,,,,,,,
31,S1,MaziyarPanahi/UNA-34Beagles-32K-bf16-v1-GPTQ,one-man-army/UNA-34Beagles-32K-bf16-v1,GPTQ,harness_hendrycksTest_moral_scenarios_5,False,True,no acc_norm or acc column in S1 rows,,,,,,,,,,,,,,
31,S1,MaziyarPanahi/UNA-34Beagles-32K-bf16-v1-GPTQ,one-man-army/UNA-34Beagles-32K-bf16-v1,GPTQ,harness_hendrycksTest_nutrition_5,False,True,no acc_norm or acc column in S1 rows,,,,,,,,,,,,,,
31,S1,MaziyarPanahi/UNA-34Beagles-32K-bf16-v1-GPTQ,one-man-army/UNA-34Beagles-32K-bf16-v1,GPTQ,harness_hendrycksTest_philosophy_5,False,True,no acc_norm or acc column in S1 rows,,,,,,,,,,,,,,
31,S1,MaziyarPanahi/UNA-34Beagles-32K-bf16-v1-GPTQ,one-man-army/UNA-34Beagles-32K-bf16-v1,GPTQ,harness_hendrycksTest_prehistory_5,False,True,no acc_norm or acc column in S1 rows,,,,,,,,,,,,,,
31,S1,MaziyarPanahi/UNA-34Beagles-32K-bf16-v1-GPTQ,one-man-army/UNA-34Beagles-32K-bf16-v1,GPTQ,harness_hendrycksTest_professional_accounting_5,False,True,no acc_norm or acc column in S1 rows,,,,,,,,,,,,,,
31,S1,MaziyarPanahi/UNA-34Beagles-32K-bf16-v1-GPTQ,one-man-army/UNA-34Beagles-32K-bf16-v1,GPTQ,harness_hendrycksTest_professional_law_5,False,True,no acc_norm or acc column in S1 rows,,,,,,,,,,,,,,
31,S1,MaziyarPanahi/UNA-34Beagles-32K-bf16-v1-GPTQ,one-man-army/UNA-34Beagles-32K-bf16-v1,GPTQ,harness_hendrycksTest_professional_medicine_5,False,True,no acc_norm or acc column in S1 rows,,,,,,,,,,,,,,
31,S1,MaziyarPanahi/UNA-34Beagles-32K-bf16-v1-GPTQ,one-man-army/UNA-34Beagles-32K-bf16-v1,GPTQ,harness_hendrycksTest_professional_psychology_5,False,True,no acc_norm or acc column in S1 rows,,,,,,,,,,,,,,
31,S1,MaziyarPanahi/UNA-34Beagles-32K-bf16-v1-GPTQ,one-man-army/UNA-34Beagles-32K-bf16-v1,GPTQ,harness_hendrycksTest_public_relations_5,False,True,no acc_norm or acc column in S1 rows,,,,,,,,,,,,,,
31,S1,MaziyarPanahi/UNA-34Beagles-32K-bf16-v1-GPTQ,one-man-army/UNA-34Beagles-32K-bf16-v1,GPTQ,harness_hendrycksTest_security_studies_5,False,True,no acc_norm or acc column in S1 rows,,,,,,,,,,,,,,
31,S1,MaziyarPanahi/UNA-34Beagles-32K-bf16-v1-GPTQ,one-man-army/UNA-34Beagles-32K-bf16-v1,GPTQ,harness_hendrycksTest_sociology_5,False,True,no acc_norm or acc column in S1 rows,,,,,,,,,,,,,,
31,S1,MaziyarPanahi/UNA-34Beagles-32K-bf16-v1-GPTQ,one-man-army/UNA-34Beagles-32K-bf16-v1,GPTQ,harness_hendrycksTest_us_foreign_policy_5,False,True,no acc_norm or acc column in S1 rows,,,,,,,,,,,,,,
31,S1,MaziyarPanahi/UNA-34Beagles-32K-bf16-v1-GPTQ,one-man-army/UNA-34Beagles-32K-bf16-v1,GPTQ,harness_hendrycksTest_virology_5,False,True,no acc_norm or acc column in S1 rows,,,,,,,,,,,,,,
31,S1,MaziyarPanahi/UNA-34Beagles-32K-bf16-v1-GPTQ,one-man-army/UNA-34Beagles-32K-bf16-v1,GPTQ,harness_hendrycksTest_world_religions_5,False,True,no acc_norm or acc column in S1 rows,,,,,,,,,,,,,,
31,S1,MaziyarPanahi/UNA-34Beagles-32K-bf16-v1-GPTQ,one-man-army/UNA-34Beagles-32K-bf16-v1,GPTQ,harness_truthfulqa_mc_0,False,True,no acc_norm or acc column in S1 rows,,,,,,,,,,,,,,
31,S1,MaziyarPanahi/UNA-34Beagles-32K-bf16-v1-GPTQ,one-man-army/UNA-34Beagles-32K-bf16-v1,GPTQ,harness_winogrande_5,False,True,no acc_norm or acc column in S1 rows,,,,,,,,,,,,,,
32,S1,TheBloke/WizardLM-30B-GPTQ,WizardLM/WizardLM-30B-V1.0,GPTQ,harness_drop_3,False,True,no acc_norm or acc column in S1 rows,,,,,,,,,,,,,,
32,S1,TheBloke/WizardLM-30B-GPTQ,WizardLM/WizardLM-30B-V1.0,GPTQ,harness_gsm8k_5,False,True,no acc_norm or acc column in S1 rows,,,,,,,,,,,,,,
32,S1,TheBloke/WizardLM-30B-GPTQ,WizardLM/WizardLM-30B-V1.0,GPTQ,harness_winogrande_5,False,True,no acc_norm or acc column in S1 rows,,,,,,,,,,,,,,
33,S1,TheBloke/Project-Baize-v2-13B-GPTQ,project-baize/baize-v2-13b,GPTQ,harness_arc_challenge_25,False,True,no joinable items,,,,,,,,,,,,,,0.0
33,S1,TheBloke/Project-Baize-v2-13B-GPTQ,project-baize/baize-v2-13b,GPTQ,harness_hellaswag_10,False,False,,9997,acc_norm,0.7928378513554066,0.26437931379413826,-0.5284585375612684,0.5742722816845054,0.04581374412323697,0.6200860258077423,0.48714614384315297,0.0,False,0.01635881045667955,10,1.0
33,S1,TheBloke/Project-Baize-v2-13B-GPTQ,project-baize/baize-v2-13b,GPTQ,harness_hendrycksTest_5,False,True,"no parquet found for task harness_hendrycksTest_5 in runs ['2023_07_18T16_42_29.519016', '2023_10_12T16_13_42.802156']",,,,,,,,,,,,,,
33,S1,TheBloke/Project-Baize-v2-13B-GPTQ,project-baize/baize-v2-13b,GPTQ,harness_hendrycksTest_abstract_algebra_5,False,False,,100,acc_norm,0.36,0.28,-0.07999999999999996,0.31,0.23,0.54,0.84,0.3408909412200971,False,0.205680988309583,662,1.0
33,S1,TheBloke/Project-Baize-v2-13B-GPTQ,project-baize/baize-v2-13b,GPTQ,harness_hendrycksTest_anatomy_5,False,False,,135,acc_norm,0.5111111111111111,0.3333333333333333,-0.17777777777777776,0.3333333333333333,0.15555555555555556,0.4888888888888889,0.7777777777777778,0.004272405031651674,False,0.16366070501039848,115,1.0
33,S1,TheBloke/Project-Baize-v2-13B-GPTQ,project-baize/baize-v2-13b,GPTQ,harness_hendrycksTest_astronomy_5,False,False,,152,acc_norm,0.45394736842105265,0.24342105263157895,-0.2105263157894737,0.3684210526315789,0.15789473684210525,0.5263157894736842,0.8157894736842105,0.0004515172719148108,False,0.1582837704016732,86,1.0
33,S1,TheBloke/Project-Baize-v2-13B-GPTQ,project-baize/baize-v2-13b,GPTQ,harness_hendrycksTest_business_ethics_5,False,False,,100,acc_norm,0.45,0.25,-0.2,0.3,0.1,0.4,0.69,0.0022214337732293643,False,0.16894194521248565,72,1.0
33,S1,TheBloke/Project-Baize-v2-13B-GPTQ,project-baize/baize-v2-13b,GPTQ,harness_hendrycksTest_clinical_knowledge_5,False,False,,265,acc_norm,0.4830188679245283,0.20754716981132076,-0.27547169811320754,0.4075471698113208,0.1320754716981132,0.539622641509434,0.8301886792452831,7.381338353514595e-10,False,0.11741895452679324,49,1.0
33,S1,TheBloke/Project-Baize-v2-13B-GPTQ,project-baize/baize-v2-13b,GPTQ,harness_hendrycksTest_college_biology_5,False,False,,144,acc_norm,0.4930555555555556,0.2638888888888889,-0.22916666666666669,0.375,0.14583333333333334,0.5208333333333334,0.7777777777777778,0.00017630923003028777,False,0.16032649693643602,71,1.0
33,S1,TheBloke/Project-Baize-v2-13B-GPTQ,project-baize/baize-v2-13b,GPTQ,harness_hendrycksTest_college_chemistry_5,False,False,,100,acc_norm,0.39,0.28,-0.10999999999999999,0.28,0.17,0.45,0.74,0.1351564508456704,False,0.1863261080528867,287,1.0
33,S1,TheBloke/Project-Baize-v2-13B-GPTQ,project-baize/baize-v2-13b,GPTQ,harness_hendrycksTest_college_computer_science_5,False,False,,100,acc_norm,0.44,0.32,-0.12,0.3,0.18,0.48,0.64,0.11140289106101878,False,0.19212891306485913,257,1.0
33,S1,TheBloke/Project-Baize-v2-13B-GPTQ,project-baize/baize-v2-13b,GPTQ,harness_hendrycksTest_college_mathematics_5,False,False,,100,acc_norm,0.38,0.24,-0.14,0.31,0.17,0.48,0.83,0.05946337525377034,False,0.19105301579770254,187,1.0
33,S1,TheBloke/Project-Baize-v2-13B-GPTQ,project-baize/baize-v2-13b,GPTQ,harness_hendrycksTest_college_medicine_5,False,False,,173,acc_norm,0.3988439306358382,0.2254335260115607,-0.17341040462427748,0.30057803468208094,0.12716763005780346,0.4277456647398844,0.7630057803468208,0.0006428073490507027,False,0.1347111314036917,105,1.0
33,S1,TheBloke/Project-Baize-v2-13B-GPTQ,project-baize/baize-v2-13b,GPTQ,harness_hendrycksTest_college_physics_5,False,False,,80,acc_norm,0.2,0.2,0.0,0.15,0.15,0.3,0.725,1.0,False,0.17264377315420495,,1.0
33,S1,TheBloke/Project-Baize-v2-13B-GPTQ,project-baize/baize-v2-13b,GPTQ,harness_hendrycksTest_computer_security_5,False,False,,100,acc_norm,0.65,0.3,-0.35000000000000003,0.48,0.13,0.61,0.76,7.665168380445453e-06,False,0.1965954897007009,32,1.0
33,S1,TheBloke/Project-Baize-v2-13B-GPTQ,project-baize/baize-v2-13b,GPTQ,harness_hendrycksTest_conceptual_physics_5,False,False,,235,acc_norm,0.4127659574468085,0.2765957446808511,-0.13617021276595742,0.30638297872340425,0.1702127659574468,0.4765957446808511,0.7276595744680852,0.003216939951651847,False,0.12395212386521601,195,1.0
33,S1,TheBloke/Project-Baize-v2-13B-GPTQ,project-baize/baize-v2-13b,GPTQ,harness_hendrycksTest_econometrics_5,False,False,,114,acc_norm,0.30701754385964913,0.2719298245614035,-0.03508771929824561,0.21929824561403508,0.18421052631578946,0.40350877192982454,0.7017543859649122,0.6587380770236564,False,0.16715814910255689,2588,1.0
33,S1,TheBloke/Project-Baize-v2-13B-GPTQ,project-baize/baize-v2-13b,GPTQ,harness_hendrycksTest_electrical_engineering_5,False,False,,145,acc_norm,0.4482758620689655,0.2689655172413793,-0.17931034482758623,0.3586206896551724,0.1793103448275862,0.5379310344827586,0.8,0.004334880883507413,False,0.16603625034873543,125,1.0
33,S1,TheBloke/Project-Baize-v2-13B-GPTQ,project-baize/baize-v2-13b,GPTQ,harness_hendrycksTest_elementary_mathematics_5,False,False,,376,acc_norm,0.30319148936170215,0.24202127659574468,-0.061170212765957466,0.24202127659574468,0.18085106382978725,0.4228723404255319,0.776595744680851,0.08070858724864134,False,0.09366187761784939,882,1.0
33,S1,TheBloke/Project-Baize-v2-13B-GPTQ,project-baize/baize-v2-13b,GPTQ,harness_hendrycksTest_formal_logic_5,False,False,,126,acc_norm,0.31746031746031744,0.23809523809523808,-0.07936507936507936,0.2698412698412698,0.19047619047619047,0.4603174603174603,0.8333333333333334,0.23704711476271959,False,0.16884401648366823,571,1.0
33,S1,TheBloke/Project-Baize-v2-13B-GPTQ,project-baize/baize-v2-13b,GPTQ,harness_hendrycksTest_global_facts_5,False,False,,100,acc_norm,0.35,0.34,-0.009999999999999953,0.19,0.18,0.37,0.62,1.0,False,0.1712491425543889,29327,1.0
33,S1,TheBloke/Project-Baize-v2-13B-GPTQ,project-baize/baize-v2-13b,GPTQ,harness_hendrycksTest_high_school_biology_5,False,False,,310,acc_norm,0.535483870967742,0.23225806451612904,-0.3032258064516129,0.4032258064516129,0.1,0.5032258064516129,0.7677419354838709,1.3957568673972633e-14,False,0.1022099907679502,36,1.0
33,S1,TheBloke/Project-Baize-v2-13B-GPTQ,project-baize/baize-v2-13b,GPTQ,harness_hendrycksTest_high_school_chemistry_5,False,False,,203,acc_norm,0.3645320197044335,0.2857142857142857,-0.0788177339901478,0.2512315270935961,0.1724137931034483,0.4236453201970443,0.729064039408867,0.10522535125694396,False,0.12735663812302989,531,1.0
33,S1,TheBloke/Project-Baize-v2-13B-GPTQ,project-baize/baize-v2-13b,GPTQ,harness_hendrycksTest_high_school_computer_science_5,False,False,,100,acc_norm,0.53,0.27,-0.26,0.36,0.1,0.46,0.75,0.00015641720852954677,False,0.17638056902299235,47,1.0
33,S1,TheBloke/Project-Baize-v2-13B-GPTQ,project-baize/baize-v2-13b,GPTQ,harness_hendrycksTest_high_school_european_history_5,False,False,,165,acc_norm,0.6303030303030303,0.26666666666666666,-0.3636363636363636,0.4666666666666667,0.10303030303030303,0.5696969696969697,0.7454545454545455,2.7046423167464105e-10,False,0.14469510850089273,27,1.0
33,S1,TheBloke/Project-Baize-v2-13B-GPTQ,project-baize/baize-v2-13b,GPTQ,harness_hendrycksTest_high_school_geography_5,False,False,,198,acc_norm,0.5505050505050505,0.25757575757575757,-0.29292929292929293,0.398989898989899,0.10606060606060606,0.5050505050505051,0.7727272727272727,4.3373666334216375e-09,False,0.1292419792312952,39,1.0
33,S1,TheBloke/Project-Baize-v2-13B-GPTQ,project-baize/baize-v2-13b,GPTQ,harness_hendrycksTest_high_school_government_and_politics_5,False,False,,193,acc_norm,0.6839378238341969,0.20207253886010362,-0.48186528497409326,0.5492227979274611,0.06735751295336788,0.616580310880829,0.8134715025906736,2.67096484889128e-19,False,0.1253536814259033,14,1.0
33,S1,TheBloke/Project-Baize-v2-13B-GPTQ,project-baize/baize-v2-13b,GPTQ,harness_hendrycksTest_high_school_macroeconomics_5,False,False,,390,acc_norm,0.4564102564102564,0.2128205128205128,-0.24358974358974358,0.3769230769230769,0.13333333333333333,0.5102564102564102,0.8333333333333334,1.0784015496377771e-11,False,0.09538476215046833,60,1.0
33,S1,TheBloke/Project-Baize-v2-13B-GPTQ,project-baize/baize-v2-13b,GPTQ,harness_hendrycksTest_high_school_mathematics_5,False,False,,270,acc_norm,0.2518518518518518,0.2851851851851852,0.03333333333333338,0.1814814814814815,0.21481481481481482,0.3962962962962963,0.725925925925926,0.4394401017790822,False,0.10738114361883305,2802,1.0
33,S1,TheBloke/Project-Baize-v2-13B-GPTQ,project-baize/baize-v2-13b,GPTQ,harness_hendrycksTest_high_school_microeconomics_5,False,False,,238,acc_norm,0.47058823529411764,0.21428571428571427,-0.25630252100840334,0.3907563025210084,0.13445378151260504,0.5252100840336135,0.8529411764705882,4.364334858880247e-08,False,0.12336201340621292,56,1.0
33,S1,TheBloke/Project-Baize-v2-13B-GPTQ,project-baize/baize-v2-13b,GPTQ,harness_hendrycksTest_high_school_physics_5,False,False,,151,acc_norm,0.2582781456953642,0.23841059602649006,-0.019867549668874163,0.18543046357615894,0.16556291390728478,0.3509933774834437,0.7152317880794702,0.7838463022094988,False,0.1354451106857679,7019,1.0
33,S1,TheBloke/Project-Baize-v2-13B-GPTQ,project-baize/baize-v2-13b,GPTQ,harness_hendrycksTest_high_school_psychology_5,False,False,,523,acc_norm,0.6481835564053537,0.2237093690248566,-0.42447418738049714,0.4818355640535373,0.05736137667304015,0.5391969407265774,0.762906309751434,7.150317676320143e-45,False,0.07347287993466647,16,1.0
33,S1,TheBloke/Project-Baize-v2-13B-GPTQ,project-baize/baize-v2-13b,GPTQ,harness_hendrycksTest_high_school_statistics_5,False,False,,216,acc_norm,0.35185185185185186,0.2916666666666667,-0.060185185185185175,0.22685185185185186,0.16666666666666666,0.39351851851851855,0.7129629629629629,0.19276043534155876,False,0.11930513681862434,849,1.0
33,S1,TheBloke/Project-Baize-v2-13B-GPTQ,project-baize/baize-v2-13b,GPTQ,harness_hendrycksTest_high_school_us_history_5,False,False,,204,acc_norm,0.6519607843137255,0.2647058823529412,-0.3872549019607843,0.49019607843137253,0.10294117647058823,0.5931372549019608,0.7794117647058824,1.606311290539171e-13,False,0.13090053876557622,24,1.0
33,S1,TheBloke/Project-Baize-v2-13B-GPTQ,project-baize/baize-v2-13b,GPTQ,harness_hendrycksTest_high_school_world_history_5,False,False,,237,acc_norm,0.7088607594936709,0.21940928270042195,-0.48945147679324896,0.5569620253164557,0.06751054852320675,0.6244725738396625,0.7679324894514767,6.952852160091013e-24,False,0.11314290743224785,13,1.0
33,S1,TheBloke/Project-Baize-v2-13B-GPTQ,project-baize/baize-v2-13b,GPTQ,harness_hendrycksTest_human_aging_5,False,False,,223,acc_norm,0.5650224215246636,0.2600896860986547,-0.30493273542600896,0.42152466367713004,0.11659192825112108,0.5381165919282511,0.7668161434977578,3.139643327629842e-10,False,0.12545040279700947,38,1.0
33,S1,TheBloke/Project-Baize-v2-13B-GPTQ,project-baize/baize-v2-13b,GPTQ,harness_hendrycksTest_human_sexuality_5,False,False,,131,acc_norm,0.5725190839694656,0.16030534351145037,-0.41221374045801523,0.48091603053435117,0.06870229007633588,0.549618320610687,0.8244274809160306,4.181227909275131e-11,False,0.1514088996619588,18,1.0
33,S1,TheBloke/Project-Baize-v2-13B-GPTQ,project-baize/baize-v2-13b,GPTQ,harness_hendrycksTest_international_law_5,False,False,,121,acc_norm,0.6776859504132231,0.2727272727272727,-0.4049586776859504,0.5206611570247934,0.11570247933884298,0.6363636363636364,0.8016528925619835,1.414072408794608e-08,False,0.17577428347504342,23,1.0
33,S1,TheBloke/Project-Baize-v2-13B-GPTQ,project-baize/baize-v2-13b,GPTQ,harness_hendrycksTest_jurisprudence_5,False,False,,108,acc_norm,0.5555555555555556,0.2777777777777778,-0.2777777777777778,0.39814814814814814,0.12037037037037036,0.5185185185185185,0.7777777777777778,7.333218396948782e-05,False,0.17993160838808925,46,1.0
33,S1,TheBloke/Project-Baize-v2-13B-GPTQ,project-baize/baize-v2-13b,GPTQ,harness_hendrycksTest_logical_fallacies_5,False,False,,163,acc_norm,0.5766871165644172,0.26380368098159507,-0.3128834355828221,0.4110429447852761,0.09815950920245399,0.50920245398773,0.7116564417177914,1.3888556445417404e-08,False,0.1411656618946992,34,1.0
33,S1,TheBloke/Project-Baize-v2-13B-GPTQ,project-baize/baize-v2-13b,GPTQ,harness_hendrycksTest_machine_learning_5,False,False,,112,acc_norm,0.3392857142857143,0.20535714285714285,-0.13392857142857145,0.25892857142857145,0.125,0.38392857142857145,0.7678571428571429,0.03153949735315109,False,0.16087107784200902,162,1.0
33,S1,TheBloke/Project-Baize-v2-13B-GPTQ,project-baize/baize-v2-13b,GPTQ,harness_hendrycksTest_management_5,False,False,,103,acc_norm,0.6504854368932039,0.18446601941747573,-0.46601941747572817,0.5436893203883495,0.07766990291262135,0.6213592233009708,0.7961165048543689,5.562672242319724e-10,False,0.17635749240808923,15,1.0
33,S1,TheBloke/Project-Baize-v2-13B-GPTQ,project-baize/baize-v2-13b,GPTQ,harness_hendrycksTest_marketing_5,False,False,,234,acc_norm,0.6923076923076923,0.24786324786324787,-0.4444444444444444,0.5341880341880342,0.08974358974358974,0.6239316239316239,0.7948717948717948,3.27958760373906e-19,False,0.11984912335177403,18,1.0
33,S1,TheBloke/Project-Baize-v2-13B-GPTQ,project-baize/baize-v2-13b,GPTQ,harness_hendrycksTest_medical_genetics_5,False,False,,100,acc_norm,0.54,0.19,-0.35000000000000003,0.43,0.08,0.51,0.73,6.867117736675254e-07,False,0.1752758546486966,26,1.0
33,S1,TheBloke/Project-Baize-v2-13B-GPTQ,project-baize/baize-v2-13b,GPTQ,harness_hendrycksTest_miscellaneous_5,False,False,,783,acc_norm,0.6819923371647509,0.2720306513409962,-0.40996168582375475,0.48020434227330777,0.070242656449553,0.5504469987228607,0.719029374201788,7.147521636903488e-60,False,0.06195083224300041,18,1.0
33,S1,TheBloke/Project-Baize-v2-13B-GPTQ,project-baize/baize-v2-13b,GPTQ,harness_hendrycksTest_moral_disputes_5,False,False,,346,acc_norm,0.5491329479768786,0.2630057803468208,-0.2861271676300578,0.3959537572254335,0.10982658959537572,0.5057803468208093,0.7312138728323699,2.460280364875571e-14,False,0.09820462360952614,41,1.0
33,S1,TheBloke/Project-Baize-v2-13B-GPTQ,project-baize/baize-v2-13b,GPTQ,harness_hendrycksTest_moral_scenarios_5,False,False,,895,acc_norm,0.24916201117318434,0.24804469273743016,-0.0011173184357541888,0.14972067039106146,0.14860335195530727,0.29832402234636873,0.5977653631284916,1.0,False,0.05117740752590249,1877698,1.0
33,S1,TheBloke/Project-Baize-v2-13B-GPTQ,project-baize/baize-v2-13b,GPTQ,harness_hendrycksTest_nutrition_5,False,False,,306,acc_norm,0.5359477124183006,0.2777777777777778,-0.25816993464052285,0.39869281045751637,0.14052287581699346,0.5392156862745098,0.7777777777777778,5.927104069335543e-10,False,0.1102768167620147,56,1.0
33,S1,TheBloke/Project-Baize-v2-13B-GPTQ,project-baize/baize-v2-13b,GPTQ,harness_hendrycksTest_philosophy_5,False,False,,311,acc_norm,0.5659163987138264,0.2861736334405145,-0.2797427652733119,0.39228295819935693,0.11254019292604502,0.5048231511254019,0.7138263665594855,1.7493089809614953e-12,False,0.10392419930317737,43,1.0
33,S1,TheBloke/Project-Baize-v2-13B-GPTQ,project-baize/baize-v2-13b,GPTQ,harness_hendrycksTest_prehistory_5,False,False,,324,acc_norm,0.5709876543209876,0.31790123456790126,-0.2530864197530864,0.39814814814814814,0.14506172839506173,0.5432098765432098,0.7283950617283951,4.987449136782682e-10,False,0.10790499736000915,59,1.0
33,S1,TheBloke/Project-Baize-v2-13B-GPTQ,project-baize/baize-v2-13b,GPTQ,harness_hendrycksTest_professional_accounting_5,False,False,,282,acc_norm,0.375886524822695,0.28368794326241137,-0.09219858156028365,0.2801418439716312,0.1879432624113475,0.46808510638297873,0.7836879432624113,0.029171626999401647,False,0.1133009045576816,426,1.0
33,S1,TheBloke/Project-Baize-v2-13B-GPTQ,project-baize/baize-v2-13b,GPTQ,harness_hendrycksTest_professional_law_5,False,False,,1534,acc_norm,0.39895697522816165,0.26140808344198174,-0.1375488917861799,0.2770534550195567,0.1395045632333768,0.4165580182529335,0.7086049543676662,5.107529167590103e-17,False,0.04512080874515573,166,1.0
33,S1,TheBloke/Project-Baize-v2-13B-GPTQ,project-baize/baize-v2-13b,GPTQ,harness_hendrycksTest_professional_medicine_5,False,False,,272,acc_norm,0.5183823529411765,0.30514705882352944,-0.21323529411764708,0.33455882352941174,0.1213235294117647,0.45588235294117646,0.7058823529411765,1.8592713687301678e-07,False,0.10902592479659445,72,1.0
33,S1,TheBloke/Project-Baize-v2-13B-GPTQ,project-baize/baize-v2-13b,GPTQ,harness_hendrycksTest_professional_psychology_5,False,False,,610,acc_norm,0.4918032786885246,0.26557377049180325,-0.22622950819672133,0.35737704918032787,0.13114754098360656,0.4885245901639344,0.7639344262295082,6.189355857694202e-16,False,0.07507704565857772,68,1.0
33,S1,TheBloke/Project-Baize-v2-13B-GPTQ,project-baize/baize-v2-13b,GPTQ,harness_hendrycksTest_public_relations_5,False,False,,106,acc_norm,0.5660377358490566,0.32075471698113206,-0.24528301886792453,0.37735849056603776,0.1320754716981132,0.5094339622641509,0.7169811320754716,0.0005354355028570622,False,0.18325802239151948,60,1.0
33,S1,TheBloke/Project-Baize-v2-13B-GPTQ,project-baize/baize-v2-13b,GPTQ,harness_hendrycksTest_security_studies_5,False,False,,245,acc_norm,0.5836734693877551,0.3224489795918367,-0.2612244897959184,0.3673469387755102,0.10612244897959183,0.47346938775510206,0.6775510204081633,1.894640656756038e-09,False,0.11417219146026228,47,1.0
33,S1,TheBloke/Project-Baize-v2-13B-GPTQ,project-baize/baize-v2-13b,GPTQ,harness_hendrycksTest_sociology_5,False,False,,201,acc_norm,0.6318407960199005,0.2835820895522388,-0.3482587064676617,0.4527363184079602,0.1044776119402985,0.5572139303482587,0.7313432835820896,1.419861081655098e-11,False,0.1307968004577877,29,1.0
33,S1,TheBloke/Project-Baize-v2-13B-GPTQ,project-baize/baize-v2-13b,GPTQ,harness_hendrycksTest_us_foreign_policy_5,False,False,,98,acc_norm,0.7857142857142857,0.22448979591836735,-0.5612244897959183,0.5918367346938775,0.030612244897959183,0.6224489795918368,0.7551020408163265,3.2857397358476703e-14,False,0.1577333829879308,8,1.0
33,S1,TheBloke/Project-Baize-v2-13B-GPTQ,project-baize/baize-v2-13b,GPTQ,harness_hendrycksTest_virology_5,False,False,,166,acc_norm,0.4397590361445783,0.2710843373493976,-0.1686746987951807,0.3313253012048193,0.16265060240963855,0.4939759036144578,0.8012048192771084,0.0026424928957725444,False,0.14881038927928741,130,1.0
33,S1,TheBloke/Project-Baize-v2-13B-GPTQ,project-baize/baize-v2-13b,GPTQ,harness_hendrycksTest_world_religions_5,False,False,,171,acc_norm,0.7309941520467836,0.21637426900584794,-0.5146198830409356,0.5672514619883041,0.05263157894736842,0.6198830409356725,0.783625730994152,8.903352154294225e-20,False,0.1280335473757128,11,1.0
33,S1,TheBloke/Project-Baize-v2-13B-GPTQ,project-baize/baize-v2-13b,GPTQ,harness_truthfulqa_mc_0,False,True,no acc_norm or acc column in S1 rows,,,,,,,,,,,,,,
34,S1,TheBloke/vicuna-13b-v1.3.0-GPTQ,lmsys/vicuna-13b-v1.3,GPTQ,harness_drop_3,False,True,no acc_norm or acc column in S1 rows,,,,,,,,,,,,,,
34,S1,TheBloke/vicuna-13b-v1.3.0-GPTQ,lmsys/vicuna-13b-v1.3,GPTQ,harness_gsm8k_5,False,True,no acc_norm or acc column in S1 rows,,,,,,,,,,,,,,
34,S1,TheBloke/vicuna-13b-v1.3.0-GPTQ,lmsys/vicuna-13b-v1.3,GPTQ,harness_winogrande_5,False,True,no acc_norm or acc column in S1 rows,,,,,,,,,,,,,,
35,S1,TheBloke/Project-Baize-v2-7B-GPTQ,project-baize/baize-v2-7b,GPTQ,harness_arc_challenge_25,False,True,no joinable items,,,,,,,,,,,,,,0.0
35,S1,TheBloke/Project-Baize-v2-7B-GPTQ,project-baize/baize-v2-7b,GPTQ,harness_drop_3,False,True,no acc_norm or acc column in S1 rows,,,,,,,,,,,,,,
35,S1,TheBloke/Project-Baize-v2-7B-GPTQ,project-baize/baize-v2-7b,GPTQ,harness_gsm8k_5,False,False,,1319,acc,0.04169825625473844,0.025018953752843062,-0.01667930250189538,0.032600454890068235,0.01592115238817286,0.04852160727824109,0.8749052312357847,0.008146902228698568,False,0.016949821251320416,1363,1.0
35,S1,TheBloke/Project-Baize-v2-7B-GPTQ,project-baize/baize-v2-7b,GPTQ,harness_hellaswag_10,False,False,,9997,acc_norm,0.7506251875562668,0.7344203260978294,-0.01620486145843747,0.035410623186956085,0.019205761728518556,0.054616384915474644,0.06021806541962589,3.903256229444365e-12,False,0.006532894114239444,1625,1.0
35,S1,TheBloke/Project-Baize-v2-7B-GPTQ,project-baize/baize-v2-7b,GPTQ,harness_hendrycksTest_5,False,True,"no parquet found for task harness_hendrycksTest_5 in runs ['2023_07_19T16_24_12.338026', '2023_10_17T20_41_40.256040']",,,,,,,,,,,,,,
35,S1,TheBloke/Project-Baize-v2-7B-GPTQ,project-baize/baize-v2-7b,GPTQ,harness_hendrycksTest_abstract_algebra_5,False,False,,100,acc_norm,0.32,0.25,-0.07,0.14,0.07,0.21,0.47,0.18924713134765625,False,0.12751728872742676,332,1.0
35,S1,TheBloke/Project-Baize-v2-7B-GPTQ,project-baize/baize-v2-7b,GPTQ,harness_hendrycksTest_anatomy_5,False,False,,135,acc_norm,0.45925925925925926,0.4,-0.059259259259259234,0.14814814814814814,0.08888888888888889,0.23703703703703705,0.3333333333333333,0.21532714972272515,False,0.11695491543624068,526,1.0
35,S1,TheBloke/Project-Baize-v2-7B-GPTQ,project-baize/baize-v2-7b,GPTQ,harness_hendrycksTest_astronomy_5,False,False,,152,acc_norm,0.3684210526315789,0.3355263157894737,-0.032894736842105254,0.13815789473684212,0.10526315789473684,0.24342105263157895,0.46710526315789475,0.5113757815852296,False,0.11223466366638314,1770,1.0
35,S1,TheBloke/Project-Baize-v2-7B-GPTQ,project-baize/baize-v2-7b,GPTQ,harness_hendrycksTest_business_ethics_5,False,False,,100,acc_norm,0.48,0.41,-0.07,0.15,0.08,0.23,0.3,0.21003961563110352,False,0.1335900115800556,365,1.0
35,S1,TheBloke/Project-Baize-v2-7B-GPTQ,project-baize/baize-v2-7b,GPTQ,harness_hendrycksTest_clinical_knowledge_5,False,False,,265,acc_norm,0.47547169811320755,0.4,-0.07547169811320753,0.14339622641509434,0.06792452830188679,0.21132075471698114,0.3433962264150943,0.01045481832189218,False,0.07818790858737744,285,1.0
35,S1,TheBloke/Project-Baize-v2-7B-GPTQ,project-baize/baize-v2-7b,GPTQ,harness_hendrycksTest_college_biology_5,False,False,,144,acc_norm,0.3819444444444444,0.3472222222222222,-0.03472222222222221,0.08333333333333333,0.04861111111111111,0.13194444444444445,0.2569444444444444,0.359283447265625,False,0.08471066386531666,858,1.0
35,S1,TheBloke/Project-Baize-v2-7B-GPTQ,project-baize/baize-v2-7b,GPTQ,harness_hendrycksTest_college_chemistry_5,False,False,,100,acc_norm,0.3,0.26,-0.03999999999999998,0.16,0.12,0.28,0.53,0.5715881884098053,False,0.1485664874470396,1380,1.0
35,S1,TheBloke/Project-Baize-v2-7B-GPTQ,project-baize/baize-v2-7b,GPTQ,harness_hendrycksTest_college_computer_science_5,False,False,,100,acc_norm,0.32,0.4,0.08000000000000002,0.09,0.17,0.26,0.44,0.16863754391670227,False,0.14179498290874112,315,1.0
35,S1,TheBloke/Project-Baize-v2-7B-GPTQ,project-baize/baize-v2-7b,GPTQ,harness_hendrycksTest_college_mathematics_5,False,False,,100,acc_norm,0.28,0.31,0.02999999999999997,0.11,0.14,0.25,0.4,0.6900379657745361,False,0.14053131294283833,2195,1.0
35,S1,TheBloke/Project-Baize-v2-7B-GPTQ,project-baize/baize-v2-7b,GPTQ,harness_hendrycksTest_college_medicine_5,False,False,,173,acc_norm,0.35260115606936415,0.28901734104046245,-0.0635838150289017,0.14450867052023122,0.08092485549132948,0.2254335260115607,0.3815028901734104,0.10812902140605732,False,0.10051230359257894,433,1.0
35,S1,TheBloke/Project-Baize-v2-7B-GPTQ,project-baize/baize-v2-7b,GPTQ,harness_hendrycksTest_college_physics_5,False,False,,80,acc_norm,0.2125,0.2875,0.07499999999999998,0.1125,0.1875,0.3,0.6125,0.30745625495910645,False,0.17101757892466296,416,1.0
35,S1,TheBloke/Project-Baize-v2-7B-GPTQ,project-baize/baize-v2-7b,GPTQ,harness_hendrycksTest_computer_security_5,False,False,,100,acc_norm,0.46,0.34,-0.12,0.21,0.09,0.3,0.41,0.042773945257067694,False,0.1504753428618621,158,1.0
35,S1,TheBloke/Project-Baize-v2-7B-GPTQ,project-baize/baize-v2-7b,GPTQ,harness_hendrycksTest_conceptual_physics_5,False,False,,235,acc_norm,0.37872340425531914,0.2936170212765957,-0.08510638297872342,0.2127659574468085,0.1276595744680851,0.3404255319148936,0.5148936170212766,0.03299261842647619,False,0.10571508366140252,363,1.0
35,S1,TheBloke/Project-Baize-v2-7B-GPTQ,project-baize/baize-v2-7b,GPTQ,harness_hendrycksTest_econometrics_5,False,False,,114,acc_norm,0.2807017543859649,0.2543859649122807,-0.02631578947368418,0.10526315789473684,0.07894736842105263,0.18421052631578946,0.34210526315789475,0.6636238098144531,False,0.11290260328298063,2099,1.0
35,S1,TheBloke/Project-Baize-v2-7B-GPTQ,project-baize/baize-v2-7b,GPTQ,harness_hendrycksTest_electrical_engineering_5,False,False,,145,acc_norm,0.3310344827586207,0.36551724137931035,0.03448275862068967,0.07586206896551724,0.1103448275862069,0.18620689655172415,0.30344827586206896,0.44206833839416504,False,0.10042212097096516,1230,1.0
35,S1,TheBloke/Project-Baize-v2-7B-GPTQ,project-baize/baize-v2-7b,GPTQ,harness_hendrycksTest_elementary_mathematics_5,False,False,,376,acc_norm,0.26595744680851063,0.22872340425531915,-0.03723404255319149,0.14095744680851063,0.10372340425531915,0.24468085106382978,0.5106382978723404,0.17498389846296178,False,0.07135991575284963,1382,1.0
35,S1,TheBloke/Project-Baize-v2-7B-GPTQ,project-baize/baize-v2-7b,GPTQ,harness_hendrycksTest_formal_logic_5,False,False,,126,acc_norm,0.29365079365079366,0.30952380952380953,0.015873015873015872,0.12698412698412698,0.14285714285714285,0.2698412698412698,0.42063492063492064,0.8641662404406816,False,0.1301068523463309,8466,1.0
35,S1,TheBloke/Project-Baize-v2-7B-GPTQ,project-baize/baize-v2-7b,GPTQ,harness_hendrycksTest_global_facts_5,False,False,,100,acc_norm,0.3,0.22,-0.07999999999999999,0.19,0.11,0.3,0.6,0.20048842206597334,False,0.15256828542400658,364,1.0
35,S1,TheBloke/Project-Baize-v2-7B-GPTQ,project-baize/baize-v2-7b,GPTQ,harness_hendrycksTest_high_school_biology_5,False,False,,310,acc_norm,0.4064516129032258,0.36451612903225805,-0.04193548387096774,0.13548387096774195,0.0935483870967742,0.22903225806451613,0.36129032258064514,0.1539127693264563,False,0.07597997794893184,1018,1.0
35,S1,TheBloke/Project-Baize-v2-7B-GPTQ,project-baize/baize-v2-7b,GPTQ,harness_hendrycksTest_high_school_chemistry_5,False,False,,203,acc_norm,0.31527093596059114,0.2512315270935961,-0.06403940886699505,0.18226600985221675,0.11822660098522167,0.30049261083743845,0.5566502463054187,0.12373144253809215,False,0.10731515878369308,571,1.0
35,S1,TheBloke/Project-Baize-v2-7B-GPTQ,project-baize/baize-v2-7b,GPTQ,harness_hendrycksTest_high_school_computer_science_5,False,False,,100,acc_norm,0.3,0.34,0.040000000000000036,0.12,0.16,0.28,0.41,0.5715881884098053,False,0.1485664874470396,1380,1.0
35,S1,TheBloke/Project-Baize-v2-7B-GPTQ,project-baize/baize-v2-7b,GPTQ,harness_hendrycksTest_high_school_european_history_5,False,False,,165,acc_norm,0.5272727272727272,0.4484848484848485,-0.07878787878787874,0.1393939393939394,0.06060606060606061,0.2,0.2909090909090909,0.03508203336969018,False,0.09630533859520607,247,1.0
35,S1,TheBloke/Project-Baize-v2-7B-GPTQ,project-baize/baize-v2-7b,GPTQ,harness_hendrycksTest_high_school_geography_5,False,False,,198,acc_norm,0.4292929292929293,0.4292929292929293,0.0,0.1717171717171717,0.1717171717171717,0.3434343434343434,0.5303030303030303,1.0,False,0.11697487383162847,,1.0
35,S1,TheBloke/Project-Baize-v2-7B-GPTQ,project-baize/baize-v2-7b,GPTQ,harness_hendrycksTest_high_school_government_and_politics_5,False,False,,193,acc_norm,0.538860103626943,0.44559585492227977,-0.09326424870466327,0.16062176165803108,0.06735751295336788,0.22797927461139897,0.32124352331606215,0.009559878856634896,False,0.09467902533548345,199,1.0
35,S1,TheBloke/Project-Baize-v2-7B-GPTQ,project-baize/baize-v2-7b,GPTQ,harness_hendrycksTest_high_school_macroeconomics_5,False,False,,390,acc_norm,0.38974358974358975,0.34102564102564104,-0.04871794871794871,0.14615384615384616,0.09743589743589744,0.24358974358974358,0.4282051282051282,0.064212806627131,False,0.06976415960245465,800,1.0
35,S1,TheBloke/Project-Baize-v2-7B-GPTQ,project-baize/baize-v2-7b,GPTQ,harness_hendrycksTest_high_school_mathematics_5,False,False,,270,acc_norm,0.21481481481481482,0.2740740740740741,0.05925925925925926,0.044444444444444446,0.1037037037037037,0.14814814814814814,0.32222222222222224,0.01658900337497471,False,0.06496308365979986,325,1.0
35,S1,TheBloke/Project-Baize-v2-7B-GPTQ,project-baize/baize-v2-7b,GPTQ,harness_hendrycksTest_high_school_microeconomics_5,False,False,,238,acc_norm,0.3067226890756303,0.33613445378151263,0.02941176470588236,0.12605042016806722,0.15546218487394958,0.2815126050420168,0.4957983193277311,0.46381761789686937,False,0.09640738307788749,2558,1.0
35,S1,TheBloke/Project-Baize-v2-7B-GPTQ,project-baize/baize-v2-7b,GPTQ,harness_hendrycksTest_high_school_physics_5,False,False,,151,acc_norm,0.2980132450331126,0.2980132450331126,0.0,0.07947019867549669,0.07947019867549669,0.15894039735099338,0.37748344370860926,1.0,False,0.0911959086705686,,1.0
35,S1,TheBloke/Project-Baize-v2-7B-GPTQ,project-baize/baize-v2-7b,GPTQ,harness_hendrycksTest_high_school_psychology_5,False,False,,523,acc_norm,0.4722753346080306,0.4091778202676864,-0.06309751434034422,0.15105162523900573,0.08795411089866156,0.2390057361376673,0.35181644359464626,0.004024733785229442,False,0.059446336964793414,465,1.0
35,S1,TheBloke/Project-Baize-v2-7B-GPTQ,project-baize/baize-v2-7b,GPTQ,harness_hendrycksTest_high_school_statistics_5,False,False,,216,acc_norm,0.2962962962962963,0.30092592592592593,0.00462962962962965,0.08796296296296297,0.09259259259259259,0.18055555555555555,0.3611111111111111,1.0,False,0.08118284307779935,66419,1.0
35,S1,TheBloke/Project-Baize-v2-7B-GPTQ,project-baize/baize-v2-7b,GPTQ,harness_hendrycksTest_high_school_us_history_5,False,False,,204,acc_norm,0.5,0.4362745098039216,-0.06372549019607843,0.13725490196078433,0.07352941176470588,0.2107843137254902,0.28431372549019607,0.0659940344557981,False,0.08940269536600368,402,1.0
35,S1,TheBloke/Project-Baize-v2-7B-GPTQ,project-baize/baize-v2-7b,GPTQ,harness_hendrycksTest_high_school_world_history_5,False,False,,237,acc_norm,0.510548523206751,0.4936708860759494,-0.016877637130801648,0.13924050632911392,0.12236286919831224,0.2616033755274262,0.379746835443038,0.7035366713552733,False,0.09322511579735886,7231,1.0
35,S1,TheBloke/Project-Baize-v2-7B-GPTQ,project-baize/baize-v2-7b,GPTQ,harness_hendrycksTest_human_aging_5,False,False,,223,acc_norm,0.4618834080717489,0.3721973094170404,-0.0896860986547085,0.2242152466367713,0.13452914798206278,0.35874439461883406,0.547085201793722,0.03299261842647619,False,0.11135141169524475,344,1.0
35,S1,TheBloke/Project-Baize-v2-7B-GPTQ,project-baize/baize-v2-7b,GPTQ,harness_hendrycksTest_human_sexuality_5,False,False,,131,acc_norm,0.44274809160305345,0.4198473282442748,-0.022900763358778664,0.16030534351145037,0.13740458015267176,0.29770992366412213,0.45038167938931295,0.7492586247608418,False,0.1339509979612138,4482,1.0
35,S1,TheBloke/Project-Baize-v2-7B-GPTQ,project-baize/baize-v2-7b,GPTQ,harness_hendrycksTest_international_law_5,False,False,,121,acc_norm,0.5702479338842975,0.45454545454545453,-0.11570247933884298,0.1487603305785124,0.03305785123966942,0.18181818181818182,0.2809917355371901,0.004343509674072266,False,0.10496013487010646,100,1.0
35,S1,TheBloke/Project-Baize-v2-7B-GPTQ,project-baize/baize-v2-7b,GPTQ,harness_hendrycksTest_jurisprudence_5,False,False,,108,acc_norm,0.42592592592592593,0.3148148148148148,-0.1111111111111111,0.18518518518518517,0.07407407407407407,0.25925925925925924,0.4722222222222222,0.03569813817739487,False,0.1345812125358596,159,1.0
35,S1,TheBloke/Project-Baize-v2-7B-GPTQ,project-baize/baize-v2-7b,GPTQ,harness_hendrycksTest_logical_fallacies_5,False,False,,163,acc_norm,0.4049079754601227,0.3374233128834356,-0.06748466257668712,0.1901840490797546,0.12269938650306748,0.3128834355828221,0.49079754601226994,0.16077960181198847,False,0.12222321333280846,535,1.0
35,S1,TheBloke/Project-Baize-v2-7B-GPTQ,project-baize/baize-v2-7b,GPTQ,harness_hendrycksTest_machine_learning_5,False,False,,112,acc_norm,0.24107142857142858,0.23214285714285715,-0.008928571428571425,0.14285714285714285,0.13392857142857142,0.2767857142857143,0.4642857142857143,1.0,False,0.1398787143788637,27489,1.0
35,S1,TheBloke/Project-Baize-v2-7B-GPTQ,project-baize/baize-v2-7b,GPTQ,harness_hendrycksTest_management_5,False,False,,103,acc_norm,0.4563106796116505,0.4077669902912621,-0.04854368932038838,0.1650485436893204,0.11650485436893204,0.2815533980582524,0.4854368932038835,0.45825831964612007,False,0.14657471344309322,940,1.0
35,S1,TheBloke/Project-Baize-v2-7B-GPTQ,project-baize/baize-v2-7b,GPTQ,harness_hendrycksTest_marketing_5,False,False,,234,acc_norm,0.5683760683760684,0.4444444444444444,-0.12393162393162394,0.20085470085470086,0.07692307692307693,0.2777777777777778,0.405982905982906,0.00042213032347520506,False,0.09402065919207757,135,1.0
35,S1,TheBloke/Project-Baize-v2-7B-GPTQ,project-baize/baize-v2-7b,GPTQ,harness_hendrycksTest_medical_genetics_5,False,False,,100,acc_norm,0.46,0.45,-0.010000000000000009,0.17,0.16,0.33,0.53,1.0,False,0.16172508861176266,26156,1.0
35,S1,TheBloke/Project-Baize-v2-7B-GPTQ,project-baize/baize-v2-7b,GPTQ,harness_hendrycksTest_miscellaneous_5,False,False,,783,acc_norm,0.524904214559387,0.46998722860791825,-0.05491698595146871,0.16602809706257982,0.1111111111111111,0.2771392081736909,0.45721583652618136,0.0042490372423081915,False,0.052453378053632226,715,1.0
35,S1,TheBloke/Project-Baize-v2-7B-GPTQ,project-baize/baize-v2-7b,GPTQ,harness_hendrycksTest_moral_disputes_5,False,False,,346,acc_norm,0.43641618497109824,0.3670520231213873,-0.06936416184971095,0.17630057803468208,0.1069364161849711,0.2832369942196532,0.4624277456647399,0.019690184799846844,False,0.07958823571994343,456,1.0
35,S1,TheBloke/Project-Baize-v2-7B-GPTQ,project-baize/baize-v2-7b,GPTQ,harness_hendrycksTest_moral_scenarios_5,False,False,,895,acc_norm,0.2446927374301676,0.25251396648044694,0.007821229050279349,0.008938547486033519,0.01675977653631285,0.02569832402234637,0.04581005586592179,0.21003961563110352,True,0.015002718840357634,3294,1.0
35,S1,TheBloke/Project-Baize-v2-7B-GPTQ,project-baize/baize-v2-7b,GPTQ,harness_hendrycksTest_nutrition_5,False,False,,306,acc_norm,0.42483660130718953,0.33986928104575165,-0.08496732026143788,0.14705882352941177,0.06209150326797386,0.20915032679738563,0.35947712418300654,0.0015627893448280279,False,0.07208672376931213,221,1.0
35,S1,TheBloke/Project-Baize-v2-7B-GPTQ,project-baize/baize-v2-7b,GPTQ,harness_hendrycksTest_philosophy_5,False,False,,311,acc_norm,0.42443729903536975,0.3762057877813505,-0.048231511254019255,0.18971061093247588,0.1414790996784566,0.3311897106109325,0.5112540192926045,0.1674443344120584,False,0.09124956078141026,1114,1.0
35,S1,TheBloke/Project-Baize-v2-7B-GPTQ,project-baize/baize-v2-7b,GPTQ,harness_hendrycksTest_prehistory_5,False,False,,324,acc_norm,0.42901234567901236,0.37962962962962965,-0.04938271604938271,0.17592592592592593,0.12654320987654322,0.30246913580246915,0.4567901234567901,0.12929258395357343,False,0.08538572431175004,969,1.0
35,S1,TheBloke/Project-Baize-v2-7B-GPTQ,project-baize/baize-v2-7b,GPTQ,harness_hendrycksTest_professional_accounting_5,False,False,,282,acc_norm,0.32269503546099293,0.2695035460992908,-0.05319148936170215,0.14184397163120568,0.08865248226950355,0.23049645390070922,0.44680851063829785,0.08168153394154003,False,0.07974451730557039,634,1.0
35,S1,TheBloke/Project-Baize-v2-7B-GPTQ,project-baize/baize-v2-7b,GPTQ,harness_hendrycksTest_professional_law_5,False,False,,1534,acc_norm,0.3318122555410691,0.303129074315515,-0.028683181225554077,0.11016949152542373,0.08148631029986962,0.19165580182529335,0.32790091264667537,0.012018586451224571,False,0.03125788480033097,1822,1.0
35,S1,TheBloke/Project-Baize-v2-7B-GPTQ,project-baize/baize-v2-7b,GPTQ,harness_hendrycksTest_professional_medicine_5,False,False,,272,acc_norm,0.46691176470588236,0.4522058823529412,-0.01470588235294118,0.0625,0.04779411764705882,0.11029411764705882,0.16911764705882354,0.5846647117286922,False,0.056463678777990044,4010,1.0
35,S1,TheBloke/Project-Baize-v2-7B-GPTQ,project-baize/baize-v2-7b,GPTQ,harness_hendrycksTest_professional_psychology_5,False,False,,610,acc_norm,0.3770491803278688,0.3081967213114754,-0.06885245901639342,0.14098360655737704,0.07213114754098361,0.21311475409836064,0.3639344262295082,0.0002895487737632642,False,0.05182234392027496,346,1.0
35,S1,TheBloke/Project-Baize-v2-7B-GPTQ,project-baize/baize-v2-7b,GPTQ,harness_hendrycksTest_public_relations_5,False,False,,106,acc_norm,0.39622641509433965,0.33962264150943394,-0.0566037735849057,0.14150943396226415,0.08490566037735849,0.22641509433962265,0.37735849056603776,0.30745625495910645,False,0.12917161472924993,553,1.0
35,S1,TheBloke/Project-Baize-v2-7B-GPTQ,project-baize/baize-v2-7b,GPTQ,harness_hendrycksTest_security_studies_5,False,False,,245,acc_norm,0.39591836734693875,0.3224489795918367,-0.07346938775510203,0.12244897959183673,0.04897959183673469,0.17142857142857143,0.27346938775510204,0.007915897334896727,False,0.0730807980384564,243,1.0
35,S1,TheBloke/Project-Baize-v2-7B-GPTQ,project-baize/baize-v2-7b,GPTQ,harness_hendrycksTest_sociology_5,False,False,,201,acc_norm,0.40298507462686567,0.40298507462686567,0.0,0.12935323383084577,0.12935323383084577,0.25870646766169153,0.48756218905472637,1.0,False,0.10076100315039765,,1.0
35,S1,TheBloke/Project-Baize-v2-7B-GPTQ,project-baize/baize-v2-7b,GPTQ,harness_hendrycksTest_us_foreign_policy_5,False,False,,98,acc_norm,0.6020408163265306,0.4897959183673469,-0.11224489795918369,0.17346938775510204,0.061224489795918366,0.23469387755102042,0.29591836734693877,0.03468966484069824,False,0.13405632890710478,140,1.0
35,S1,TheBloke/Project-Baize-v2-7B-GPTQ,project-baize/baize-v2-7b,GPTQ,harness_hendrycksTest_virology_5,False,False,,166,acc_norm,0.37349397590361444,0.3373493975903614,-0.03614457831325302,0.12650602409638553,0.09036144578313253,0.21686746987951808,0.3313253012048193,0.4050322461407632,False,0.10126211631733623,1303,1.0
35,S1,TheBloke/Project-Baize-v2-7B-GPTQ,project-baize/baize-v2-7b,GPTQ,harness_hendrycksTest_world_religions_5,False,False,,171,acc_norm,0.5730994152046783,0.49122807017543857,-0.08187134502923976,0.16374269005847952,0.08187134502923976,0.24561403508771928,0.3684210526315789,0.04355852192384191,False,0.10502617690492255,282,1.0
35,S1,TheBloke/Project-Baize-v2-7B-GPTQ,project-baize/baize-v2-7b,GPTQ,harness_truthfulqa_mc_0,False,True,no acc_norm or acc column in S1 rows,,,,,,,,,,,,,,
35,S1,TheBloke/Project-Baize-v2-7B-GPTQ,project-baize/baize-v2-7b,GPTQ,harness_winogrande_5,False,False,,1267,acc,0.7111286503551697,0.696921862667719,-0.01420678768745065,0.07734806629834254,0.06314127861089187,0.1404893449092344,0.1404893449092344,0.2024604323635343,False,0.029491474798993896,5460,1.0
36,S1,TheBloke/LongChat-13B-GPTQ,lmsys/longchat-13b-16k,GPTQ,harness_drop_3,False,True,no acc_norm or acc column in S1 rows,,,,,,,,,,,,,,
36,S1,TheBloke/LongChat-13B-GPTQ,lmsys/longchat-13b-16k,GPTQ,harness_gsm8k_5,False,True,no acc_norm or acc column in S1 rows,,,,,,,,,,,,,,
36,S1,TheBloke/LongChat-13B-GPTQ,lmsys/longchat-13b-16k,GPTQ,harness_winogrande_5,False,True,no acc_norm or acc column in S1 rows,,,,,,,,,,,,,,
37,S1,TheBloke/orca_mini_13B-GPTQ,psmathur/orca_mini_13b,GPTQ,harness_drop_3,False,True,no acc_norm or acc column in S1 rows,,,,,,,,,,,,,,
37,S1,TheBloke/orca_mini_13B-GPTQ,psmathur/orca_mini_13b,GPTQ,harness_gsm8k_5,False,True,no acc_norm or acc column in S1 rows,,,,,,,,,,,,,,
37,S1,TheBloke/orca_mini_13B-GPTQ,psmathur/orca_mini_13b,GPTQ,harness_winogrande_5,False,True,no acc_norm or acc column in S1 rows,,,,,,,,,,,,,,
39,S1,LimYeri/CodeMind-Gemma-7B-QLoRA-4bit,google/gemma-7b-it,QLoRA-4bit,harness_arc_challenge_25,False,True,no acc_norm or acc column in S1 rows,,,,,,,,,,,,,,
39,S1,LimYeri/CodeMind-Gemma-7B-QLoRA-4bit,google/gemma-7b-it,QLoRA-4bit,harness_gsm8k_5,False,True,no acc_norm or acc column in S1 rows,,,,,,,,,,,,,,
39,S1,LimYeri/CodeMind-Gemma-7B-QLoRA-4bit,google/gemma-7b-it,QLoRA-4bit,harness_hellaswag_10,False,True,no acc_norm or acc column in S1 rows,,,,,,,,,,,,,,
39,S1,LimYeri/CodeMind-Gemma-7B-QLoRA-4bit,google/gemma-7b-it,QLoRA-4bit,harness_hendrycksTest_5,False,True,no parquet found for task harness_hendrycksTest_5 in runs ['2024_02_22T15_34_10.620055'],,,,,,,,,,,,,,
39,S1,LimYeri/CodeMind-Gemma-7B-QLoRA-4bit,google/gemma-7b-it,QLoRA-4bit,harness_hendrycksTest_abstract_algebra_5,False,True,no acc_norm or acc column in S1 rows,,,,,,,,,,,,,,
39,S1,LimYeri/CodeMind-Gemma-7B-QLoRA-4bit,google/gemma-7b-it,QLoRA-4bit,harness_hendrycksTest_anatomy_5,False,True,no acc_norm or acc column in S1 rows,,,,,,,,,,,,,,
39,S1,LimYeri/CodeMind-Gemma-7B-QLoRA-4bit,google/gemma-7b-it,QLoRA-4bit,harness_hendrycksTest_astronomy_5,False,True,no acc_norm or acc column in S1 rows,,,,,,,,,,,,,,
39,S1,LimYeri/CodeMind-Gemma-7B-QLoRA-4bit,google/gemma-7b-it,QLoRA-4bit,harness_hendrycksTest_business_ethics_5,False,True,no acc_norm or acc column in S1 rows,,,,,,,,,,,,,,
39,S1,LimYeri/CodeMind-Gemma-7B-QLoRA-4bit,google/gemma-7b-it,QLoRA-4bit,harness_hendrycksTest_clinical_knowledge_5,False,True,no acc_norm or acc column in S1 rows,,,,,,,,,,,,,,
39,S1,LimYeri/CodeMind-Gemma-7B-QLoRA-4bit,google/gemma-7b-it,QLoRA-4bit,harness_hendrycksTest_college_biology_5,False,True,no acc_norm or acc column in S1 rows,,,,,,,,,,,,,,
39,S1,LimYeri/CodeMind-Gemma-7B-QLoRA-4bit,google/gemma-7b-it,QLoRA-4bit,harness_hendrycksTest_college_chemistry_5,False,True,no acc_norm or acc column in S1 rows,,,,,,,,,,,,,,
39,S1,LimYeri/CodeMind-Gemma-7B-QLoRA-4bit,google/gemma-7b-it,QLoRA-4bit,harness_hendrycksTest_college_computer_science_5,False,True,no acc_norm or acc column in S1 rows,,,,,,,,,,,,,,
39,S1,LimYeri/CodeMind-Gemma-7B-QLoRA-4bit,google/gemma-7b-it,QLoRA-4bit,harness_hendrycksTest_college_mathematics_5,False,True,no acc_norm or acc column in S1 rows,,,,,,,,,,,,,,
39,S1,LimYeri/CodeMind-Gemma-7B-QLoRA-4bit,google/gemma-7b-it,QLoRA-4bit,harness_hendrycksTest_college_medicine_5,False,True,no acc_norm or acc column in S1 rows,,,,,,,,,,,,,,
39,S1,LimYeri/CodeMind-Gemma-7B-QLoRA-4bit,google/gemma-7b-it,QLoRA-4bit,harness_hendrycksTest_college_physics_5,False,True,no acc_norm or acc column in S1 rows,,,,,,,,,,,,,,
39,S1,LimYeri/CodeMind-Gemma-7B-QLoRA-4bit,google/gemma-7b-it,QLoRA-4bit,harness_hendrycksTest_computer_security_5,False,True,no acc_norm or acc column in S1 rows,,,,,,,,,,,,,,
39,S1,LimYeri/CodeMind-Gemma-7B-QLoRA-4bit,google/gemma-7b-it,QLoRA-4bit,harness_hendrycksTest_conceptual_physics_5,False,True,no acc_norm or acc column in S1 rows,,,,,,,,,,,,,,
39,S1,LimYeri/CodeMind-Gemma-7B-QLoRA-4bit,google/gemma-7b-it,QLoRA-4bit,harness_hendrycksTest_econometrics_5,False,True,no acc_norm or acc column in S1 rows,,,,,,,,,,,,,,
39,S1,LimYeri/CodeMind-Gemma-7B-QLoRA-4bit,google/gemma-7b-it,QLoRA-4bit,harness_hendrycksTest_electrical_engineering_5,False,True,no acc_norm or acc column in S1 rows,,,,,,,,,,,,,,
39,S1,LimYeri/CodeMind-Gemma-7B-QLoRA-4bit,google/gemma-7b-it,QLoRA-4bit,harness_hendrycksTest_elementary_mathematics_5,False,True,no acc_norm or acc column in S1 rows,,,,,,,,,,,,,,
39,S1,LimYeri/CodeMind-Gemma-7B-QLoRA-4bit,google/gemma-7b-it,QLoRA-4bit,harness_hendrycksTest_formal_logic_5,False,True,no acc_norm or acc column in S1 rows,,,,,,,,,,,,,,
39,S1,LimYeri/CodeMind-Gemma-7B-QLoRA-4bit,google/gemma-7b-it,QLoRA-4bit,harness_hendrycksTest_global_facts_5,False,True,no acc_norm or acc column in S1 rows,,,,,,,,,,,,,,
39,S1,LimYeri/CodeMind-Gemma-7B-QLoRA-4bit,google/gemma-7b-it,QLoRA-4bit,harness_hendrycksTest_high_school_biology_5,False,True,no acc_norm or acc column in S1 rows,,,,,,,,,,,,,,
39,S1,LimYeri/CodeMind-Gemma-7B-QLoRA-4bit,google/gemma-7b-it,QLoRA-4bit,harness_hendrycksTest_high_school_chemistry_5,False,True,no acc_norm or acc column in S1 rows,,,,,,,,,,,,,,
39,S1,LimYeri/CodeMind-Gemma-7B-QLoRA-4bit,google/gemma-7b-it,QLoRA-4bit,harness_hendrycksTest_high_school_computer_science_5,False,True,no acc_norm or acc column in S1 rows,,,,,,,,,,,,,,
39,S1,LimYeri/CodeMind-Gemma-7B-QLoRA-4bit,google/gemma-7b-it,QLoRA-4bit,harness_hendrycksTest_high_school_european_history_5,False,True,no acc_norm or acc column in S1 rows,,,,,,,,,,,,,,
39,S1,LimYeri/CodeMind-Gemma-7B-QLoRA-4bit,google/gemma-7b-it,QLoRA-4bit,harness_hendrycksTest_high_school_geography_5,False,True,no acc_norm or acc column in S1 rows,,,,,,,,,,,,,,
39,S1,LimYeri/CodeMind-Gemma-7B-QLoRA-4bit,google/gemma-7b-it,QLoRA-4bit,harness_hendrycksTest_high_school_government_and_politics_5,False,True,no acc_norm or acc column in S1 rows,,,,,,,,,,,,,,
39,S1,LimYeri/CodeMind-Gemma-7B-QLoRA-4bit,google/gemma-7b-it,QLoRA-4bit,harness_hendrycksTest_high_school_macroeconomics_5,False,True,no acc_norm or acc column in S1 rows,,,,,,,,,,,,,,
39,S1,LimYeri/CodeMind-Gemma-7B-QLoRA-4bit,google/gemma-7b-it,QLoRA-4bit,harness_hendrycksTest_high_school_mathematics_5,False,True,no acc_norm or acc column in S1 rows,,,,,,,,,,,,,,
39,S1,LimYeri/CodeMind-Gemma-7B-QLoRA-4bit,google/gemma-7b-it,QLoRA-4bit,harness_hendrycksTest_high_school_microeconomics_5,False,True,no acc_norm or acc column in S1 rows,,,,,,,,,,,,,,
39,S1,LimYeri/CodeMind-Gemma-7B-QLoRA-4bit,google/gemma-7b-it,QLoRA-4bit,harness_hendrycksTest_high_school_physics_5,False,True,no acc_norm or acc column in S1 rows,,,,,,,,,,,,,,
39,S1,LimYeri/CodeMind-Gemma-7B-QLoRA-4bit,google/gemma-7b-it,QLoRA-4bit,harness_hendrycksTest_high_school_psychology_5,False,True,no acc_norm or acc column in S1 rows,,,,,,,,,,,,,,
39,S1,LimYeri/CodeMind-Gemma-7B-QLoRA-4bit,google/gemma-7b-it,QLoRA-4bit,harness_hendrycksTest_high_school_statistics_5,False,True,no acc_norm or acc column in S1 rows,,,,,,,,,,,,,,
39,S1,LimYeri/CodeMind-Gemma-7B-QLoRA-4bit,google/gemma-7b-it,QLoRA-4bit,harness_hendrycksTest_high_school_us_history_5,False,True,no acc_norm or acc column in S1 rows,,,,,,,,,,,,,,
39,S1,LimYeri/CodeMind-Gemma-7B-QLoRA-4bit,google/gemma-7b-it,QLoRA-4bit,harness_hendrycksTest_high_school_world_history_5,False,True,no acc_norm or acc column in S1 rows,,,,,,,,,,,,,,
39,S1,LimYeri/CodeMind-Gemma-7B-QLoRA-4bit,google/gemma-7b-it,QLoRA-4bit,harness_hendrycksTest_human_aging_5,False,True,no acc_norm or acc column in S1 rows,,,,,,,,,,,,,,
39,S1,LimYeri/CodeMind-Gemma-7B-QLoRA-4bit,google/gemma-7b-it,QLoRA-4bit,harness_hendrycksTest_human_sexuality_5,False,True,no acc_norm or acc column in S1 rows,,,,,,,,,,,,,,
39,S1,LimYeri/CodeMind-Gemma-7B-QLoRA-4bit,google/gemma-7b-it,QLoRA-4bit,harness_hendrycksTest_international_law_5,False,True,no acc_norm or acc column in S1 rows,,,,,,,,,,,,,,
39,S1,LimYeri/CodeMind-Gemma-7B-QLoRA-4bit,google/gemma-7b-it,QLoRA-4bit,harness_hendrycksTest_jurisprudence_5,False,True,no acc_norm or acc column in S1 rows,,,,,,,,,,,,,,
39,S1,LimYeri/CodeMind-Gemma-7B-QLoRA-4bit,google/gemma-7b-it,QLoRA-4bit,harness_hendrycksTest_logical_fallacies_5,False,True,no acc_norm or acc column in S1 rows,,,,,,,,,,,,,,
39,S1,LimYeri/CodeMind-Gemma-7B-QLoRA-4bit,google/gemma-7b-it,QLoRA-4bit,harness_hendrycksTest_machine_learning_5,False,True,no acc_norm or acc column in S1 rows,,,,,,,,,,,,,,
39,S1,LimYeri/CodeMind-Gemma-7B-QLoRA-4bit,google/gemma-7b-it,QLoRA-4bit,harness_hendrycksTest_management_5,False,True,no acc_norm or acc column in S1 rows,,,,,,,,,,,,,,
39,S1,LimYeri/CodeMind-Gemma-7B-QLoRA-4bit,google/gemma-7b-it,QLoRA-4bit,harness_hendrycksTest_marketing_5,False,True,no acc_norm or acc column in S1 rows,,,,,,,,,,,,,,
39,S1,LimYeri/CodeMind-Gemma-7B-QLoRA-4bit,google/gemma-7b-it,QLoRA-4bit,harness_hendrycksTest_medical_genetics_5,False,True,no acc_norm or acc column in S1 rows,,,,,,,,,,,,,,
39,S1,LimYeri/CodeMind-Gemma-7B-QLoRA-4bit,google/gemma-7b-it,QLoRA-4bit,harness_hendrycksTest_miscellaneous_5,False,True,no acc_norm or acc column in S1 rows,,,,,,,,,,,,,,
39,S1,LimYeri/CodeMind-Gemma-7B-QLoRA-4bit,google/gemma-7b-it,QLoRA-4bit,harness_hendrycksTest_moral_disputes_5,False,True,no acc_norm or acc column in S1 rows,,,,,,,,,,,,,,
39,S1,LimYeri/CodeMind-Gemma-7B-QLoRA-4bit,google/gemma-7b-it,QLoRA-4bit,harness_hendrycksTest_moral_scenarios_5,False,True,no acc_norm or acc column in S1 rows,,,,,,,,,,,,,,
39,S1,LimYeri/CodeMind-Gemma-7B-QLoRA-4bit,google/gemma-7b-it,QLoRA-4bit,harness_hendrycksTest_nutrition_5,False,True,no acc_norm or acc column in S1 rows,,,,,,,,,,,,,,
39,S1,LimYeri/CodeMind-Gemma-7B-QLoRA-4bit,google/gemma-7b-it,QLoRA-4bit,harness_hendrycksTest_philosophy_5,False,True,no acc_norm or acc column in S1 rows,,,,,,,,,,,,,,
39,S1,LimYeri/CodeMind-Gemma-7B-QLoRA-4bit,google/gemma-7b-it,QLoRA-4bit,harness_hendrycksTest_prehistory_5,False,True,no acc_norm or acc column in S1 rows,,,,,,,,,,,,,,
39,S1,LimYeri/CodeMind-Gemma-7B-QLoRA-4bit,google/gemma-7b-it,QLoRA-4bit,harness_hendrycksTest_professional_accounting_5,False,True,no acc_norm or acc column in S1 rows,,,,,,,,,,,,,,
39,S1,LimYeri/CodeMind-Gemma-7B-QLoRA-4bit,google/gemma-7b-it,QLoRA-4bit,harness_hendrycksTest_professional_law_5,False,True,no acc_norm or acc column in S1 rows,,,,,,,,,,,,,,
39,S1,LimYeri/CodeMind-Gemma-7B-QLoRA-4bit,google/gemma-7b-it,QLoRA-4bit,harness_hendrycksTest_professional_medicine_5,False,True,no acc_norm or acc column in S1 rows,,,,,,,,,,,,,,
39,S1,LimYeri/CodeMind-Gemma-7B-QLoRA-4bit,google/gemma-7b-it,QLoRA-4bit,harness_hendrycksTest_professional_psychology_5,False,True,no acc_norm or acc column in S1 rows,,,,,,,,,,,,,,
39,S1,LimYeri/CodeMind-Gemma-7B-QLoRA-4bit,google/gemma-7b-it,QLoRA-4bit,harness_hendrycksTest_public_relations_5,False,True,no acc_norm or acc column in S1 rows,,,,,,,,,,,,,,
39,S1,LimYeri/CodeMind-Gemma-7B-QLoRA-4bit,google/gemma-7b-it,QLoRA-4bit,harness_hendrycksTest_security_studies_5,False,True,no acc_norm or acc column in S1 rows,,,,,,,,,,,,,,
39,S1,LimYeri/CodeMind-Gemma-7B-QLoRA-4bit,google/gemma-7b-it,QLoRA-4bit,harness_hendrycksTest_sociology_5,False,True,no acc_norm or acc column in S1 rows,,,,,,,,,,,,,,
39,S1,LimYeri/CodeMind-Gemma-7B-QLoRA-4bit,google/gemma-7b-it,QLoRA-4bit,harness_hendrycksTest_us_foreign_policy_5,False,True,no acc_norm or acc column in S1 rows,,,,,,,,,,,,,,
39,S1,LimYeri/CodeMind-Gemma-7B-QLoRA-4bit,google/gemma-7b-it,QLoRA-4bit,harness_hendrycksTest_virology_5,False,True,no acc_norm or acc column in S1 rows,,,,,,,,,,,,,,
39,S1,LimYeri/CodeMind-Gemma-7B-QLoRA-4bit,google/gemma-7b-it,QLoRA-4bit,harness_hendrycksTest_world_religions_5,False,True,no acc_norm or acc column in S1 rows,,,,,,,,,,,,,,
39,S1,LimYeri/CodeMind-Gemma-7B-QLoRA-4bit,google/gemma-7b-it,QLoRA-4bit,harness_truthfulqa_mc_0,False,True,no acc_norm or acc column in S1 rows,,,,,,,,,,,,,,
39,S1,LimYeri/CodeMind-Gemma-7B-QLoRA-4bit,google/gemma-7b-it,QLoRA-4bit,harness_winogrande_5,False,True,no acc_norm or acc column in S1 rows,,,,,,,,,,,,,,
40,S1,TFLai/llama-13b-4bit-alpaca,huggyllama/llama-13b,bnb-4bit(LoRA),harness_arc_challenge_25,False,False,,1168,acc_norm,0.5625,0.5573630136986302,-0.005136986301369828,0.052226027397260275,0.04708904109589041,0.09931506849315068,0.125,0.6426674253796116,False,0.02584153321903285,29558,1.0
40,S1,TFLai/llama-13b-4bit-alpaca,huggyllama/llama-13b,bnb-4bit(LoRA),harness_drop_3,False,True,no acc_norm or acc column in S1 rows,,,,,,,,,,,,,,
40,S1,TFLai/llama-13b-4bit-alpaca,huggyllama/llama-13b,bnb-4bit(LoRA),harness_gsm8k_5,False,False,,1319,acc,0.0758150113722517,0.05686125852918878,-0.018953752843062922,0.04927975739196361,0.030326004548900682,0.07960576194086429,0.8786959818043972,0.018740915408258077,False,0.02172382143920762,1733,1.0
40,S1,TFLai/llama-13b-4bit-alpaca,huggyllama/llama-13b,bnb-4bit(LoRA),harness_hellaswag_10,False,False,,9997,acc_norm,0.809442832849855,0.8087426227868361,-0.0007002100630189023,0.022906872061618486,0.02220666199859958,0.04511353406021806,0.05501650495148545,0.7775748960188748,True,0.005951710228068813,722265,1.0
40,S1,TFLai/llama-13b-4bit-alpaca,huggyllama/llama-13b,bnb-4bit(LoRA),harness_hendrycksTest_5,False,True,"no parquet found for task harness_hendrycksTest_5 in runs ['2023_07_24T15_13_44.970123', '2023_08_19T22_15_08.436043', '2023_08_28T19_54_33.085163', '2023_09_23T10_41_44.150256']",,,,,,,,,,,,,,
40,S1,TFLai/llama-13b-4bit-alpaca,huggyllama/llama-13b,bnb-4bit(LoRA),harness_hendrycksTest_abstract_algebra_5,False,False,,100,acc_norm,0.32,0.36,0.03999999999999998,0.12,0.16,0.28,0.59,0.5715881884098053,False,0.1485664874470396,1380,1.0
40,S1,TFLai/llama-13b-4bit-alpaca,huggyllama/llama-13b,bnb-4bit(LoRA),harness_hendrycksTest_anatomy_5,False,False,,135,acc_norm,0.45925925925925926,0.45185185185185184,-0.007407407407407418,0.037037037037037035,0.02962962962962963,0.06666666666666667,0.16296296296296298,1.0,False,0.062463600349891485,9600,1.0
40,S1,TFLai/llama-13b-4bit-alpaca,huggyllama/llama-13b,bnb-4bit(LoRA),harness_hendrycksTest_astronomy_5,False,False,,152,acc_norm,0.47368421052631576,0.4473684210526316,-0.02631578947368418,0.11842105263157894,0.09210526315789473,0.21052631578947367,0.3026315789473684,0.5966148958541453,False,0.10443668576168963,2394,1.0
40,S1,TFLai/llama-13b-4bit-alpaca,huggyllama/llama-13b,bnb-4bit(LoRA),harness_hendrycksTest_business_ethics_5,False,False,,100,acc_norm,0.46,0.4,-0.06,0.09,0.03,0.12,0.25,0.14599609375,False,0.09606445653242959,257,1.0
40,S1,TFLai/llama-13b-4bit-alpaca,huggyllama/llama-13b,bnb-4bit(LoRA),harness_hendrycksTest_clinical_knowledge_5,False,False,,265,acc_norm,0.46037735849056605,0.4188679245283019,-0.04150943396226414,0.0830188679245283,0.04150943396226415,0.12452830188679245,0.18867924528301888,0.08014331245794892,False,0.06042412551837085,562,1.0
40,S1,TFLai/llama-13b-4bit-alpaca,huggyllama/llama-13b,bnb-4bit(LoRA),harness_hendrycksTest_college_biology_5,False,False,,144,acc_norm,0.4722222222222222,0.4722222222222222,0.0,0.06944444444444445,0.06944444444444445,0.1388888888888889,0.2013888888888889,1.0,False,0.08731112223089689,,1.0
40,S1,TFLai/llama-13b-4bit-alpaca,huggyllama/llama-13b,bnb-4bit(LoRA),harness_hendrycksTest_college_chemistry_5,False,False,,100,acc_norm,0.29,0.25,-0.03999999999999998,0.12,0.08,0.2,0.43,0.5034446716308594,False,0.1254171922588346,984,1.0
40,S1,TFLai/llama-13b-4bit-alpaca,huggyllama/llama-13b,bnb-4bit(LoRA),harness_hendrycksTest_college_computer_science_5,False,False,,100,acc_norm,0.41,0.33,-0.07999999999999996,0.14,0.06,0.2,0.36,0.11531829833984375,False,0.12389075982248947,240,1.0
40,S1,TFLai/llama-13b-4bit-alpaca,huggyllama/llama-13b,bnb-4bit(LoRA),harness_hendrycksTest_college_mathematics_5,False,False,,100,acc_norm,0.36,0.31,-0.04999999999999999,0.11,0.06,0.17,0.34,0.332305908203125,False,0.11523745162754524,532,1.0
40,S1,TFLai/llama-13b-4bit-alpaca,huggyllama/llama-13b,bnb-4bit(LoRA),harness_hendrycksTest_college_medicine_5,False,False,,173,acc_norm,0.4161849710982659,0.35260115606936415,-0.06358381502890176,0.11560693641618497,0.05202312138728324,0.1676300578034682,0.2947976878612717,0.06142834573984146,False,0.08640009406104018,320,1.0
40,S1,TFLai/llama-13b-4bit-alpaca,huggyllama/llama-13b,bnb-4bit(LoRA),harness_hendrycksTest_college_physics_5,False,False,,80,acc_norm,0.1625,0.2125,0.04999999999999999,0.0375,0.0875,0.125,0.3625,0.34375,False,0.11032103713092334,390,1.0
40,S1,TFLai/llama-13b-4bit-alpaca,huggyllama/llama-13b,bnb-4bit(LoRA),harness_hendrycksTest_computer_security_5,False,False,,100,acc_norm,0.63,0.59,-0.040000000000000036,0.1,0.06,0.16,0.23,0.454498291015625,False,0.11206340872451873,785,1.0
40,S1,TFLai/llama-13b-4bit-alpaca,huggyllama/llama-13b,bnb-4bit(LoRA),harness_hendrycksTest_conceptual_physics_5,False,False,,235,acc_norm,0.39148936170212767,0.3829787234042553,-0.008510638297872353,0.08085106382978724,0.07234042553191489,0.15319148936170213,0.2553191489361702,0.8679394004284404,False,0.07166556571600619,16664,1.0
40,S1,TFLai/llama-13b-4bit-alpaca,huggyllama/llama-13b,bnb-4bit(LoRA),harness_hendrycksTest_econometrics_5,False,False,,114,acc_norm,0.2807017543859649,0.2807017543859649,0.0,0.08771929824561403,0.08771929824561403,0.17543859649122806,0.24561403508771928,1.0,False,0.11038935294877039,,1.0
40,S1,TFLai/llama-13b-4bit-alpaca,huggyllama/llama-13b,bnb-4bit(LoRA),harness_hendrycksTest_electrical_engineering_5,False,False,,145,acc_norm,0.42758620689655175,0.4068965517241379,-0.020689655172413834,0.0896551724137931,0.06896551724137931,0.15862068965517243,0.2896551724137931,0.6776394844055176,False,0.09285722727553943,2921,1.0
40,S1,TFLai/llama-13b-4bit-alpaca,huggyllama/llama-13b,bnb-4bit(LoRA),harness_hendrycksTest_elementary_mathematics_5,False,False,,376,acc_norm,0.2579787234042553,0.22872340425531915,-0.02925531914893617,0.08244680851063829,0.05319148936170213,0.1356382978723404,0.27925531914893614,0.16077960181198847,False,0.05311348950174397,1240,1.0
40,S1,TFLai/llama-13b-4bit-alpaca,huggyllama/llama-13b,bnb-4bit(LoRA),harness_hendrycksTest_formal_logic_5,False,False,,126,acc_norm,0.3253968253968254,0.2857142857142857,-0.03968253968253971,0.10317460317460317,0.06349206349206349,0.16666666666666666,0.31746031746031744,0.38331031799316406,False,0.10181500716206289,830,1.0
40,S1,TFLai/llama-13b-4bit-alpaca,huggyllama/llama-13b,bnb-4bit(LoRA),harness_hendrycksTest_global_facts_5,False,False,,100,acc_norm,0.36,0.25,-0.10999999999999999,0.17,0.06,0.23,0.36,0.03468966484069824,False,0.13143615779881818,143,1.0
40,S1,TFLai/llama-13b-4bit-alpaca,huggyllama/llama-13b,bnb-4bit(LoRA),harness_hendrycksTest_high_school_biology_5,False,False,,310,acc_norm,0.5258064516129032,0.44193548387096776,-0.08387096774193542,0.13870967741935483,0.054838709677419356,0.1935483870967742,0.27741935483870966,0.0010657657791434353,False,0.06883041235501762,209,1.0
40,S1,TFLai/llama-13b-4bit-alpaca,huggyllama/llama-13b,bnb-4bit(LoRA),harness_hendrycksTest_high_school_chemistry_5,False,False,,203,acc_norm,0.28078817733990147,0.270935960591133,-0.009852216748768461,0.06403940886699508,0.054187192118226604,0.11822660098522167,0.2413793103448276,0.8388197422027588,False,0.06774970358347697,9600,1.0
40,S1,TFLai/llama-13b-4bit-alpaca,huggyllama/llama-13b,bnb-4bit(LoRA),harness_hendrycksTest_high_school_computer_science_5,False,False,,100,acc_norm,0.49,0.42,-0.07,0.14,0.07,0.21,0.28,0.18924713134765625,False,0.12751728872742676,332,1.0
40,S1,TFLai/llama-13b-4bit-alpaca,huggyllama/llama-13b,bnb-4bit(LoRA),harness_hendrycksTest_high_school_european_history_5,False,False,,165,acc_norm,0.6242424242424243,0.4484848484848485,-0.17575757575757578,0.23636363636363636,0.06060606060606061,0.296969696969697,0.4,3.845911694355664e-05,False,0.11284626514578522,69,1.0
40,S1,TFLai/llama-13b-4bit-alpaca,huggyllama/llama-13b,bnb-4bit(LoRA),harness_hendrycksTest_high_school_geography_5,False,False,,198,acc_norm,0.5505050505050505,0.47474747474747475,-0.07575757575757575,0.11616161616161616,0.04040404040404041,0.15656565656565657,0.20707070707070707,0.010673840530216694,False,0.07751923414894803,208,1.0
40,S1,TFLai/llama-13b-4bit-alpaca,huggyllama/llama-13b,bnb-4bit(LoRA),harness_hendrycksTest_high_school_government_and_politics_5,False,False,,193,acc_norm,0.6632124352331606,0.6113989637305699,-0.05181347150259075,0.11398963730569948,0.06217616580310881,0.17616580310880828,0.20207253886010362,0.12144948495551944,False,0.08421304883772145,510,1.0
40,S1,TFLai/llama-13b-4bit-alpaca,huggyllama/llama-13b,bnb-4bit(LoRA),harness_hendrycksTest_high_school_macroeconomics_5,False,False,,390,acc_norm,0.4641025641025641,0.37948717948717947,-0.08461538461538465,0.13846153846153847,0.05384615384615385,0.19230769230769232,0.28205128205128205,0.00017630923003028777,False,0.061120720608966006,204,1.0
40,S1,TFLai/llama-13b-4bit-alpaca,huggyllama/llama-13b,bnb-4bit(LoRA),harness_hendrycksTest_high_school_mathematics_5,False,False,,270,acc_norm,0.25925925925925924,0.26666666666666666,0.007407407407407418,0.11851851851851852,0.1259259259259259,0.24444444444444444,0.43703703703703706,0.9021585000966994,False,0.0844440462908779,35089,1.0
40,S1,TFLai/llama-13b-4bit-alpaca,huggyllama/llama-13b,bnb-4bit(LoRA),harness_hendrycksTest_high_school_microeconomics_5,False,False,,238,acc_norm,0.4789915966386555,0.4117647058823529,-0.06722689075630256,0.10084033613445378,0.03361344537815126,0.13445378151260504,0.226890756302521,0.0070003666914999485,False,0.06559815344894353,227,1.0
40,S1,TFLai/llama-13b-4bit-alpaca,huggyllama/llama-13b,bnb-4bit(LoRA),harness_hendrycksTest_high_school_physics_5,False,False,,151,acc_norm,0.31125827814569534,0.23841059602649006,-0.07284768211920528,0.10596026490066225,0.033112582781456956,0.1390728476821192,0.2582781456953642,0.02660369873046875,False,0.08366256590919323,200,1.0
40,S1,TFLai/llama-13b-4bit-alpaca,huggyllama/llama-13b,bnb-4bit(LoRA),harness_hendrycksTest_high_school_psychology_5,False,False,,523,acc_norm,0.609942638623327,0.5640535372848948,-0.04588910133843216,0.10325047801147227,0.05736137667304015,0.16061185468451242,0.2198852772466539,0.011634454119925825,False,0.04881929469201232,592,1.0
40,S1,TFLai/llama-13b-4bit-alpaca,huggyllama/llama-13b,bnb-4bit(LoRA),harness_hendrycksTest_high_school_statistics_5,False,False,,216,acc_norm,0.30092592592592593,0.22685185185185186,-0.07407407407407407,0.12962962962962962,0.05555555555555555,0.18518518518518517,0.3472222222222222,0.01658900337497471,False,0.08099467945867783,259,1.0
40,S1,TFLai/llama-13b-4bit-alpaca,huggyllama/llama-13b,bnb-4bit(LoRA),harness_hendrycksTest_high_school_us_history_5,False,False,,204,acc_norm,0.5637254901960784,0.43137254901960786,-0.13235294117647056,0.1715686274509804,0.0392156862745098,0.2107843137254902,0.31862745098039214,4.1934157934520044e-05,False,0.08644396628109219,88,1.0
40,S1,TFLai/llama-13b-4bit-alpaca,huggyllama/llama-13b,bnb-4bit(LoRA),harness_hendrycksTest_high_school_world_history_5,False,False,,237,acc_norm,0.6751054852320675,0.47257383966244726,-0.20253164556962022,0.25738396624472576,0.05485232067510549,0.31223628691983124,0.379746835443038,1.3936467518320873e-08,False,0.09497437962836815,53,1.0
40,S1,TFLai/llama-13b-4bit-alpaca,huggyllama/llama-13b,bnb-4bit(LoRA),harness_hendrycksTest_human_aging_5,False,False,,223,acc_norm,0.547085201793722,0.48878923766816146,-0.05829596412556054,0.10762331838565023,0.04932735426008968,0.15695067264573992,0.242152466367713,0.040959591511636986,False,0.07368098904030376,357,1.0
40,S1,TFLai/llama-13b-4bit-alpaca,huggyllama/llama-13b,bnb-4bit(LoRA),harness_hendrycksTest_human_sexuality_5,False,False,,131,acc_norm,0.5725190839694656,0.4198473282442748,-0.15267175572519082,0.1984732824427481,0.04580152671755725,0.24427480916030533,0.29770992366412213,0.0005350527353584766,False,0.11550346950855594,75,1.0
40,S1,TFLai/llama-13b-4bit-alpaca,huggyllama/llama-13b,bnb-4bit(LoRA),harness_hendrycksTest_international_law_5,False,False,,121,acc_norm,0.6446280991735537,0.6033057851239669,-0.04132231404958675,0.12396694214876033,0.08264462809917356,0.2066115702479339,0.2396694214876033,0.42435622215270996,False,0.11576798421954414,950,1.0
40,S1,TFLai/llama-13b-4bit-alpaca,huggyllama/llama-13b,bnb-4bit(LoRA),harness_hendrycksTest_jurisprudence_5,False,False,,108,acc_norm,0.5185185185185185,0.49074074074074076,-0.027777777777777735,0.10185185185185185,0.07407407407407407,0.17592592592592593,0.25,0.6476058959960938,False,0.11335022232347852,1799,1.0
40,S1,TFLai/llama-13b-4bit-alpaca,huggyllama/llama-13b,bnb-4bit(LoRA),harness_hendrycksTest_logical_fallacies_5,False,False,,163,acc_norm,0.5276073619631901,0.44171779141104295,-0.08588957055214719,0.1656441717791411,0.07975460122699386,0.24539877300613497,0.3803680981595092,0.03847730828420026,False,0.10738772852780622,255,1.0
40,S1,TFLai/llama-13b-4bit-alpaca,huggyllama/llama-13b,bnb-4bit(LoRA),harness_hendrycksTest_machine_learning_5,False,False,,112,acc_norm,0.32142857142857145,0.33035714285714285,0.008928571428571397,0.08035714285714286,0.08928571428571429,0.16964285714285715,0.26785714285714285,1.0,False,0.10949847485953644,16845,1.0
40,S1,TFLai/llama-13b-4bit-alpaca,huggyllama/llama-13b,bnb-4bit(LoRA),harness_hendrycksTest_management_5,False,False,,103,acc_norm,0.6601941747572816,0.6116504854368932,-0.04854368932038844,0.1262135922330097,0.07766990291262135,0.20388349514563106,0.2621359223300971,0.38331031799316406,False,0.12452896459650059,678,1.0
40,S1,TFLai/llama-13b-4bit-alpaca,huggyllama/llama-13b,bnb-4bit(LoRA),harness_hendrycksTest_marketing_5,False,False,,234,acc_norm,0.717948717948718,0.6239316239316239,-0.09401709401709402,0.13247863247863248,0.038461538461538464,0.17094017094017094,0.21367521367521367,0.0006795482549932785,False,0.07389561469859028,145,1.0
40,S1,TFLai/llama-13b-4bit-alpaca,huggyllama/llama-13b,bnb-4bit(LoRA),harness_hendrycksTest_medical_genetics_5,False,False,,100,acc_norm,0.53,0.5,-0.030000000000000027,0.09,0.06,0.15,0.27,0.6072387695312499,False,0.1087239098340866,1314,1.0
40,S1,TFLai/llama-13b-4bit-alpaca,huggyllama/llama-13b,bnb-4bit(LoRA),harness_hendrycksTest_miscellaneous_5,False,False,,783,acc_norm,0.6462324393358876,0.6104725415070242,-0.03575989782886335,0.08812260536398467,0.05236270753512133,0.140485312899106,0.20561941251596424,0.009722194039418848,False,0.03737922428465763,856,1.0
40,S1,TFLai/llama-13b-4bit-alpaca,huggyllama/llama-13b,bnb-4bit(LoRA),harness_hendrycksTest_moral_disputes_5,False,False,,346,acc_norm,0.5,0.4393063583815029,-0.06069364161849711,0.12427745664739884,0.06358381502890173,0.18786127167630057,0.28034682080924855,0.012502546136489844,False,0.06473104820356608,394,1.0
40,S1,TFLai/llama-13b-4bit-alpaca,huggyllama/llama-13b,bnb-4bit(LoRA),harness_hendrycksTest_moral_scenarios_5,False,False,,895,acc_norm,0.29497206703910617,0.24692737430167597,-0.0480446927374302,0.2569832402234637,0.20893854748603352,0.4659217877094972,0.8491620111731844,0.03958240731333987,False,0.0637988884974565,1579,1.0
40,S1,TFLai/llama-13b-4bit-alpaca,huggyllama/llama-13b,bnb-4bit(LoRA),harness_hendrycksTest_nutrition_5,False,False,,306,acc_norm,0.5032679738562091,0.46078431372549017,-0.04248366013071897,0.09477124183006536,0.05228758169934641,0.14705882352941177,0.20915032679738563,0.07245426016254441,False,0.06113894092894094,634,1.0
40,S1,TFLai/llama-13b-4bit-alpaca,huggyllama/llama-13b,bnb-4bit(LoRA),harness_hendrycksTest_philosophy_5,False,False,,311,acc_norm,0.5434083601286174,0.47266881028938906,-0.07073954983922831,0.11254019292604502,0.04180064308681672,0.15434083601286175,0.2282958199356913,0.0020881073339964478,False,0.06149026167750867,235,1.0
40,S1,TFLai/llama-13b-4bit-alpaca,huggyllama/llama-13b,bnb-4bit(LoRA),harness_hendrycksTest_prehistory_5,False,False,,324,acc_norm,0.5123456790123457,0.48148148148148145,-0.03086419753086428,0.10802469135802469,0.07716049382716049,0.18518518518518517,0.25,0.2450608330229457,False,0.06690919438118738,1523,1.0
40,S1,TFLai/llama-13b-4bit-alpaca,huggyllama/llama-13b,bnb-4bit(LoRA),harness_hendrycksTest_professional_accounting_5,False,False,,282,acc_norm,0.33687943262411346,0.29432624113475175,-0.04255319148936171,0.07092198581560284,0.028368794326241134,0.09929078014184398,0.21631205673758866,0.03569813817739487,False,0.052180525807934926,425,1.0
40,S1,TFLai/llama-13b-4bit-alpaca,huggyllama/llama-13b,bnb-4bit(LoRA),harness_hendrycksTest_professional_law_5,False,False,,1534,acc_norm,0.37222946544980445,0.31029986962190353,-0.06192959582790092,0.13820078226857888,0.07627118644067797,0.21447196870925683,0.3774445893089961,1.8147754066800687e-07,False,0.0328397448830319,432,1.0
40,S1,TFLai/llama-13b-4bit-alpaca,huggyllama/llama-13b,bnb-4bit(LoRA),harness_hendrycksTest_professional_medicine_5,False,False,,272,acc_norm,0.5110294117647058,0.4117647058823529,-0.09926470588235292,0.1801470588235294,0.08088235294117647,0.2610294117647059,0.4117647058823529,0.0018204049356112858,False,0.08529198095636929,201,1.0
40,S1,TFLai/llama-13b-4bit-alpaca,huggyllama/llama-13b,bnb-4bit(LoRA),harness_hendrycksTest_professional_psychology_5,False,False,,610,acc_norm,0.4901639344262295,0.44426229508196724,-0.04590163934426228,0.12786885245901639,0.08196721311475409,0.2098360655737705,0.3295081967213115,0.016670734269697344,False,0.051742077966909224,776,1.0
40,S1,TFLai/llama-13b-4bit-alpaca,huggyllama/llama-13b,bnb-4bit(LoRA),harness_hendrycksTest_public_relations_5,False,False,,106,acc_norm,0.6037735849056604,0.5660377358490566,-0.037735849056603765,0.10377358490566038,0.0660377358490566,0.16981132075471697,0.2358490566037736,0.480682373046875,False,0.11219251626429913,937,1.0
40,S1,TFLai/llama-13b-4bit-alpaca,huggyllama/llama-13b,bnb-4bit(LoRA),harness_hendrycksTest_security_studies_5,False,False,,245,acc_norm,0.5265306122448979,0.4857142857142857,-0.040816326530612235,0.1346938775510204,0.09387755102040816,0.22857142857142856,0.32653061224489793,0.2288055412343561,False,0.0854341284860662,1074,1.0
40,S1,TFLai/llama-13b-4bit-alpaca,huggyllama/llama-13b,bnb-4bit(LoRA),harness_hendrycksTest_sociology_5,False,False,,201,acc_norm,0.6119402985074627,0.6417910447761194,0.02985074626865669,0.06467661691542288,0.0945273631840796,0.15920398009950248,0.21393034825870647,0.37708558747544885,False,0.07882192001271177,1402,1.0
40,S1,TFLai/llama-13b-4bit-alpaca,huggyllama/llama-13b,bnb-4bit(LoRA),harness_hendrycksTest_us_foreign_policy_5,False,False,,98,acc_norm,0.7755102040816326,0.6938775510204082,-0.08163265306122447,0.11224489795918367,0.030612244897959183,0.14285714285714285,0.1836734693877551,0.057373046875,False,0.10497738892261264,163,1.0
40,S1,TFLai/llama-13b-4bit-alpaca,huggyllama/llama-13b,bnb-4bit(LoRA),harness_hendrycksTest_virology_5,False,False,,166,acc_norm,0.43373493975903615,0.3795180722891566,-0.054216867469879526,0.12048192771084337,0.06626506024096386,0.18674698795180722,0.29518072289156627,0.14961278438568115,False,0.09350686614663814,494,1.0
40,S1,TFLai/llama-13b-4bit-alpaca,huggyllama/llama-13b,bnb-4bit(LoRA),harness_hendrycksTest_world_religions_5,False,False,,171,acc_norm,0.6783625730994152,0.631578947368421,-0.04678362573099415,0.08187134502923976,0.03508771929824561,0.11695906432748537,0.16374269005847952,0.11531829833984375,False,0.07279377505446445,414,1.0
40,S1,TFLai/llama-13b-4bit-alpaca,huggyllama/llama-13b,bnb-4bit(LoRA),harness_truthfulqa_mc_0,False,True,no acc_norm or acc column in S1 rows,,,,,,,,,,,,,,
40,S1,TFLai/llama-13b-4bit-alpaca,huggyllama/llama-13b,bnb-4bit(LoRA),harness_winogrande_5,False,False,,1267,acc,0.7624309392265194,0.7482241515390686,-0.014206787687450761,0.06787687450670876,0.05367008681925809,0.12154696132596685,0.12154696132596685,0.1705165486081879,False,0.027428253672854567,4723,1.0
41,S1,TFLai/llama-7b-4bit-alpaca,huggyllama/llama-7b,bnb-4bit(LoRA),harness_arc_challenge_25,False,True,no joinable items,,,,,,,,,,,,,,0.0
41,S1,TFLai/llama-7b-4bit-alpaca,huggyllama/llama-7b,bnb-4bit(LoRA),harness_gsm8k_5,False,True,no joinable items,,,,,,,,,,,,,,0.0
41,S1,TFLai/llama-7b-4bit-alpaca,huggyllama/llama-7b,bnb-4bit(LoRA),harness_hellaswag_10,False,True,no joinable items,,,,,,,,,,,,,,0.0
41,S1,TFLai/llama-7b-4bit-alpaca,huggyllama/llama-7b,bnb-4bit(LoRA),harness_hendrycksTest_5,False,True,"no parquet found for task harness_hendrycksTest_5 in runs ['2023_08_19T21_59_42.894030', '2023_08_23T16_59_33.663836', '2023_08_28T19_48_59.844014', '2023_12_04T17_40_08.047341']",,,,,,,,,,,,,,
41,S1,TFLai/llama-7b-4bit-alpaca,huggyllama/llama-7b,bnb-4bit(LoRA),harness_hendrycksTest_abstract_algebra_5,False,True,no joinable items,,,,,,,,,,,,,,0.0
41,S1,TFLai/llama-7b-4bit-alpaca,huggyllama/llama-7b,bnb-4bit(LoRA),harness_hendrycksTest_anatomy_5,False,True,no joinable items,,,,,,,,,,,,,,0.0
41,S1,TFLai/llama-7b-4bit-alpaca,huggyllama/llama-7b,bnb-4bit(LoRA),harness_hendrycksTest_astronomy_5,False,True,no joinable items,,,,,,,,,,,,,,0.0
41,S1,TFLai/llama-7b-4bit-alpaca,huggyllama/llama-7b,bnb-4bit(LoRA),harness_hendrycksTest_business_ethics_5,False,True,no joinable items,,,,,,,,,,,,,,0.0
41,S1,TFLai/llama-7b-4bit-alpaca,huggyllama/llama-7b,bnb-4bit(LoRA),harness_hendrycksTest_clinical_knowledge_5,False,True,no joinable items,,,,,,,,,,,,,,0.0
41,S1,TFLai/llama-7b-4bit-alpaca,huggyllama/llama-7b,bnb-4bit(LoRA),harness_hendrycksTest_college_biology_5,False,True,no joinable items,,,,,,,,,,,,,,0.0
41,S1,TFLai/llama-7b-4bit-alpaca,huggyllama/llama-7b,bnb-4bit(LoRA),harness_hendrycksTest_college_chemistry_5,False,True,no joinable items,,,,,,,,,,,,,,0.0
41,S1,TFLai/llama-7b-4bit-alpaca,huggyllama/llama-7b,bnb-4bit(LoRA),harness_hendrycksTest_college_computer_science_5,False,True,no joinable items,,,,,,,,,,,,,,0.0
41,S1,TFLai/llama-7b-4bit-alpaca,huggyllama/llama-7b,bnb-4bit(LoRA),harness_hendrycksTest_college_mathematics_5,False,True,no joinable items,,,,,,,,,,,,,,0.0
41,S1,TFLai/llama-7b-4bit-alpaca,huggyllama/llama-7b,bnb-4bit(LoRA),harness_hendrycksTest_college_medicine_5,False,True,no joinable items,,,,,,,,,,,,,,0.0
41,S1,TFLai/llama-7b-4bit-alpaca,huggyllama/llama-7b,bnb-4bit(LoRA),harness_hendrycksTest_college_physics_5,False,True,no joinable items,,,,,,,,,,,,,,0.0
41,S1,TFLai/llama-7b-4bit-alpaca,huggyllama/llama-7b,bnb-4bit(LoRA),harness_hendrycksTest_computer_security_5,False,True,no joinable items,,,,,,,,,,,,,,0.0
41,S1,TFLai/llama-7b-4bit-alpaca,huggyllama/llama-7b,bnb-4bit(LoRA),harness_hendrycksTest_conceptual_physics_5,False,True,no joinable items,,,,,,,,,,,,,,0.0
41,S1,TFLai/llama-7b-4bit-alpaca,huggyllama/llama-7b,bnb-4bit(LoRA),harness_hendrycksTest_econometrics_5,False,True,no joinable items,,,,,,,,,,,,,,0.0
41,S1,TFLai/llama-7b-4bit-alpaca,huggyllama/llama-7b,bnb-4bit(LoRA),harness_hendrycksTest_electrical_engineering_5,False,True,no joinable items,,,,,,,,,,,,,,0.0
41,S1,TFLai/llama-7b-4bit-alpaca,huggyllama/llama-7b,bnb-4bit(LoRA),harness_hendrycksTest_elementary_mathematics_5,False,True,no joinable items,,,,,,,,,,,,,,0.0
41,S1,TFLai/llama-7b-4bit-alpaca,huggyllama/llama-7b,bnb-4bit(LoRA),harness_hendrycksTest_formal_logic_5,False,True,no joinable items,,,,,,,,,,,,,,0.0
41,S1,TFLai/llama-7b-4bit-alpaca,huggyllama/llama-7b,bnb-4bit(LoRA),harness_hendrycksTest_global_facts_5,False,True,no joinable items,,,,,,,,,,,,,,0.0
41,S1,TFLai/llama-7b-4bit-alpaca,huggyllama/llama-7b,bnb-4bit(LoRA),harness_hendrycksTest_high_school_biology_5,False,True,no joinable items,,,,,,,,,,,,,,0.0
41,S1,TFLai/llama-7b-4bit-alpaca,huggyllama/llama-7b,bnb-4bit(LoRA),harness_hendrycksTest_high_school_chemistry_5,False,True,no joinable items,,,,,,,,,,,,,,0.0
41,S1,TFLai/llama-7b-4bit-alpaca,huggyllama/llama-7b,bnb-4bit(LoRA),harness_hendrycksTest_high_school_computer_science_5,False,True,no joinable items,,,,,,,,,,,,,,0.0
41,S1,TFLai/llama-7b-4bit-alpaca,huggyllama/llama-7b,bnb-4bit(LoRA),harness_hendrycksTest_high_school_european_history_5,False,True,no joinable items,,,,,,,,,,,,,,0.0
41,S1,TFLai/llama-7b-4bit-alpaca,huggyllama/llama-7b,bnb-4bit(LoRA),harness_hendrycksTest_high_school_geography_5,False,True,no joinable items,,,,,,,,,,,,,,0.0
41,S1,TFLai/llama-7b-4bit-alpaca,huggyllama/llama-7b,bnb-4bit(LoRA),harness_hendrycksTest_high_school_government_and_politics_5,False,True,no joinable items,,,,,,,,,,,,,,0.0
41,S1,TFLai/llama-7b-4bit-alpaca,huggyllama/llama-7b,bnb-4bit(LoRA),harness_hendrycksTest_high_school_macroeconomics_5,False,True,no joinable items,,,,,,,,,,,,,,0.0
41,S1,TFLai/llama-7b-4bit-alpaca,huggyllama/llama-7b,bnb-4bit(LoRA),harness_hendrycksTest_high_school_mathematics_5,False,True,no joinable items,,,,,,,,,,,,,,0.0
41,S1,TFLai/llama-7b-4bit-alpaca,huggyllama/llama-7b,bnb-4bit(LoRA),harness_hendrycksTest_high_school_microeconomics_5,False,True,no joinable items,,,,,,,,,,,,,,0.0
41,S1,TFLai/llama-7b-4bit-alpaca,huggyllama/llama-7b,bnb-4bit(LoRA),harness_hendrycksTest_high_school_physics_5,False,True,no joinable items,,,,,,,,,,,,,,0.0
41,S1,TFLai/llama-7b-4bit-alpaca,huggyllama/llama-7b,bnb-4bit(LoRA),harness_hendrycksTest_high_school_psychology_5,False,True,no joinable items,,,,,,,,,,,,,,0.0
41,S1,TFLai/llama-7b-4bit-alpaca,huggyllama/llama-7b,bnb-4bit(LoRA),harness_hendrycksTest_high_school_statistics_5,False,True,no joinable items,,,,,,,,,,,,,,0.0
41,S1,TFLai/llama-7b-4bit-alpaca,huggyllama/llama-7b,bnb-4bit(LoRA),harness_hendrycksTest_high_school_us_history_5,False,True,no joinable items,,,,,,,,,,,,,,0.0
41,S1,TFLai/llama-7b-4bit-alpaca,huggyllama/llama-7b,bnb-4bit(LoRA),harness_hendrycksTest_high_school_world_history_5,False,True,no joinable items,,,,,,,,,,,,,,0.0
41,S1,TFLai/llama-7b-4bit-alpaca,huggyllama/llama-7b,bnb-4bit(LoRA),harness_hendrycksTest_human_aging_5,False,True,no joinable items,,,,,,,,,,,,,,0.0
41,S1,TFLai/llama-7b-4bit-alpaca,huggyllama/llama-7b,bnb-4bit(LoRA),harness_hendrycksTest_human_sexuality_5,False,True,no joinable items,,,,,,,,,,,,,,0.0
41,S1,TFLai/llama-7b-4bit-alpaca,huggyllama/llama-7b,bnb-4bit(LoRA),harness_hendrycksTest_international_law_5,False,True,no joinable items,,,,,,,,,,,,,,0.0
41,S1,TFLai/llama-7b-4bit-alpaca,huggyllama/llama-7b,bnb-4bit(LoRA),harness_hendrycksTest_jurisprudence_5,False,True,no joinable items,,,,,,,,,,,,,,0.0
41,S1,TFLai/llama-7b-4bit-alpaca,huggyllama/llama-7b,bnb-4bit(LoRA),harness_hendrycksTest_logical_fallacies_5,False,True,no joinable items,,,,,,,,,,,,,,0.0
41,S1,TFLai/llama-7b-4bit-alpaca,huggyllama/llama-7b,bnb-4bit(LoRA),harness_hendrycksTest_machine_learning_5,False,True,no joinable items,,,,,,,,,,,,,,0.0
41,S1,TFLai/llama-7b-4bit-alpaca,huggyllama/llama-7b,bnb-4bit(LoRA),harness_hendrycksTest_management_5,False,True,no joinable items,,,,,,,,,,,,,,0.0
41,S1,TFLai/llama-7b-4bit-alpaca,huggyllama/llama-7b,bnb-4bit(LoRA),harness_hendrycksTest_marketing_5,False,True,no joinable items,,,,,,,,,,,,,,0.0
41,S1,TFLai/llama-7b-4bit-alpaca,huggyllama/llama-7b,bnb-4bit(LoRA),harness_hendrycksTest_medical_genetics_5,False,True,no joinable items,,,,,,,,,,,,,,0.0
41,S1,TFLai/llama-7b-4bit-alpaca,huggyllama/llama-7b,bnb-4bit(LoRA),harness_hendrycksTest_miscellaneous_5,False,True,no joinable items,,,,,,,,,,,,,,0.0
41,S1,TFLai/llama-7b-4bit-alpaca,huggyllama/llama-7b,bnb-4bit(LoRA),harness_hendrycksTest_moral_disputes_5,False,True,no joinable items,,,,,,,,,,,,,,0.0
41,S1,TFLai/llama-7b-4bit-alpaca,huggyllama/llama-7b,bnb-4bit(LoRA),harness_hendrycksTest_moral_scenarios_5,False,True,no joinable items,,,,,,,,,,,,,,0.0
41,S1,TFLai/llama-7b-4bit-alpaca,huggyllama/llama-7b,bnb-4bit(LoRA),harness_hendrycksTest_nutrition_5,False,True,no joinable items,,,,,,,,,,,,,,0.0
41,S1,TFLai/llama-7b-4bit-alpaca,huggyllama/llama-7b,bnb-4bit(LoRA),harness_hendrycksTest_philosophy_5,False,True,no joinable items,,,,,,,,,,,,,,0.0
41,S1,TFLai/llama-7b-4bit-alpaca,huggyllama/llama-7b,bnb-4bit(LoRA),harness_hendrycksTest_prehistory_5,False,True,no joinable items,,,,,,,,,,,,,,0.0
41,S1,TFLai/llama-7b-4bit-alpaca,huggyllama/llama-7b,bnb-4bit(LoRA),harness_hendrycksTest_professional_accounting_5,False,True,no joinable items,,,,,,,,,,,,,,0.0
41,S1,TFLai/llama-7b-4bit-alpaca,huggyllama/llama-7b,bnb-4bit(LoRA),harness_hendrycksTest_professional_law_5,False,True,no joinable items,,,,,,,,,,,,,,0.0
41,S1,TFLai/llama-7b-4bit-alpaca,huggyllama/llama-7b,bnb-4bit(LoRA),harness_hendrycksTest_professional_medicine_5,False,True,no joinable items,,,,,,,,,,,,,,0.0
41,S1,TFLai/llama-7b-4bit-alpaca,huggyllama/llama-7b,bnb-4bit(LoRA),harness_hendrycksTest_professional_psychology_5,False,True,no joinable items,,,,,,,,,,,,,,0.0
41,S1,TFLai/llama-7b-4bit-alpaca,huggyllama/llama-7b,bnb-4bit(LoRA),harness_hendrycksTest_public_relations_5,False,True,no joinable items,,,,,,,,,,,,,,0.0
41,S1,TFLai/llama-7b-4bit-alpaca,huggyllama/llama-7b,bnb-4bit(LoRA),harness_hendrycksTest_security_studies_5,False,True,no joinable items,,,,,,,,,,,,,,0.0
41,S1,TFLai/llama-7b-4bit-alpaca,huggyllama/llama-7b,bnb-4bit(LoRA),harness_hendrycksTest_sociology_5,False,True,no joinable items,,,,,,,,,,,,,,0.0
41,S1,TFLai/llama-7b-4bit-alpaca,huggyllama/llama-7b,bnb-4bit(LoRA),harness_hendrycksTest_us_foreign_policy_5,False,True,no joinable items,,,,,,,,,,,,,,0.0
41,S1,TFLai/llama-7b-4bit-alpaca,huggyllama/llama-7b,bnb-4bit(LoRA),harness_hendrycksTest_virology_5,False,True,no joinable items,,,,,,,,,,,,,,0.0
41,S1,TFLai/llama-7b-4bit-alpaca,huggyllama/llama-7b,bnb-4bit(LoRA),harness_hendrycksTest_world_religions_5,False,True,no joinable items,,,,,,,,,,,,,,0.0
41,S1,TFLai/llama-7b-4bit-alpaca,huggyllama/llama-7b,bnb-4bit(LoRA),harness_truthfulqa_mc_0,False,True,no acc_norm or acc column in S1 rows,,,,,,,,,,,,,,
41,S1,TFLai/llama-7b-4bit-alpaca,huggyllama/llama-7b,bnb-4bit(LoRA),harness_winogrande_5,False,True,no joinable items,,,,,,,,,,,,,,0.0
42,S1,TFLai/gpt-neox-20b-4bit-alpaca,EleutherAI/gpt-neox-20b,bnb-4bit(LoRA),harness_arc_challenge_25,False,True,no joinable items,,,,,,,,,,,,,,0.0
42,S1,TFLai/gpt-neox-20b-4bit-alpaca,EleutherAI/gpt-neox-20b,bnb-4bit(LoRA),harness_drop_3,False,True,no acc_norm or acc column in S1 rows,,,,,,,,,,,,,,
42,S1,TFLai/gpt-neox-20b-4bit-alpaca,EleutherAI/gpt-neox-20b,bnb-4bit(LoRA),harness_gsm8k_5,False,True,no joinable items,,,,,,,,,,,,,,0.0
42,S1,TFLai/gpt-neox-20b-4bit-alpaca,EleutherAI/gpt-neox-20b,bnb-4bit(LoRA),harness_hellaswag_10,False,False,,9997,acc_norm,0.7341202360708212,0.67370211063319,-0.060418125437631254,0.0865259577873362,0.026107832349704912,0.11263379013704111,0.09992997899369811,5.20526454335883e-76,False,0.00925062274491205,235,1.0
42,S1,TFLai/gpt-neox-20b-4bit-alpaca,EleutherAI/gpt-neox-20b,bnb-4bit(LoRA),harness_hendrycksTest_5,False,True,"no parquet found for task harness_hendrycksTest_5 in runs ['2023_07_20T10_44_54.391639', '2023_08_28T20_20_23.118147', '2023_09_08T18_29_20.429481', '2023_12_03T17_14_42.607420']",,,,,,,,,,,,,,
42,S1,TFLai/gpt-neox-20b-4bit-alpaca,EleutherAI/gpt-neox-20b,bnb-4bit(LoRA),harness_hendrycksTest_abstract_algebra_5,False,False,,100,acc_norm,0.22,0.22,0.0,0.02,0.02,0.04,0.15,1.0,False,0.056313981737495224,,1.0
42,S1,TFLai/gpt-neox-20b-4bit-alpaca,EleutherAI/gpt-neox-20b,bnb-4bit(LoRA),harness_hendrycksTest_anatomy_5,False,False,,135,acc_norm,0.23703703703703705,0.23703703703703705,0.0,0.05185185185185185,0.05185185185185185,0.1037037037037037,0.22962962962962963,1.0,False,0.07793787702045005,,1.0
42,S1,TFLai/gpt-neox-20b-4bit-alpaca,EleutherAI/gpt-neox-20b,bnb-4bit(LoRA),harness_hendrycksTest_astronomy_5,False,False,,152,acc_norm,0.23026315789473684,0.21052631578947367,-0.019736842105263164,0.14473684210526316,0.125,0.26973684210526316,0.6052631578947368,0.755228657504631,False,0.11832368216570953,5464,1.0
42,S1,TFLai/gpt-neox-20b-4bit-alpaca,EleutherAI/gpt-neox-20b,bnb-4bit(LoRA),harness_hendrycksTest_business_ethics_5,False,False,,100,acc_norm,0.33,0.33,0.0,0.12,0.12,0.24,0.38,1.0,False,0.13794052064127377,,1.0
42,S1,TFLai/gpt-neox-20b-4bit-alpaca,EleutherAI/gpt-neox-20b,bnb-4bit(LoRA),harness_hendrycksTest_clinical_knowledge_5,False,False,,265,acc_norm,0.22264150943396227,0.23773584905660378,0.015094339622641506,0.018867924528301886,0.033962264150943396,0.052830188679245285,0.0830188679245283,0.4239501953125,False,0.03954617150381519,1819,1.0
42,S1,TFLai/gpt-neox-20b-4bit-alpaca,EleutherAI/gpt-neox-20b,bnb-4bit(LoRA),harness_hendrycksTest_college_biology_5,False,False,,144,acc_norm,0.25,0.2708333333333333,0.020833333333333315,0.006944444444444444,0.027777777777777776,0.034722222222222224,0.0625,0.375,False,0.04338185583974994,625,1.0
42,S1,TFLai/gpt-neox-20b-4bit-alpaca,EleutherAI/gpt-neox-20b,bnb-4bit(LoRA),harness_hendrycksTest_college_chemistry_5,False,False,,100,acc_norm,0.22,0.22,0.0,0.08,0.08,0.16,0.39,1.0,False,0.11262796347499045,,1.0
42,S1,TFLai/gpt-neox-20b-4bit-alpaca,EleutherAI/gpt-neox-20b,bnb-4bit(LoRA),harness_hendrycksTest_college_computer_science_5,False,False,,100,acc_norm,0.32,0.26,-0.06,0.19,0.13,0.32,0.51,0.37708558747544885,False,0.1583815093517099,697,1.0
42,S1,TFLai/gpt-neox-20b-4bit-alpaca,EleutherAI/gpt-neox-20b,bnb-4bit(LoRA),harness_hendrycksTest_college_mathematics_5,False,False,,100,acc_norm,0.22,0.23,0.010000000000000009,0.16,0.17,0.33,0.66,1.0,False,0.16172508861176266,26156,1.0
42,S1,TFLai/gpt-neox-20b-4bit-alpaca,EleutherAI/gpt-neox-20b,bnb-4bit(LoRA),harness_hendrycksTest_college_medicine_5,False,False,,173,acc_norm,0.21965317919075145,0.2138728323699422,-0.005780346820809246,0.08670520231213873,0.08092485549132948,0.1676300578034682,0.3815028901734104,1.0,False,0.08745250915791572,39599,1.0
42,S1,TFLai/gpt-neox-20b-4bit-alpaca,EleutherAI/gpt-neox-20b,bnb-4bit(LoRA),harness_hendrycksTest_college_physics_5,False,False,,80,acc_norm,0.2125,0.2375,0.024999999999999994,0.075,0.1,0.175,0.375,0.79052734375,False,0.1316231869302863,2218,1.0
42,S1,TFLai/gpt-neox-20b-4bit-alpaca,EleutherAI/gpt-neox-20b,bnb-4bit(LoRA),harness_hendrycksTest_computer_security_5,False,False,,100,acc_norm,0.22,0.32,0.1,0.08,0.18,0.26,0.46,0.07551869750022888,False,0.14078495434373806,199,1.0
42,S1,TFLai/gpt-neox-20b-4bit-alpaca,EleutherAI/gpt-neox-20b,bnb-4bit(LoRA),harness_hendrycksTest_conceptual_physics_5,False,False,,235,acc_norm,0.3617021276595745,0.2765957446808511,-0.08510638297872342,0.19574468085106383,0.11063829787234042,0.30638297872340425,0.5404255319148936,0.02446090732832437,False,0.10016893764048682,326,1.0
42,S1,TFLai/gpt-neox-20b-4bit-alpaca,EleutherAI/gpt-neox-20b,bnb-4bit(LoRA),harness_hendrycksTest_econometrics_5,False,False,,114,acc_norm,0.2631578947368421,0.2894736842105263,0.026315789473684237,0.10526315789473684,0.13157894736842105,0.23684210526315788,0.3684210526315789,0.7011080384254456,False,0.12807318455246036,2701,1.0
42,S1,TFLai/gpt-neox-20b-4bit-alpaca,EleutherAI/gpt-neox-20b,bnb-4bit(LoRA),harness_hendrycksTest_electrical_engineering_5,False,False,,145,acc_norm,0.20689655172413793,0.2689655172413793,0.062068965517241365,0.0896551724137931,0.15172413793103448,0.2413793103448276,0.42758620689655175,0.175465248990804,False,0.11378338718727005,488,1.0
42,S1,TFLai/gpt-neox-20b-4bit-alpaca,EleutherAI/gpt-neox-20b,bnb-4bit(LoRA),harness_hendrycksTest_elementary_mathematics_5,False,False,,376,acc_norm,0.2553191489361702,0.2393617021276596,-0.015957446808510606,0.12234042553191489,0.10638297872340426,0.22872340425531915,0.4787234042553192,0.5900356111485566,False,0.06915150232819917,7061,1.0
42,S1,TFLai/gpt-neox-20b-4bit-alpaca,EleutherAI/gpt-neox-20b,bnb-4bit(LoRA),harness_hendrycksTest_formal_logic_5,False,False,,126,acc_norm,0.23015873015873015,0.23015873015873015,0.0,0.05555555555555555,0.05555555555555555,0.1111111111111111,0.29365079365079366,1.0,False,0.08352713323278896,,1.0
42,S1,TFLai/gpt-neox-20b-4bit-alpaca,EleutherAI/gpt-neox-20b,bnb-4bit(LoRA),harness_hendrycksTest_global_facts_5,False,False,,100,acc_norm,0.3,0.29,-0.010000000000000009,0.16,0.15,0.31,0.54,1.0,False,0.15674620255979727,24570,1.0
42,S1,TFLai/gpt-neox-20b-4bit-alpaca,EleutherAI/gpt-neox-20b,bnb-4bit(LoRA),harness_hendrycksTest_high_school_biology_5,False,False,,310,acc_norm,0.2064516129032258,0.1967741935483871,-0.009677419354838707,0.07741935483870968,0.06774193548387097,0.14516129032258066,0.3903225806451613,0.765991824244793,False,0.06070295981449807,12198,1.0
42,S1,TFLai/gpt-neox-20b-4bit-alpaca,EleutherAI/gpt-neox-20b,bnb-4bit(LoRA),harness_hendrycksTest_high_school_chemistry_5,False,False,,203,acc_norm,0.1477832512315271,0.1477832512315271,0.0,0.04926108374384237,0.04926108374384237,0.09852216748768473,0.20689655172413793,1.0,False,0.06187213914891379,,1.0
42,S1,TFLai/gpt-neox-20b-4bit-alpaca,EleutherAI/gpt-neox-20b,bnb-4bit(LoRA),harness_hendrycksTest_high_school_computer_science_5,False,False,,100,acc_norm,0.27,0.18,-0.09000000000000002,0.13,0.04,0.17,0.38,0.049041748046875,False,0.11329471842117136,159,1.0
42,S1,TFLai/gpt-neox-20b-4bit-alpaca,EleutherAI/gpt-neox-20b,bnb-4bit(LoRA),harness_hendrycksTest_high_school_european_history_5,False,False,,165,acc_norm,0.21212121212121213,0.22424242424242424,0.012121212121212116,0.09090909090909091,0.10303030303030303,0.19393939393939394,0.42424242424242425,0.860050065908581,False,0.09630533859520607,10416,1.0
42,S1,TFLai/gpt-neox-20b-4bit-alpaca,EleutherAI/gpt-neox-20b,bnb-4bit(LoRA),harness_hendrycksTest_high_school_geography_5,False,False,,198,acc_norm,0.18686868686868688,0.1717171717171717,-0.015151515151515166,0.05555555555555555,0.04040404040404041,0.09595959595959595,0.2222222222222222,0.6476058959960938,False,0.06175822652992001,3290,1.0
42,S1,TFLai/gpt-neox-20b-4bit-alpaca,EleutherAI/gpt-neox-20b,bnb-4bit(LoRA),harness_hendrycksTest_high_school_government_and_politics_5,False,False,,193,acc_norm,0.22797927461139897,0.20725388601036268,-0.020725388601036288,0.06735751295336788,0.046632124352331605,0.11398963730569948,0.22797927461139897,0.5234670639038086,False,0.06813434694188848,2086,1.0
42,S1,TFLai/gpt-neox-20b-4bit-alpaca,EleutherAI/gpt-neox-20b,bnb-4bit(LoRA),harness_hendrycksTest_high_school_macroeconomics_5,False,False,,390,acc_norm,0.2,0.258974358974359,0.05897435897435899,0.035897435897435895,0.09487179487179487,0.13076923076923078,0.26666666666666666,0.0017691971837869858,False,0.05067903329308611,289,1.0
42,S1,TFLai/gpt-neox-20b-4bit-alpaca,EleutherAI/gpt-neox-20b,bnb-4bit(LoRA),harness_hendrycksTest_high_school_mathematics_5,False,False,,270,acc_norm,0.22962962962962963,0.26666666666666666,0.037037037037037035,0.17407407407407408,0.2111111111111111,0.3851851851851852,0.7888888888888889,0.3775839232980986,False,0.10582488086130241,2205,1.0
42,S1,TFLai/gpt-neox-20b-4bit-alpaca,EleutherAI/gpt-neox-20b,bnb-4bit(LoRA),harness_hendrycksTest_high_school_microeconomics_5,False,False,,238,acc_norm,0.2184873949579832,0.2184873949579832,0.0,0.037815126050420166,0.037815126050420166,0.07563025210084033,0.18487394957983194,1.0,False,0.05004692958027989,,1.0
42,S1,TFLai/gpt-neox-20b-4bit-alpaca,EleutherAI/gpt-neox-20b,bnb-4bit(LoRA),harness_hendrycksTest_high_school_physics_5,False,False,,151,acc_norm,0.24503311258278146,0.271523178807947,0.02649006622516556,0.12582781456953643,0.152317880794702,0.2781456953642384,0.543046357615894,0.6439689563703723,False,0.12048857116839047,3124,1.0
42,S1,TFLai/gpt-neox-20b-4bit-alpaca,EleutherAI/gpt-neox-20b,bnb-4bit(LoRA),harness_hendrycksTest_high_school_psychology_5,False,False,,523,acc_norm,0.2237093690248566,0.2198852772466539,-0.0038240917782026984,0.05353728489483748,0.0497131931166348,0.10325047801147227,0.2829827915869981,0.8919231511047488,False,0.03939887887956955,55516,1.0
42,S1,TFLai/gpt-neox-20b-4bit-alpaca,EleutherAI/gpt-neox-20b,bnb-4bit(LoRA),harness_hendrycksTest_high_school_statistics_5,False,False,,216,acc_norm,0.17592592592592593,0.18518518518518517,0.009259259259259245,0.06481481481481481,0.07407407407407407,0.1388888888888889,0.46296296296296297,0.8555355519056321,False,0.07118430942857758,12767,1.0
42,S1,TFLai/gpt-neox-20b-4bit-alpaca,EleutherAI/gpt-neox-20b,bnb-4bit(LoRA),harness_hendrycksTest_high_school_us_history_5,False,False,,204,acc_norm,0.29411764705882354,0.24509803921568626,-0.049019607843137275,0.14215686274509803,0.09313725490196079,0.23529411764705882,0.5147058823529411,0.19341265286193737,False,0.0948926016257529,765,1.0
42,S1,TFLai/gpt-neox-20b-4bit-alpaca,EleutherAI/gpt-neox-20b,bnb-4bit(LoRA),harness_hendrycksTest_high_school_world_history_5,False,False,,237,acc_norm,0.26582278481012656,0.25738396624472576,-0.008438818565400796,0.12658227848101267,0.11814345991561181,0.24472573839662448,0.46835443037974683,0.8956832138895906,False,0.09020372284426366,27080,1.0
42,S1,TFLai/gpt-neox-20b-4bit-alpaca,EleutherAI/gpt-neox-20b,bnb-4bit(LoRA),harness_hendrycksTest_human_aging_5,False,False,,223,acc_norm,0.34977578475336324,0.34977578475336324,0.0,0.05829596412556054,0.05829596412556054,0.11659192825112108,0.16591928251121077,1.0,False,0.06420392703738693,,1.0
42,S1,TFLai/gpt-neox-20b-4bit-alpaca,EleutherAI/gpt-neox-20b,bnb-4bit(LoRA),harness_hendrycksTest_human_sexuality_5,False,False,,131,acc_norm,0.25190839694656486,0.31297709923664124,0.06106870229007638,0.03816793893129771,0.09923664122137404,0.13740458015267176,0.25190839694656486,0.09625244140625,False,0.08983748229378896,284,1.0
42,S1,TFLai/gpt-neox-20b-4bit-alpaca,EleutherAI/gpt-neox-20b,bnb-4bit(LoRA),harness_hendrycksTest_international_law_5,False,False,,121,acc_norm,0.2727272727272727,0.2396694214876033,-0.033057851239669395,0.04132231404958678,0.008264462809917356,0.049586776859504134,0.08264462809917356,0.21875,False,0.056319270180173686,352,1.0
42,S1,TFLai/gpt-neox-20b-4bit-alpaca,EleutherAI/gpt-neox-20b,bnb-4bit(LoRA),harness_hendrycksTest_jurisprudence_5,False,False,,108,acc_norm,0.2777777777777778,0.2222222222222222,-0.05555555555555558,0.1574074074074074,0.10185185185185185,0.25925925925925924,0.5092592592592593,0.34492845088243484,False,0.13708138685251198,658,1.0
42,S1,TFLai/gpt-neox-20b-4bit-alpaca,EleutherAI/gpt-neox-20b,bnb-4bit(LoRA),harness_hendrycksTest_logical_fallacies_5,False,False,,163,acc_norm,0.2392638036809816,0.2331288343558282,-0.006134969325153394,0.147239263803681,0.1411042944785276,0.2883435582822086,0.6380368098159509,1.0,False,0.11818792569003775,60494,1.0
42,S1,TFLai/gpt-neox-20b-4bit-alpaca,EleutherAI/gpt-neox-20b,bnb-4bit(LoRA),harness_hendrycksTest_machine_learning_5,False,False,,112,acc_norm,0.25,0.17857142857142858,-0.07142857142857142,0.15178571428571427,0.08035714285714286,0.23214285714285715,0.5,0.16863754391670227,False,0.12670516468548707,353,1.0
42,S1,TFLai/gpt-neox-20b-4bit-alpaca,EleutherAI/gpt-neox-20b,bnb-4bit(LoRA),harness_hendrycksTest_management_5,False,False,,103,acc_norm,0.24271844660194175,0.27184466019417475,0.029126213592232997,0.038834951456310676,0.06796116504854369,0.10679611650485436,0.21359223300970873,0.548828125,False,0.09029208512020502,990,1.0
42,S1,TFLai/gpt-neox-20b-4bit-alpaca,EleutherAI/gpt-neox-20b,bnb-4bit(LoRA),harness_hendrycksTest_marketing_5,False,False,,234,acc_norm,0.2863247863247863,0.23504273504273504,-0.051282051282051266,0.1581196581196581,0.10683760683760683,0.26495726495726496,0.4829059829059829,0.16188140552559763,False,0.09400429952199985,787,1.0
42,S1,TFLai/gpt-neox-20b-4bit-alpaca,EleutherAI/gpt-neox-20b,bnb-4bit(LoRA),harness_hendrycksTest_medical_genetics_5,False,False,,100,acc_norm,0.31,0.35,0.03999999999999998,0.1,0.14,0.24,0.45,0.5412561893463135,False,0.1374799500044295,1182,1.0
42,S1,TFLai/gpt-neox-20b-4bit-alpaca,EleutherAI/gpt-neox-20b,bnb-4bit(LoRA),harness_hendrycksTest_miscellaneous_5,False,False,,783,acc_norm,0.2656449553001277,0.28991060025542786,0.024265644955300147,0.12899106002554278,0.1532567049808429,0.2822477650063857,0.5593869731800766,0.22588707069169495,False,0.05316945806048437,3760,1.0
42,S1,TFLai/gpt-neox-20b-4bit-alpaca,EleutherAI/gpt-neox-20b,bnb-4bit(LoRA),harness_hendrycksTest_moral_disputes_5,False,False,,346,acc_norm,0.2630057803468208,0.30057803468208094,0.037572254335260125,0.09248554913294797,0.13005780346820808,0.22254335260115607,0.3670520231213873,0.17106097355391153,False,0.0709283359184067,1234,1.0
42,S1,TFLai/gpt-neox-20b-4bit-alpaca,EleutherAI/gpt-neox-20b,bnb-4bit(LoRA),harness_hendrycksTest_moral_scenarios_5,False,False,,895,acc_norm,0.2446927374301676,0.24581005586592178,0.0011173184357541888,0.008938547486033519,0.01005586592178771,0.01899441340782123,0.04022346368715084,1.0,True,0.012913196167260658,119547,1.0
42,S1,TFLai/gpt-neox-20b-4bit-alpaca,EleutherAI/gpt-neox-20b,bnb-4bit(LoRA),harness_hendrycksTest_nutrition_5,False,False,,306,acc_norm,0.27450980392156865,0.24836601307189543,-0.02614379084967322,0.08169934640522876,0.05555555555555555,0.13725490196078433,0.20261437908496732,0.27995623852893914,False,0.0592834957932892,1574,1.0
42,S1,TFLai/gpt-neox-20b-4bit-alpaca,EleutherAI/gpt-neox-20b,bnb-4bit(LoRA),harness_hendrycksTest_philosophy_5,False,False,,311,acc_norm,0.2765273311897106,0.3279742765273312,0.051446945337620564,0.15434083601286175,0.2057877813504823,0.36012861736334406,0.6752411575562701,0.1560663019937673,False,0.09513711470801237,1064,1.0
42,S1,TFLai/gpt-neox-20b-4bit-alpaca,EleutherAI/gpt-neox-20b,bnb-4bit(LoRA),harness_hendrycksTest_prehistory_5,False,False,,324,acc_norm,0.25925925925925924,0.23765432098765432,-0.021604938271604923,0.12962962962962962,0.10802469135802469,0.23765432098765432,0.49691358024691357,0.49438227369550003,False,0.07591865729711883,4001,1.0
42,S1,TFLai/gpt-neox-20b-4bit-alpaca,EleutherAI/gpt-neox-20b,bnb-4bit(LoRA),harness_hendrycksTest_professional_accounting_5,False,False,,282,acc_norm,0.25886524822695034,0.24468085106382978,-0.01418439716312056,0.0673758865248227,0.05319148936170213,0.12056737588652482,0.2198581560283688,0.6075913612730801,False,0.057983298036952,4713,1.0
42,S1,TFLai/gpt-neox-20b-4bit-alpaca,EleutherAI/gpt-neox-20b,bnb-4bit(LoRA),harness_hendrycksTest_professional_law_5,False,False,,1534,acc_norm,0.23859191655801826,0.24445893089960888,0.005867014341590621,0.13233376792698825,0.13820078226857888,0.27053455019556716,0.5560625814863103,0.6945871764830627,False,0.037214869260802384,61720,1.0
42,S1,TFLai/gpt-neox-20b-4bit-alpaca,EleutherAI/gpt-neox-20b,bnb-4bit(LoRA),harness_hendrycksTest_professional_medicine_5,False,False,,272,acc_norm,0.19117647058823528,0.17279411764705882,-0.01838235294117646,0.07352941176470588,0.05514705882352941,0.12867647058823528,0.3602941176470588,0.4995598332025112,False,0.06096741372299679,2993,1.0
42,S1,TFLai/gpt-neox-20b-4bit-alpaca,EleutherAI/gpt-neox-20b,bnb-4bit(LoRA),harness_hendrycksTest_professional_psychology_5,False,False,,610,acc_norm,0.2573770491803279,0.2360655737704918,-0.021311475409836078,0.12950819672131147,0.10819672131147541,0.23770491803278687,0.5114754098360655,0.3189894748159888,False,0.05529666991695929,4107,1.0
42,S1,TFLai/gpt-neox-20b-4bit-alpaca,EleutherAI/gpt-neox-20b,bnb-4bit(LoRA),harness_hendrycksTest_public_relations_5,False,False,,106,acc_norm,0.24528301886792453,0.29245283018867924,0.047169811320754707,0.16037735849056603,0.20754716981132076,0.36792452830188677,0.660377358490566,0.5223973804968411,False,0.16533751011634037,1303,1.0
42,S1,TFLai/gpt-neox-20b-4bit-alpaca,EleutherAI/gpt-neox-20b,bnb-4bit(LoRA),harness_hendrycksTest_security_studies_5,False,False,,245,acc_norm,0.20408163265306123,0.17959183673469387,-0.024489795918367363,0.0653061224489796,0.04081632653061224,0.10612244897959183,0.3224489795918367,0.32693958282470703,False,0.05826152783691259,1387,1.0
42,S1,TFLai/gpt-neox-20b-4bit-alpaca,EleutherAI/gpt-neox-20b,bnb-4bit(LoRA),harness_hendrycksTest_sociology_5,False,False,,201,acc_norm,0.2885572139303483,0.2885572139303483,0.0,0.1044776119402985,0.1044776119402985,0.208955223880597,0.4626865671641791,1.0,False,0.09055562992168942,,1.0
42,S1,TFLai/gpt-neox-20b-4bit-alpaca,EleutherAI/gpt-neox-20b,bnb-4bit(LoRA),harness_hendrycksTest_us_foreign_policy_5,False,False,,98,acc_norm,0.22448979591836735,0.29591836734693877,0.07142857142857142,0.04081632653061224,0.11224489795918367,0.15306122448979592,0.3673469387755102,0.11846923828124999,False,0.10941804060930099,230,1.0
42,S1,TFLai/gpt-neox-20b-4bit-alpaca,EleutherAI/gpt-neox-20b,bnb-4bit(LoRA),harness_hendrycksTest_virology_5,False,False,,166,acc_norm,0.3072289156626506,0.2891566265060241,-0.01807228915662651,0.07228915662650602,0.05421686746987952,0.12650602409638553,0.21084337349397592,0.6636238098144531,False,0.07747402554963986,3051,1.0
42,S1,TFLai/gpt-neox-20b-4bit-alpaca,EleutherAI/gpt-neox-20b,bnb-4bit(LoRA),harness_hendrycksTest_world_religions_5,False,False,,171,acc_norm,0.3333333333333333,0.3216374269005848,-0.011695906432748537,0.10526315789473684,0.0935672514619883,0.19883040935672514,0.38596491228070173,0.8641662404406816,False,0.09577922804198115,11468,1.0
42,S1,TFLai/gpt-neox-20b-4bit-alpaca,EleutherAI/gpt-neox-20b,bnb-4bit(LoRA),harness_truthfulqa_mc_0,False,True,no acc_norm or acc column in S1 rows,,,,,,,,,,,,,,
42,S1,TFLai/gpt-neox-20b-4bit-alpaca,EleutherAI/gpt-neox-20b,bnb-4bit(LoRA),harness_winogrande_5,False,True,no joinable items,,,,,,,,,,,,,,0.0
43,S1,TFLai/llama-2-13b-4bit-alpaca-gpt4,meta-llama/Llama-2-13b-hf,bnb-4bit(LoRA),harness_arc_challenge_25,False,False,,1168,acc_norm,0.5813356164383562,0.577054794520548,-0.0042808219178082085,0.0410958904109589,0.036815068493150686,0.0779109589041096,0.10702054794520548,0.6752224599160572,True,0.02288846156703042,33391,1.0
43,S1,TFLai/llama-2-13b-4bit-alpaca-gpt4,meta-llama/Llama-2-13b-hf,bnb-4bit(LoRA),harness_drop_3,False,True,no acc_norm or acc column in S1 rows,,,,,,,,,,,,,,
43,S1,TFLai/llama-2-13b-4bit-alpaca-gpt4,meta-llama/Llama-2-13b-hf,bnb-4bit(LoRA),harness_gsm8k_5,False,True,no joinable items,,,,,,,,,,,,,,0.0
43,S1,TFLai/llama-2-13b-4bit-alpaca-gpt4,meta-llama/Llama-2-13b-hf,bnb-4bit(LoRA),harness_hellaswag_10,False,False,,9997,acc_norm,0.8095428628588577,0.810443132939882,0.0009002700810243347,0.016905071521456438,0.017805341602480745,0.03471041312393718,0.03571071321396419,0.6676481943687207,True,0.00522054128358039,336168,1.0
43,S1,TFLai/llama-2-13b-4bit-alpaca-gpt4,meta-llama/Llama-2-13b-hf,bnb-4bit(LoRA),harness_hendrycksTest_5,False,True,"no parquet found for task harness_hendrycksTest_5 in runs ['2023_08_19T22_35_38.117975', '2023_08_23T17_28_00.015478', '2023_08_28T19_56_56.621542', '2023_08_29T22_26_02.660247', '2023_09_08T14_32_14.957248', '2023_09_15T14_07_08.353318', '2023_10_14T23_00_26.644553', '2023_12_02T13_11_49.394544']",,,,,,,,,,,,,,
43,S1,TFLai/llama-2-13b-4bit-alpaca-gpt4,meta-llama/Llama-2-13b-hf,bnb-4bit(LoRA),harness_hendrycksTest_abstract_algebra_5,False,False,,100,acc_norm,0.33,0.34,0.010000000000000009,0.14,0.15,0.29,0.53,1.0,False,0.15160389093737509,22984,1.0
43,S1,TFLai/llama-2-13b-4bit-alpaca-gpt4,meta-llama/Llama-2-13b-hf,bnb-4bit(LoRA),harness_hendrycksTest_anatomy_5,False,False,,135,acc_norm,0.5111111111111111,0.45925925925925926,-0.051851851851851816,0.11851851851851852,0.06666666666666667,0.18518518518518517,0.2740740740740741,0.2295229434967041,False,0.10339006111914456,537,1.0
43,S1,TFLai/llama-2-13b-4bit-alpaca-gpt4,meta-llama/Llama-2-13b-hf,bnb-4bit(LoRA),harness_hendrycksTest_astronomy_5,False,False,,152,acc_norm,0.5131578947368421,0.4934210526315789,-0.01973684210526322,0.07236842105263158,0.05263157894736842,0.125,0.21052631578947367,0.6476058959960938,False,0.08048085993244522,2528,1.0
43,S1,TFLai/llama-2-13b-4bit-alpaca-gpt4,meta-llama/Llama-2-13b-hf,bnb-4bit(LoRA),harness_hendrycksTest_business_ethics_5,False,False,,100,acc_norm,0.54,0.49,-0.050000000000000044,0.11,0.06,0.17,0.24,0.332305908203125,False,0.11523745162754526,532,1.0
43,S1,TFLai/llama-2-13b-4bit-alpaca-gpt4,meta-llama/Llama-2-13b-hf,bnb-4bit(LoRA),harness_hendrycksTest_clinical_knowledge_5,False,False,,265,acc_norm,0.6075471698113207,0.5924528301886792,-0.015094339622641506,0.06415094339622641,0.04905660377358491,0.11320754716981132,0.18490566037735848,0.5846647117286922,False,0.057956492993600346,3907,1.0
43,S1,TFLai/llama-2-13b-4bit-alpaca-gpt4,meta-llama/Llama-2-13b-hf,bnb-4bit(LoRA),harness_hendrycksTest_college_biology_5,False,False,,144,acc_norm,0.5555555555555556,0.5555555555555556,0.0,0.09027777777777778,0.09027777777777778,0.18055555555555555,0.2361111111111111,1.0,False,0.09954999590549567,,1.0
43,S1,TFLai/llama-2-13b-4bit-alpaca-gpt4,meta-llama/Llama-2-13b-hf,bnb-4bit(LoRA),harness_hendrycksTest_college_chemistry_5,False,False,,100,acc_norm,0.43,0.34,-0.08999999999999997,0.15,0.06,0.21,0.3,0.0783538818359375,False,0.1265186063836598,198,1.0
43,S1,TFLai/llama-2-13b-4bit-alpaca-gpt4,meta-llama/Llama-2-13b-hf,bnb-4bit(LoRA),harness_hendrycksTest_college_computer_science_5,False,False,,100,acc_norm,0.44,0.39,-0.04999999999999999,0.11,0.06,0.17,0.31,0.332305908203125,False,0.11523745162754524,532,1.0
43,S1,TFLai/llama-2-13b-4bit-alpaca-gpt4,meta-llama/Llama-2-13b-hf,bnb-4bit(LoRA),harness_hendrycksTest_college_mathematics_5,False,False,,100,acc_norm,0.34,0.27,-0.07,0.15,0.08,0.23,0.43,0.21003961563110352,False,0.1335900115800556,365,1.0
43,S1,TFLai/llama-2-13b-4bit-alpaca-gpt4,meta-llama/Llama-2-13b-hf,bnb-4bit(LoRA),harness_hendrycksTest_college_medicine_5,False,False,,173,acc_norm,0.5144508670520231,0.4682080924855491,-0.04624277456647402,0.09826589595375723,0.05202312138728324,0.15028901734104047,0.27167630057803466,0.16863754391670227,False,0.08222262828662462,547,1.0
43,S1,TFLai/llama-2-13b-4bit-alpaca-gpt4,meta-llama/Llama-2-13b-hf,bnb-4bit(LoRA),harness_hendrycksTest_college_physics_5,False,False,,80,acc_norm,0.25,0.2375,-0.012500000000000011,0.05,0.0375,0.0875,0.175,1.0,False,0.09315500824283249,4444,1.0
43,S1,TFLai/llama-2-13b-4bit-alpaca-gpt4,meta-llama/Llama-2-13b-hf,bnb-4bit(LoRA),harness_hendrycksTest_computer_security_5,False,False,,100,acc_norm,0.68,0.67,-0.010000000000000009,0.07,0.06,0.13,0.18,1.0,False,0.10148242010726656,10299,1.0
43,S1,TFLai/llama-2-13b-4bit-alpaca-gpt4,meta-llama/Llama-2-13b-hf,bnb-4bit(LoRA),harness_hendrycksTest_conceptual_physics_5,False,False,,235,acc_norm,0.4553191489361702,0.4297872340425532,-0.025531914893617003,0.08936170212765958,0.06382978723404255,0.15319148936170213,0.23829787234042554,0.4050322461407632,False,0.07152983535607578,1845,1.0
43,S1,TFLai/llama-2-13b-4bit-alpaca-gpt4,meta-llama/Llama-2-13b-hf,bnb-4bit(LoRA),harness_hendrycksTest_econometrics_5,False,False,,114,acc_norm,0.2894736842105263,0.2982456140350877,0.008771929824561375,0.09649122807017543,0.10526315789473684,0.20175438596491227,0.3333333333333333,1.0,False,0.11835681635604284,20754,1.0
43,S1,TFLai/llama-2-13b-4bit-alpaca-gpt4,meta-llama/Llama-2-13b-hf,bnb-4bit(LoRA),harness_hendrycksTest_electrical_engineering_5,False,False,,145,acc_norm,0.496551724137931,0.4827586206896552,-0.013793103448275834,0.06896551724137931,0.05517241379310345,0.12413793103448276,0.21379310344827587,0.8145294189453125,False,0.08219431769881912,5150,1.0
43,S1,TFLai/llama-2-13b-4bit-alpaca-gpt4,meta-llama/Llama-2-13b-hf,bnb-4bit(LoRA),harness_hendrycksTest_elementary_mathematics_5,False,False,,376,acc_norm,0.34574468085106386,0.3191489361702128,-0.026595744680851074,0.12234042553191489,0.09574468085106383,0.21808510638297873,0.3882978723404255,0.3202933636380142,False,0.06745214590544499,2419,1.0
43,S1,TFLai/llama-2-13b-4bit-alpaca-gpt4,meta-llama/Llama-2-13b-hf,bnb-4bit(LoRA),harness_hendrycksTest_formal_logic_5,False,False,,126,acc_norm,0.3333333333333333,0.25396825396825395,-0.07936507936507936,0.15873015873015872,0.07936507936507936,0.23809523809523808,0.3968253968253968,0.09873714670538905,False,0.1206430185719881,292,1.0
43,S1,TFLai/llama-2-13b-4bit-alpaca-gpt4,meta-llama/Llama-2-13b-hf,bnb-4bit(LoRA),harness_hendrycksTest_global_facts_5,False,False,,100,acc_norm,0.32,0.36,0.03999999999999998,0.07,0.11,0.18,0.3,0.480682373046875,False,0.11892787665019508,884,1.0
43,S1,TFLai/llama-2-13b-4bit-alpaca-gpt4,meta-llama/Llama-2-13b-hf,bnb-4bit(LoRA),harness_hendrycksTest_high_school_biology_5,False,False,,310,acc_norm,0.6580645161290323,0.6516129032258065,-0.006451612903225823,0.06774193548387097,0.06129032258064516,0.12903225806451613,0.15483870967741936,0.8746293123804207,False,0.057240535432607396,24403,1.0
43,S1,TFLai/llama-2-13b-4bit-alpaca-gpt4,meta-llama/Llama-2-13b-hf,bnb-4bit(LoRA),harness_hendrycksTest_high_school_chemistry_5,False,False,,203,acc_norm,0.458128078817734,0.4187192118226601,-0.0394088669950739,0.10344827586206896,0.06403940886699508,0.16748768472906403,0.30049261083743845,0.22948101302608848,False,0.080296508767749,843,1.0
43,S1,TFLai/llama-2-13b-4bit-alpaca-gpt4,meta-llama/Llama-2-13b-hf,bnb-4bit(LoRA),harness_hendrycksTest_high_school_computer_science_5,False,False,,100,acc_norm,0.55,0.52,-0.030000000000000027,0.08,0.05,0.13,0.2,0.5810546875,False,0.10116944350961472,1138,1.0
43,S1,TFLai/llama-2-13b-4bit-alpaca-gpt4,meta-llama/Llama-2-13b-hf,bnb-4bit(LoRA),harness_hendrycksTest_high_school_european_history_5,False,False,,165,acc_norm,0.6484848484848484,0.6606060606060606,0.0121212121212122,0.048484848484848485,0.06060606060606061,0.10909090909090909,0.1696969696969697,0.8145294189453125,False,0.07220770508427689,5856,1.0
43,S1,TFLai/llama-2-13b-4bit-alpaca-gpt4,meta-llama/Llama-2-13b-hf,bnb-4bit(LoRA),harness_hendrycksTest_high_school_geography_5,False,False,,198,acc_norm,0.6868686868686869,0.6868686868686869,0.0,0.08585858585858586,0.08585858585858586,0.1717171717171717,0.18686868686868688,1.0,False,0.08271372651478531,,1.0
43,S1,TFLai/llama-2-13b-4bit-alpaca-gpt4,meta-llama/Llama-2-13b-hf,bnb-4bit(LoRA),harness_hendrycksTest_high_school_government_and_politics_5,False,False,,193,acc_norm,0.7668393782383419,0.7305699481865285,-0.03626943005181338,0.07772020725388601,0.04145077720207254,0.11917098445595854,0.15025906735751296,0.21003961563110352,False,0.06941097966323702,707,1.0
43,S1,TFLai/llama-2-13b-4bit-alpaca-gpt4,meta-llama/Llama-2-13b-hf,bnb-4bit(LoRA),harness_hendrycksTest_high_school_macroeconomics_5,False,False,,390,acc_norm,0.47692307692307695,0.4717948717948718,-0.0051282051282051655,0.08974358974358974,0.08461538461538462,0.17435897435897435,0.2641025641025641,0.9035973456835127,False,0.05930870410159314,52164,1.0
43,S1,TFLai/llama-2-13b-4bit-alpaca-gpt4,meta-llama/Llama-2-13b-hf,bnb-4bit(LoRA),harness_hendrycksTest_high_school_mathematics_5,False,False,,270,acc_norm,0.2814814814814815,0.28888888888888886,0.007407407407407363,0.0962962962962963,0.1037037037037037,0.2,0.35185185185185186,0.8919231511047488,False,0.0763806083263874,28708,1.0
43,S1,TFLai/llama-2-13b-4bit-alpaca-gpt4,meta-llama/Llama-2-13b-hf,bnb-4bit(LoRA),harness_hendrycksTest_high_school_microeconomics_5,False,False,,238,acc_norm,0.5546218487394958,0.5210084033613446,-0.03361344537815125,0.11764705882352941,0.08403361344537816,0.20168067226890757,0.2647058823529412,0.31232680747326935,False,0.08149704705902605,1400,1.0
43,S1,TFLai/llama-2-13b-4bit-alpaca-gpt4,meta-llama/Llama-2-13b-hf,bnb-4bit(LoRA),harness_hendrycksTest_high_school_physics_5,False,False,,151,acc_norm,0.39072847682119205,0.32450331125827814,-0.06622516556291391,0.15894039735099338,0.09271523178807947,0.25165562913907286,0.39072847682119205,0.14330665429588407,False,0.11374800705264468,446,1.0
43,S1,TFLai/llama-2-13b-4bit-alpaca-gpt4,meta-llama/Llama-2-13b-hf,bnb-4bit(LoRA),harness_hendrycksTest_high_school_psychology_5,False,False,,523,acc_norm,0.7380497131931166,0.6978967495219885,-0.040152963671128084,0.08795411089866156,0.04780114722753346,0.13575525812619502,0.17973231357552583,0.01699465257343638,False,0.04491098594233552,655,1.0
43,S1,TFLai/llama-2-13b-4bit-alpaca-gpt4,meta-llama/Llama-2-13b-hf,bnb-4bit(LoRA),harness_hendrycksTest_high_school_statistics_5,False,False,,216,acc_norm,0.4675925925925926,0.4398148148148148,-0.02777777777777779,0.13425925925925927,0.10648148148148148,0.24074074074074073,0.35648148148148145,0.48845566937989204,False,0.09359708022849271,2453,1.0
43,S1,TFLai/llama-2-13b-4bit-alpaca-gpt4,meta-llama/Llama-2-13b-hf,bnb-4bit(LoRA),harness_hendrycksTest_high_school_us_history_5,False,False,,204,acc_norm,0.6911764705882353,0.6519607843137255,-0.039215686274509776,0.0784313725490196,0.0392156862745098,0.11764705882352941,0.18627450980392157,0.15158963203430176,False,0.06700220784305863,596,1.0
43,S1,TFLai/llama-2-13b-4bit-alpaca-gpt4,meta-llama/Llama-2-13b-hf,bnb-4bit(LoRA),harness_hendrycksTest_high_school_world_history_5,False,False,,237,acc_norm,0.7172995780590717,0.6962025316455697,-0.021097046413502074,0.06751054852320675,0.046413502109704644,0.11392405063291139,0.16877637130801687,0.44206833839416504,False,0.06143353686969581,2010,1.0
43,S1,TFLai/llama-2-13b-4bit-alpaca-gpt4,meta-llama/Llama-2-13b-hf,bnb-4bit(LoRA),harness_hendrycksTest_human_aging_5,False,False,,223,acc_norm,0.6636771300448431,0.600896860986547,-0.06278026905829603,0.08968609865470852,0.026905829596412557,0.11659192825112108,0.15695067264573992,0.009355306625366211,False,0.06310939826195051,226,1.0
43,S1,TFLai/llama-2-13b-4bit-alpaca-gpt4,meta-llama/Llama-2-13b-hf,bnb-4bit(LoRA),harness_hendrycksTest_human_sexuality_5,False,False,,131,acc_norm,0.6030534351145038,0.6106870229007634,0.007633587786259555,0.07633587786259542,0.08396946564885496,0.16030534351145037,0.2366412213740458,1.0,False,0.09836196867942887,21751,1.0
43,S1,TFLai/llama-2-13b-4bit-alpaca-gpt4,meta-llama/Llama-2-13b-hf,bnb-4bit(LoRA),harness_hendrycksTest_international_law_5,False,False,,121,acc_norm,0.7024793388429752,0.6528925619834711,-0.04958677685950408,0.10743801652892562,0.05785123966942149,0.1652892561983471,0.2066115702479339,0.26317596435546875,False,0.10320030230881395,525,1.0
43,S1,TFLai/llama-2-13b-4bit-alpaca-gpt4,meta-llama/Llama-2-13b-hf,bnb-4bit(LoRA),harness_hendrycksTest_jurisprudence_5,False,False,,108,acc_norm,0.7037037037037037,0.6481481481481481,-0.05555555555555558,0.08333333333333333,0.027777777777777776,0.1111111111111111,0.17592592592592593,0.14599609375,False,0.08901710487785322,278,1.0
43,S1,TFLai/llama-2-13b-4bit-alpaca-gpt4,meta-llama/Llama-2-13b-hf,bnb-4bit(LoRA),harness_hendrycksTest_logical_fallacies_5,False,False,,163,acc_norm,0.6871165644171779,0.656441717791411,-0.030674846625766916,0.08588957055214724,0.05521472392638037,0.1411042944785276,0.1901840490797546,0.4048728942871094,False,0.08240689709838127,1177,1.0
43,S1,TFLai/llama-2-13b-4bit-alpaca-gpt4,meta-llama/Llama-2-13b-hf,bnb-4bit(LoRA),harness_hendrycksTest_machine_learning_5,False,False,,112,acc_norm,0.26785714285714285,0.2767857142857143,0.008928571428571452,0.05357142857142857,0.0625,0.11607142857142858,0.32142857142857145,1.0,False,0.09056404709764761,11524,1.0
43,S1,TFLai/llama-2-13b-4bit-alpaca-gpt4,meta-llama/Llama-2-13b-hf,bnb-4bit(LoRA),harness_hendrycksTest_management_5,False,False,,103,acc_norm,0.7572815533980582,0.6893203883495146,-0.06796116504854366,0.0970873786407767,0.02912621359223301,0.1262135922330097,0.1553398058252427,0.09228515625,False,0.09673004322854224,209,1.0
43,S1,TFLai/llama-2-13b-4bit-alpaca-gpt4,meta-llama/Llama-2-13b-hf,bnb-4bit(LoRA),harness_hendrycksTest_marketing_5,False,False,,234,acc_norm,0.7991452991452992,0.782051282051282,-0.017094017094017144,0.06837606837606838,0.05128205128205128,0.11965811965811966,0.13247863247863248,0.5715881884098053,False,0.06341121010926266,3221,1.0
43,S1,TFLai/llama-2-13b-4bit-alpaca-gpt4,meta-llama/Llama-2-13b-hf,bnb-4bit(LoRA),harness_hendrycksTest_medical_genetics_5,False,False,,100,acc_norm,0.55,0.54,-0.010000000000000009,0.08,0.07,0.15,0.19,1.0,False,0.10901520013462902,11885,1.0
43,S1,TFLai/llama-2-13b-4bit-alpaca-gpt4,meta-llama/Llama-2-13b-hf,bnb-4bit(LoRA),harness_hendrycksTest_miscellaneous_5,False,False,,783,acc_norm,0.7266922094508301,0.6947637292464879,-0.03192848020434225,0.06768837803320563,0.035759897828863345,0.10344827586206896,0.14303959131545338,0.007275502036308492,False,0.03206355001599177,790,1.0
43,S1,TFLai/llama-2-13b-4bit-alpaca-gpt4,meta-llama/Llama-2-13b-hf,bnb-4bit(LoRA),harness_hendrycksTest_moral_disputes_5,False,False,,346,acc_norm,0.6358381502890174,0.6011560693641619,-0.034682080924855474,0.08092485549132948,0.046242774566473986,0.12716763005780346,0.1676300578034682,0.09614175442061423,False,0.05353266468745554,825,1.0
43,S1,TFLai/llama-2-13b-4bit-alpaca-gpt4,meta-llama/Llama-2-13b-hf,bnb-4bit(LoRA),harness_hendrycksTest_moral_scenarios_5,False,False,,895,acc_norm,0.2759776536312849,0.25251396648044694,-0.023463687150837964,0.13743016759776536,0.11396648044692738,0.25139664804469275,0.46145251396648046,0.18229699690928544,False,0.04692872526123317,3581,1.0
43,S1,TFLai/llama-2-13b-4bit-alpaca-gpt4,meta-llama/Llama-2-13b-hf,bnb-4bit(LoRA),harness_hendrycksTest_nutrition_5,False,False,,306,acc_norm,0.5947712418300654,0.545751633986928,-0.0490196078431373,0.11764705882352941,0.06862745098039216,0.18627450980392157,0.24183006535947713,0.06273668035582848,False,0.06878777006256369,603,1.0
43,S1,TFLai/llama-2-13b-4bit-alpaca-gpt4,meta-llama/Llama-2-13b-hf,bnb-4bit(LoRA),harness_hendrycksTest_philosophy_5,False,False,,311,acc_norm,0.6495176848874598,0.6366559485530546,-0.012861736334405127,0.0707395498392283,0.05787781350482315,0.12861736334405144,0.1864951768488746,0.6358280026288412,False,0.05702868043312833,6115,1.0
43,S1,TFLai/llama-2-13b-4bit-alpaca-gpt4,meta-llama/Llama-2-13b-hf,bnb-4bit(LoRA),harness_hendrycksTest_prehistory_5,False,False,,324,acc_norm,0.6080246913580247,0.5987654320987654,-0.0092592592592593,0.08950617283950617,0.08024691358024691,0.1697530864197531,0.21604938271604937,0.7877061896700431,False,0.06420985922275144,15582,1.0
43,S1,TFLai/llama-2-13b-4bit-alpaca-gpt4,meta-llama/Llama-2-13b-hf,bnb-4bit(LoRA),harness_hendrycksTest_professional_accounting_5,False,False,,282,acc_norm,0.3971631205673759,0.39361702127659576,-0.003546099290780147,0.08156028368794327,0.07801418439716312,0.1595744680851064,0.25177304964539005,1.0,False,0.06675983701147542,99949,1.0
43,S1,TFLai/llama-2-13b-4bit-alpaca-gpt4,meta-llama/Llama-2-13b-hf,bnb-4bit(LoRA),harness_hendrycksTest_professional_law_5,False,False,,1534,acc_norm,0.41590612777053454,0.3924380704041721,-0.023468057366362427,0.08148631029986962,0.058018252933507174,0.1395045632333768,0.22359843546284225,0.016530291973622317,False,0.026672762320137024,1982,1.0
43,S1,TFLai/llama-2-13b-4bit-alpaca-gpt4,meta-llama/Llama-2-13b-hf,bnb-4bit(LoRA),harness_hendrycksTest_professional_medicine_5,False,False,,272,acc_norm,0.5147058823529411,0.49264705882352944,-0.022058823529411686,0.09926470588235294,0.07720588235294118,0.17647058823529413,0.25,0.470879013621712,False,0.07139302435280089,2850,1.0
43,S1,TFLai/llama-2-13b-4bit-alpaca-gpt4,meta-llama/Llama-2-13b-hf,bnb-4bit(LoRA),harness_hendrycksTest_professional_psychology_5,False,False,,610,acc_norm,0.5442622950819672,0.5180327868852459,-0.02622950819672132,0.09344262295081968,0.06721311475409836,0.16065573770491803,0.2180327868852459,0.12929258395357343,False,0.04540580816616324,1828,1.0
43,S1,TFLai/llama-2-13b-4bit-alpaca-gpt4,meta-llama/Llama-2-13b-hf,bnb-4bit(LoRA),harness_hendrycksTest_public_relations_5,False,False,,106,acc_norm,0.5754716981132075,0.5849056603773585,0.009433962264150941,0.07547169811320754,0.08490566037735849,0.16037735849056603,0.20754716981132076,1.0,False,0.10946119344545617,14271,1.0
43,S1,TFLai/llama-2-13b-4bit-alpaca-gpt4,meta-llama/Llama-2-13b-hf,bnb-4bit(LoRA),harness_hendrycksTest_security_studies_5,False,False,,245,acc_norm,0.6122448979591837,0.5836734693877551,-0.02857142857142858,0.07755102040816327,0.04897959183673469,0.12653061224489795,0.19591836734693877,0.28104151505976915,False,0.06359181787832288,1214,1.0
43,S1,TFLai/llama-2-13b-4bit-alpaca-gpt4,meta-llama/Llama-2-13b-hf,bnb-4bit(LoRA),harness_hendrycksTest_sociology_5,False,False,,201,acc_norm,0.7114427860696517,0.7213930348258707,0.009950248756218971,0.05472636815920398,0.06467661691542288,0.11940298507462686,0.15422885572139303,0.8388197422027588,False,0.06842523555687378,9506,1.0
43,S1,TFLai/llama-2-13b-4bit-alpaca-gpt4,meta-llama/Llama-2-13b-hf,bnb-4bit(LoRA),harness_hendrycksTest_us_foreign_policy_5,False,False,,98,acc_norm,0.826530612244898,0.7653061224489796,-0.061224489795918435,0.08163265306122448,0.02040816326530612,0.10204081632653061,0.14285714285714285,0.109375,False,0.0891821404561312,208,1.0
43,S1,TFLai/llama-2-13b-4bit-alpaca-gpt4,meta-llama/Llama-2-13b-hf,bnb-4bit(LoRA),harness_hendrycksTest_virology_5,False,False,,166,acc_norm,0.41566265060240964,0.4036144578313253,-0.01204819277108432,0.06626506024096386,0.05421686746987952,0.12048192771084337,0.22289156626506024,0.8238029479980469,False,0.07565907687064503,6547,1.0
43,S1,TFLai/llama-2-13b-4bit-alpaca-gpt4,meta-llama/Llama-2-13b-hf,bnb-4bit(LoRA),harness_hendrycksTest_world_religions_5,False,False,,171,acc_norm,0.7368421052631579,0.695906432748538,-0.040935672514619825,0.08771929824561403,0.04678362573099415,0.13450292397660818,0.15789473684210525,0.21003961563110352,False,0.07831101930543263,626,1.0
43,S1,TFLai/llama-2-13b-4bit-alpaca-gpt4,meta-llama/Llama-2-13b-hf,bnb-4bit(LoRA),harness_truthfulqa_mc_0,False,True,no acc_norm or acc column in S1 rows,,,,,,,,,,,,,,
43,S1,TFLai/llama-2-13b-4bit-alpaca-gpt4,meta-llama/Llama-2-13b-hf,bnb-4bit(LoRA),harness_winogrande_5,False,False,,1267,acc,0.7663772691397001,0.7513812154696132,-0.014996053670086829,0.05445935280189424,0.03946329913180742,0.09392265193370165,0.09392265193370165,0.0985236274022573,False,0.024101918445801254,3273,1.0
44,S1,TFLai/gpt-neo-1.3B-4bit-alpaca,EleutherAI/gpt-neo-1.3B,bnb-4bit(LoRA),harness_arc_challenge_25,False,True,no joinable items,,,,,,,,,,,,,,0.0
44,S1,TFLai/gpt-neo-1.3B-4bit-alpaca,EleutherAI/gpt-neo-1.3B,bnb-4bit(LoRA),harness_drop_3,False,True,no acc_norm or acc column in S1 rows,,,,,,,,,,,,,,
44,S1,TFLai/gpt-neo-1.3B-4bit-alpaca,EleutherAI/gpt-neo-1.3B,bnb-4bit(LoRA),harness_gsm8k_5,False,False,,1319,acc,0.004548900682335102,0.002274450341167551,-0.002274450341167551,0.004548900682335102,0.002274450341167551,0.006823351023502654,0.8915845337376801,0.5078125,True,0.006372066455147009,10353,1.0
44,S1,TFLai/gpt-neo-1.3B-4bit-alpaca,EleutherAI/gpt-neo-1.3B,bnb-4bit(LoRA),harness_hellaswag_10,False,False,,9997,acc_norm,0.48424527358207464,0.4633390017005102,-0.020906271881564464,0.053616084825447635,0.032709812943883164,0.0863258977693308,0.07982394718415525,1.1214120663656393e-12,False,0.008212191076174286,1543,1.0
44,S1,TFLai/gpt-neo-1.3B-4bit-alpaca,EleutherAI/gpt-neo-1.3B,bnb-4bit(LoRA),harness_hendrycksTest_5,False,True,"no parquet found for task harness_hendrycksTest_5 in runs ['2023_07_19T15_04_26.148804', '2023_10_19T06_57_24.325149']",,,,,,,,,,,,,,
44,S1,TFLai/gpt-neo-1.3B-4bit-alpaca,EleutherAI/gpt-neo-1.3B,bnb-4bit(LoRA),harness_hendrycksTest_abstract_algebra_5,False,False,,100,acc_norm,0.28,0.22,-0.060000000000000026,0.09,0.03,0.12,0.22,0.14599609375,False,0.09606445653242957,257,1.0
44,S1,TFLai/gpt-neo-1.3B-4bit-alpaca,EleutherAI/gpt-neo-1.3B,bnb-4bit(LoRA),harness_hendrycksTest_anatomy_5,False,False,,135,acc_norm,0.14814814814814814,0.17037037037037037,0.022222222222222227,0.022222222222222223,0.044444444444444446,0.06666666666666667,0.17777777777777778,0.5078125,False,0.0622574492913993,1060,1.0
44,S1,TFLai/gpt-neo-1.3B-4bit-alpaca,EleutherAI/gpt-neo-1.3B,bnb-4bit(LoRA),harness_hendrycksTest_astronomy_5,False,False,,152,acc_norm,0.17763157894736842,0.17763157894736842,0.0,0.0,0.0,0.0,0.0,1.0,True,0.0,,1.0
44,S1,TFLai/gpt-neo-1.3B-4bit-alpaca,EleutherAI/gpt-neo-1.3B,bnb-4bit(LoRA),harness_hendrycksTest_business_ethics_5,False,False,,100,acc_norm,0.3,0.31,0.010000000000000009,0.0,0.01,0.01,0.01,1.0,False,0.02801585218112968,785,1.0
44,S1,TFLai/gpt-neo-1.3B-4bit-alpaca,EleutherAI/gpt-neo-1.3B,bnb-4bit(LoRA),harness_hendrycksTest_clinical_knowledge_5,False,False,,265,acc_norm,0.27169811320754716,0.2528301886792453,-0.018867924528301883,0.06037735849056604,0.04150943396226415,0.1018867924528302,0.20754716981132076,0.44206833839416504,False,0.05494153195540466,2247,1.0
44,S1,TFLai/gpt-neo-1.3B-4bit-alpaca,EleutherAI/gpt-neo-1.3B,bnb-4bit(LoRA),harness_hendrycksTest_college_biology_5,False,False,,144,acc_norm,0.2569444444444444,0.2569444444444444,0.0,0.05555555555555555,0.05555555555555555,0.1111111111111111,0.24305555555555555,1.0,False,0.07809344180003142,,1.0
44,S1,TFLai/gpt-neo-1.3B-4bit-alpaca,EleutherAI/gpt-neo-1.3B,bnb-4bit(LoRA),harness_hendrycksTest_college_chemistry_5,False,False,,100,acc_norm,0.21,0.21,0.0,0.01,0.01,0.02,0.02,1.0,False,0.03981999836219827,,1.0
44,S1,TFLai/gpt-neo-1.3B-4bit-alpaca,EleutherAI/gpt-neo-1.3B,bnb-4bit(LoRA),harness_hendrycksTest_college_computer_science_5,False,False,,100,acc_norm,0.32,0.32,0.0,0.04,0.04,0.08,0.2,1.0,False,0.07963999672439653,,1.0
44,S1,TFLai/gpt-neo-1.3B-4bit-alpaca,EleutherAI/gpt-neo-1.3B,bnb-4bit(LoRA),harness_hendrycksTest_college_mathematics_5,False,False,,100,acc_norm,0.28,0.28,0.0,0.12,0.12,0.24,0.43,1.0,False,0.13794052064127377,,1.0
44,S1,TFLai/gpt-neo-1.3B-4bit-alpaca,EleutherAI/gpt-neo-1.3B,bnb-4bit(LoRA),harness_hendrycksTest_college_medicine_5,False,False,,173,acc_norm,0.20809248554913296,0.20809248554913296,0.0,0.023121387283236993,0.023121387283236993,0.046242774566473986,0.08092485549132948,1.0,False,0.04593688643981147,,1.0
44,S1,TFLai/gpt-neo-1.3B-4bit-alpaca,EleutherAI/gpt-neo-1.3B,bnb-4bit(LoRA),harness_hendrycksTest_college_physics_5,False,False,,80,acc_norm,0.225,0.225,0.0,0.0,0.0,0.0,0.0375,1.0,True,0.0,,1.0
44,S1,TFLai/gpt-neo-1.3B-4bit-alpaca,EleutherAI/gpt-neo-1.3B,bnb-4bit(LoRA),harness_hendrycksTest_computer_security_5,False,False,,100,acc_norm,0.28,0.27,-0.010000000000000009,0.01,0.0,0.01,0.08,1.0,False,0.028015852181129685,785,1.0
44,S1,TFLai/gpt-neo-1.3B-4bit-alpaca,EleutherAI/gpt-neo-1.3B,bnb-4bit(LoRA),harness_hendrycksTest_conceptual_physics_5,False,False,,235,acc_norm,0.2851063829787234,0.26382978723404255,-0.021276595744680882,0.06382978723404255,0.0425531914893617,0.10638297872340426,0.1702127659574468,0.42435622215270996,False,0.05960819613006316,1845,1.0
44,S1,TFLai/gpt-neo-1.3B-4bit-alpaca,EleutherAI/gpt-neo-1.3B,bnb-4bit(LoRA),harness_hendrycksTest_econometrics_5,False,False,,114,acc_norm,0.22807017543859648,0.2719298245614035,0.04385964912280704,0.043859649122807015,0.08771929824561403,0.13157894736842105,0.24561403508771928,0.30175781249999994,False,0.09489858062111053,534,1.0
44,S1,TFLai/gpt-neo-1.3B-4bit-alpaca,EleutherAI/gpt-neo-1.3B,bnb-4bit(LoRA),harness_hendrycksTest_electrical_engineering_5,False,False,,145,acc_norm,0.2827586206896552,0.2620689655172414,-0.02068965517241378,0.06206896551724138,0.041379310344827586,0.10344827586206896,0.22758620689655173,0.6072387695312499,False,0.07493484531650177,1903,1.0
44,S1,TFLai/gpt-neo-1.3B-4bit-alpaca,EleutherAI/gpt-neo-1.3B,bnb-4bit(LoRA),harness_hendrycksTest_elementary_mathematics_5,False,False,,376,acc_norm,0.2553191489361702,0.2127659574468085,-0.04255319148936168,0.19680851063829788,0.15425531914893617,0.35106382978723405,0.7180851063829787,0.19149877187347047,False,0.0854984636259074,1518,1.0
44,S1,TFLai/gpt-neo-1.3B-4bit-alpaca,EleutherAI/gpt-neo-1.3B,bnb-4bit(LoRA),harness_hendrycksTest_formal_logic_5,False,False,,126,acc_norm,0.25396825396825395,0.2698412698412698,0.015873015873015872,0.09523809523809523,0.1111111111111111,0.20634920634920634,0.40476190476190477,0.8450189828872681,False,0.11375878192030292,6472,1.0
44,S1,TFLai/gpt-neo-1.3B-4bit-alpaca,EleutherAI/gpt-neo-1.3B,bnb-4bit(LoRA),harness_hendrycksTest_global_facts_5,False,False,,100,acc_norm,0.19,0.18,-0.010000000000000009,0.02,0.01,0.03,0.05,1.0,False,0.04868798869331513,2371,1.0
44,S1,TFLai/gpt-neo-1.3B-4bit-alpaca,EleutherAI/gpt-neo-1.3B,bnb-4bit(LoRA),harness_hendrycksTest_high_school_biology_5,False,False,,310,acc_norm,0.2,0.2129032258064516,0.01290322580645159,0.07096774193548387,0.08387096774193549,0.15483870967741936,0.29354838709677417,0.6654658120766188,False,0.06268025463163723,7316,1.0
44,S1,TFLai/gpt-neo-1.3B-4bit-alpaca,EleutherAI/gpt-neo-1.3B,bnb-4bit(LoRA),harness_hendrycksTest_high_school_chemistry_5,False,False,,203,acc_norm,0.19704433497536947,0.22167487684729065,0.02463054187192118,0.06896551724137931,0.09359605911330049,0.1625615763546798,0.30049261083743845,0.48685024166479707,False,0.07932776450310614,2106,1.0
44,S1,TFLai/gpt-neo-1.3B-4bit-alpaca,EleutherAI/gpt-neo-1.3B,bnb-4bit(LoRA),harness_hendrycksTest_high_school_computer_science_5,False,False,,100,acc_norm,0.27,0.22,-0.05000000000000002,0.07,0.02,0.09,0.16,0.1796875,False,0.08328950221575908,278,1.0
44,S1,TFLai/gpt-neo-1.3B-4bit-alpaca,EleutherAI/gpt-neo-1.3B,bnb-4bit(LoRA),harness_hendrycksTest_high_school_european_history_5,False,False,,165,acc_norm,0.21818181818181817,0.23030303030303031,0.012121212121212144,0.0,0.012121212121212121,0.012121212121212121,0.07878787878787878,0.5,False,0.023939042132556772,644,1.0
44,S1,TFLai/gpt-neo-1.3B-4bit-alpaca,EleutherAI/gpt-neo-1.3B,bnb-4bit(LoRA),harness_hendrycksTest_high_school_geography_5,False,False,,198,acc_norm,0.18686868686868688,0.16666666666666666,-0.02020202020202022,0.03535353535353535,0.015151515151515152,0.050505050505050504,0.09595959595959595,0.34375,False,0.044676205063417136,969,1.0
44,S1,TFLai/gpt-neo-1.3B-4bit-alpaca,EleutherAI/gpt-neo-1.3B,bnb-4bit(LoRA),harness_hendrycksTest_high_school_government_and_politics_5,False,False,,193,acc_norm,0.20725388601036268,0.23834196891191708,0.031088082901554404,0.05181347150259067,0.08290155440414508,0.13471502590673576,0.22279792746113988,0.32693958282470703,False,0.0739431206866278,1092,1.0
44,S1,TFLai/gpt-neo-1.3B-4bit-alpaca,EleutherAI/gpt-neo-1.3B,bnb-4bit(LoRA),harness_hendrycksTest_high_school_macroeconomics_5,False,False,,390,acc_norm,0.3128205128205128,0.29743589743589743,-0.015384615384615385,0.10512820512820513,0.08974358974358974,0.19487179487179487,0.3384615384615385,0.566573442398685,False,0.06266710429153735,6471,1.0
44,S1,TFLai/gpt-neo-1.3B-4bit-alpaca,EleutherAI/gpt-neo-1.3B,bnb-4bit(LoRA),harness_hendrycksTest_high_school_mathematics_5,False,False,,270,acc_norm,0.2518518518518518,0.25925925925925924,0.007407407407407418,0.21481481481481482,0.2222222222222222,0.43703703703703706,0.8074074074074075,0.9267042229477808,False,0.11291705804940465,62741,1.0
44,S1,TFLai/gpt-neo-1.3B-4bit-alpaca,EleutherAI/gpt-neo-1.3B,bnb-4bit(LoRA),harness_hendrycksTest_high_school_microeconomics_5,False,False,,238,acc_norm,0.23109243697478993,0.21008403361344538,-0.021008403361344546,0.02100840336134454,0.0,0.02100840336134454,0.058823529411764705,0.0625,False,0.02609850737636116,368,1.0
44,S1,TFLai/gpt-neo-1.3B-4bit-alpaca,EleutherAI/gpt-neo-1.3B,bnb-4bit(LoRA),harness_hendrycksTest_high_school_physics_5,False,False,,151,acc_norm,0.26490066225165565,0.2847682119205298,0.019867549668874163,0.1390728476821192,0.15894039735099338,0.2980132450331126,0.4900662251655629,0.765991824244793,False,0.12479241465702026,5958,1.0
44,S1,TFLai/gpt-neo-1.3B-4bit-alpaca,EleutherAI/gpt-neo-1.3B,bnb-4bit(LoRA),harness_hendrycksTest_high_school_psychology_5,False,False,,523,acc_norm,0.20650095602294455,0.3135755258126195,0.10707456978967494,0.10133843212237094,0.2084130019120459,0.30975143403441685,0.5717017208413002,1.2874323447942747e-05,False,0.06697078097993078,205,1.0
44,S1,TFLai/gpt-neo-1.3B-4bit-alpaca,EleutherAI/gpt-neo-1.3B,bnb-4bit(LoRA),harness_hendrycksTest_high_school_statistics_5,False,False,,216,acc_norm,0.4074074074074074,0.4398148148148148,0.03240740740740744,0.10185185185185185,0.13425925925925927,0.2361111111111111,0.3472222222222222,0.4010619910279374,False,0.09263493005295163,1765,1.0
44,S1,TFLai/gpt-neo-1.3B-4bit-alpaca,EleutherAI/gpt-neo-1.3B,bnb-4bit(LoRA),harness_hendrycksTest_high_school_us_history_5,False,False,,204,acc_norm,0.23039215686274508,0.2696078431372549,0.0392156862745098,0.10784313725490197,0.14705882352941177,0.2549019607843137,0.5294117647058824,0.3317497633694906,False,0.0989756470314941,1300,1.0
44,S1,TFLai/gpt-neo-1.3B-4bit-alpaca,EleutherAI/gpt-neo-1.3B,bnb-4bit(LoRA),harness_hendrycksTest_high_school_world_history_5,False,False,,237,acc_norm,0.28270042194092826,0.3080168776371308,0.025316455696202556,0.10126582278481013,0.12658227848101267,0.22784810126582278,0.42616033755274263,0.49661743531793345,False,0.0869278343192435,2795,1.0
44,S1,TFLai/gpt-neo-1.3B-4bit-alpaca,EleutherAI/gpt-neo-1.3B,bnb-4bit(LoRA),harness_hendrycksTest_human_aging_5,False,False,,223,acc_norm,0.3094170403587444,0.23766816143497757,-0.07174887892376683,0.10762331838565023,0.03587443946188341,0.14349775784753363,0.29596412556053814,0.0070003666914999485,False,0.06993856321771964,212,1.0
44,S1,TFLai/gpt-neo-1.3B-4bit-alpaca,EleutherAI/gpt-neo-1.3B,bnb-4bit(LoRA),harness_hendrycksTest_human_sexuality_5,False,False,,131,acc_norm,0.2595419847328244,0.2824427480916031,0.022900763358778664,0.007633587786259542,0.030534351145038167,0.03816793893129771,0.04580152671755725,0.375,False,0.047673509572318876,568,1.0
44,S1,TFLai/gpt-neo-1.3B-4bit-alpaca,EleutherAI/gpt-neo-1.3B,bnb-4bit(LoRA),harness_hendrycksTest_international_law_5,False,False,,121,acc_norm,0.2892561983471074,0.2727272727272727,-0.01652892561983471,0.06611570247933884,0.049586776859504134,0.11570247933884298,0.18181818181818182,0.79052734375,False,0.0868902799085024,3344,1.0
44,S1,TFLai/gpt-neo-1.3B-4bit-alpaca,EleutherAI/gpt-neo-1.3B,bnb-4bit(LoRA),harness_hendrycksTest_jurisprudence_5,False,False,,108,acc_norm,0.25,0.25925925925925924,0.009259259259259245,0.018518518518518517,0.027777777777777776,0.046296296296296294,0.10185185185185185,1.0,False,0.0582213907799966,4271,1.0
44,S1,TFLai/gpt-neo-1.3B-4bit-alpaca,EleutherAI/gpt-neo-1.3B,bnb-4bit(LoRA),harness_hendrycksTest_logical_fallacies_5,False,False,,163,acc_norm,0.2392638036809816,0.22085889570552147,-0.018404907975460127,0.049079754601226995,0.03067484662576687,0.07975460122699386,0.11042944785276074,0.5810546875,False,0.06202973892337342,1852,1.0
44,S1,TFLai/gpt-neo-1.3B-4bit-alpaca,EleutherAI/gpt-neo-1.3B,bnb-4bit(LoRA),harness_hendrycksTest_machine_learning_5,False,False,,112,acc_norm,0.29464285714285715,0.30357142857142855,0.008928571428571397,0.11607142857142858,0.125,0.24107142857142858,0.375,1.0,False,0.13053993701690425,23941,1.0
44,S1,TFLai/gpt-neo-1.3B-4bit-alpaca,EleutherAI/gpt-neo-1.3B,bnb-4bit(LoRA),harness_hendrycksTest_management_5,False,False,,103,acc_norm,0.17475728155339806,0.17475728155339806,0.0,0.0,0.0,0.0,0.0,1.0,True,0.0,,1.0
44,S1,TFLai/gpt-neo-1.3B-4bit-alpaca,EleutherAI/gpt-neo-1.3B,bnb-4bit(LoRA),harness_hendrycksTest_marketing_5,False,False,,234,acc_norm,0.2948717948717949,0.2905982905982906,-0.004273504273504258,0.004273504273504274,0.0,0.004273504273504274,0.01282051282051282,1.0,True,0.011972586402192176,1837,1.0
44,S1,TFLai/gpt-neo-1.3B-4bit-alpaca,EleutherAI/gpt-neo-1.3B,bnb-4bit(LoRA),harness_hendrycksTest_medical_genetics_5,False,False,,100,acc_norm,0.31,0.3,-0.010000000000000009,0.01,0.0,0.01,0.01,1.0,False,0.02801585218112968,785,1.0
44,S1,TFLai/gpt-neo-1.3B-4bit-alpaca,EleutherAI/gpt-neo-1.3B,bnb-4bit(LoRA),harness_hendrycksTest_miscellaneous_5,False,False,,783,acc_norm,0.2222222222222222,0.2120051085568327,-0.010217113665389521,0.07662835249042145,0.06641123882503193,0.14303959131545338,0.31417624521072796,0.508513179973662,False,0.03787651914770688,10761,1.0
44,S1,TFLai/gpt-neo-1.3B-4bit-alpaca,EleutherAI/gpt-neo-1.3B,bnb-4bit(LoRA),harness_hendrycksTest_moral_disputes_5,False,False,,346,acc_norm,0.24855491329479767,0.2398843930635838,-0.008670520231213869,0.049132947976878616,0.04046242774566474,0.08959537572254335,0.1907514450867052,0.720100131817162,False,0.04512890607250471,9374,1.0
44,S1,TFLai/gpt-neo-1.3B-4bit-alpaca,EleutherAI/gpt-neo-1.3B,bnb-4bit(LoRA),harness_hendrycksTest_moral_scenarios_5,False,False,,895,acc_norm,0.24022346368715083,0.25027932960893856,0.010055865921787727,0.17430167597765364,0.18435754189944134,0.358659217877095,0.7608938547486034,0.655291631442084,False,0.05610671543951524,27863,1.0
44,S1,TFLai/gpt-neo-1.3B-4bit-alpaca,EleutherAI/gpt-neo-1.3B,bnb-4bit(LoRA),harness_hendrycksTest_nutrition_5,False,False,,306,acc_norm,0.22875816993464052,0.22875816993464052,0.0,0.006535947712418301,0.006535947712418301,0.013071895424836602,0.032679738562091505,1.0,True,0.018341007989312767,,1.0
44,S1,TFLai/gpt-neo-1.3B-4bit-alpaca,EleutherAI/gpt-neo-1.3B,bnb-4bit(LoRA),harness_hendrycksTest_philosophy_5,False,False,,311,acc_norm,0.1864951768488746,0.18006430868167203,-0.006430868167202564,0.006430868167202572,0.0,0.006430868167202572,0.00964630225080386,0.5,True,0.012719113385658367,1217,1.0
44,S1,TFLai/gpt-neo-1.3B-4bit-alpaca,EleutherAI/gpt-neo-1.3B,bnb-4bit(LoRA),harness_hendrycksTest_prehistory_5,False,False,,324,acc_norm,0.23148148148148148,0.21604938271604937,-0.015432098765432112,0.030864197530864196,0.015432098765432098,0.046296296296296294,0.06790123456790123,0.30175781249999994,False,0.03345459719059369,1523,1.0
44,S1,TFLai/gpt-neo-1.3B-4bit-alpaca,EleutherAI/gpt-neo-1.3B,bnb-4bit(LoRA),harness_hendrycksTest_professional_accounting_5,False,False,,282,acc_norm,0.2375886524822695,0.2375886524822695,0.0,0.010638297872340425,0.010638297872340425,0.02127659574468085,0.031914893617021274,1.0,True,0.02437820632484991,,1.0
44,S1,TFLai/gpt-neo-1.3B-4bit-alpaca,EleutherAI/gpt-neo-1.3B,bnb-4bit(LoRA),harness_hendrycksTest_professional_law_5,False,False,,1534,acc_norm,0.24967405475880053,0.24511082138200782,-0.004563233376792708,0.041720990873533245,0.037157757496740544,0.0788787483702738,0.16036505867014342,0.5856255178555012,True,0.0200934926905051,29744,1.0
44,S1,TFLai/gpt-neo-1.3B-4bit-alpaca,EleutherAI/gpt-neo-1.3B,bnb-4bit(LoRA),harness_hendrycksTest_professional_medicine_5,False,False,,272,acc_norm,0.16544117647058823,0.25735294117647056,0.09191176470588233,0.07720588235294118,0.16911764705882354,0.24632352941176472,0.4007352941176471,0.0030653176696087397,False,0.0830030944113873,222,1.0
44,S1,TFLai/gpt-neo-1.3B-4bit-alpaca,EleutherAI/gpt-neo-1.3B,bnb-4bit(LoRA),harness_hendrycksTest_professional_psychology_5,False,False,,610,acc_norm,0.24918032786885247,0.2573770491803279,0.008196721311475419,0.001639344262295082,0.009836065573770493,0.011475409836065573,0.036065573770491806,0.125,True,0.012125626961330637,1335,1.0
44,S1,TFLai/gpt-neo-1.3B-4bit-alpaca,EleutherAI/gpt-neo-1.3B,bnb-4bit(LoRA),harness_hendrycksTest_public_relations_5,False,False,,106,acc_norm,0.22641509433962265,0.22641509433962265,0.0,0.0,0.0,0.0,0.0,1.0,True,0.0,,1.0
44,S1,TFLai/gpt-neo-1.3B-4bit-alpaca,EleutherAI/gpt-neo-1.3B,bnb-4bit(LoRA),harness_hendrycksTest_security_studies_5,False,False,,245,acc_norm,0.2163265306122449,0.27755102040816326,0.06122448979591835,0.04897959183673469,0.11020408163265306,0.15918367346938775,0.3306122448979592,0.023702702470473014,False,0.07071045985694506,327,1.0
44,S1,TFLai/gpt-neo-1.3B-4bit-alpaca,EleutherAI/gpt-neo-1.3B,bnb-4bit(LoRA),harness_hendrycksTest_sociology_5,False,False,,201,acc_norm,0.24378109452736318,0.24875621890547264,0.004975124378109458,0.004975124378109453,0.009950248756218905,0.014925373134328358,0.014925373134328358,1.0,True,0.02418193378630574,4749,1.0
44,S1,TFLai/gpt-neo-1.3B-4bit-alpaca,EleutherAI/gpt-neo-1.3B,bnb-4bit(LoRA),harness_hendrycksTest_us_foreign_policy_5,False,False,,98,acc_norm,0.29591836734693877,0.29591836734693877,0.0,0.11224489795918367,0.11224489795918367,0.22448979591836735,0.40816326530612246,1.0,False,0.1347771513013446,,1.0
44,S1,TFLai/gpt-neo-1.3B-4bit-alpaca,EleutherAI/gpt-neo-1.3B,bnb-4bit(LoRA),harness_hendrycksTest_virology_5,False,False,,166,acc_norm,0.27710843373493976,0.3132530120481928,0.03614457831325302,0.006024096385542169,0.04216867469879518,0.04819277108433735,0.1144578313253012,0.0703125,False,0.04722642096326464,284,1.0
44,S1,TFLai/gpt-neo-1.3B-4bit-alpaca,EleutherAI/gpt-neo-1.3B,bnb-4bit(LoRA),harness_hendrycksTest_world_religions_5,False,False,,171,acc_norm,0.3216374269005848,0.3216374269005848,0.0,0.029239766081871343,0.029239766081871343,0.05847953216374269,0.10526315789473684,1.0,False,0.05196145714538668,,1.0
44,S1,TFLai/gpt-neo-1.3B-4bit-alpaca,EleutherAI/gpt-neo-1.3B,bnb-4bit(LoRA),harness_truthfulqa_mc_0,False,True,no acc_norm or acc column in S1 rows,,,,,,,,,,,,,,
44,S1,TFLai/gpt-neo-1.3B-4bit-alpaca,EleutherAI/gpt-neo-1.3B,bnb-4bit(LoRA),harness_winogrande_5,False,False,,1267,acc,0.569060773480663,0.5619573796369376,-0.007103393843725381,0.10181531176006314,0.0947119179163378,0.19652722967640096,0.19652722967640096,0.6122584257423302,False,0.034901379335572164,30587,1.0
45,S1,TFLai/bloom-560m-4bit-alpaca,bigscience/bloom-560m,bnb-4bit(LoRA),harness_drop_3,False,True,no acc_norm or acc column in S1 rows,,,,,,,,,,,,,,
45,S1,TFLai/bloom-560m-4bit-alpaca,bigscience/bloom-560m,bnb-4bit(LoRA),harness_gsm8k_5,False,True,no joinable items,,,,,,,,,,,,,,0.0
45,S1,TFLai/bloom-560m-4bit-alpaca,bigscience/bloom-560m,bnb-4bit(LoRA),harness_winogrande_5,False,False,,1267,acc,0.5193370165745856,0.5027624309392266,-0.016574585635359074,0.14601420678768745,0.12943962115232832,0.27545382794001577,0.27545382794001577,0.2843439643639907,False,0.041304247665739355,7869,1.0
46,S1,DanielSc4/RedPajama-INCITE-Chat-3B-v1-FT-LoRA-8bit-test1,togethercomputer/RedPajama-INCITE-Chat-3B-v1,bnb-8bit(LoRA),harness_arc_challenge_25,False,True,no joinable items,,,,,,,,,,,,,,0.0
46,S1,DanielSc4/RedPajama-INCITE-Chat-3B-v1-FT-LoRA-8bit-test1,togethercomputer/RedPajama-INCITE-Chat-3B-v1,bnb-8bit(LoRA),harness_drop_3,False,True,no acc_norm or acc column in S1 rows,,,,,,,,,,,,,,
46,S1,DanielSc4/RedPajama-INCITE-Chat-3B-v1-FT-LoRA-8bit-test1,togethercomputer/RedPajama-INCITE-Chat-3B-v1,bnb-8bit(LoRA),harness_gsm8k_5,False,False,,1319,acc,0.00530705079605762,0.000758150113722517,-0.004548900682335103,0.00530705079605762,0.000758150113722517,0.006065200909780136,0.9802880970432145,0.0703125,True,0.005999659802058389,2295,1.0
46,S1,DanielSc4/RedPajama-INCITE-Chat-3B-v1-FT-LoRA-8bit-test1,togethercomputer/RedPajama-INCITE-Chat-3B-v1,bnb-8bit(LoRA),harness_hellaswag_10,False,False,,9997,acc_norm,0.6759027708312494,0.6349904971491448,-0.040912273682104594,0.08022406722016605,0.03931179353806142,0.11953586075822747,0.10593177953386015,9.148882764378867e-33,False,0.009620058270364957,553,1.0
46,S1,DanielSc4/RedPajama-INCITE-Chat-3B-v1-FT-LoRA-8bit-test1,togethercomputer/RedPajama-INCITE-Chat-3B-v1,bnb-8bit(LoRA),harness_hendrycksTest_5,False,True,"no parquet found for task harness_hendrycksTest_5 in runs ['2023_07_19T15_21_48.380977', '2023_10_17T17_32_08.397205']",,,,,,,,,,,,,,
46,S1,DanielSc4/RedPajama-INCITE-Chat-3B-v1-FT-LoRA-8bit-test1,togethercomputer/RedPajama-INCITE-Chat-3B-v1,bnb-8bit(LoRA),harness_hendrycksTest_abstract_algebra_5,False,False,,100,acc_norm,0.28,0.31,0.02999999999999997,0.1,0.13,0.23,0.26,0.6776394844055176,False,0.13477172421495723,2019,1.0
46,S1,DanielSc4/RedPajama-INCITE-Chat-3B-v1-FT-LoRA-8bit-test1,togethercomputer/RedPajama-INCITE-Chat-3B-v1,bnb-8bit(LoRA),harness_hendrycksTest_anatomy_5,False,False,,135,acc_norm,0.22962962962962963,0.25925925925925924,0.029629629629629617,0.1259259259259259,0.15555555555555556,0.2814814814814815,0.562962962962963,0.6271025701571489,False,0.12820295380207777,2528,1.0
46,S1,DanielSc4/RedPajama-INCITE-Chat-3B-v1-FT-LoRA-8bit-test1,togethercomputer/RedPajama-INCITE-Chat-3B-v1,bnb-8bit(LoRA),harness_hendrycksTest_astronomy_5,False,False,,152,acc_norm,0.29605263157894735,0.2631578947368421,-0.032894736842105254,0.09868421052631579,0.06578947368421052,0.16447368421052633,0.3355263157894737,0.42435622215270996,False,0.09215740849055819,1194,1.0
46,S1,DanielSc4/RedPajama-INCITE-Chat-3B-v1-FT-LoRA-8bit-test1,togethercomputer/RedPajama-INCITE-Chat-3B-v1,bnb-8bit(LoRA),harness_hendrycksTest_business_ethics_5,False,False,,100,acc_norm,0.24,0.23,-0.009999999999999981,0.12,0.11,0.23,0.49,1.0,False,0.1350068255261752,18227,1.0
46,S1,DanielSc4/RedPajama-INCITE-Chat-3B-v1-FT-LoRA-8bit-test1,togethercomputer/RedPajama-INCITE-Chat-3B-v1,bnb-8bit(LoRA),harness_hendrycksTest_clinical_knowledge_5,False,False,,265,acc_norm,0.30566037735849055,0.21509433962264152,-0.09056603773584904,0.2641509433962264,0.17358490566037735,0.4377358490566038,0.7924528301886793,0.0322720207330932,False,0.11300573022576738,413,1.0
46,S1,DanielSc4/RedPajama-INCITE-Chat-3B-v1-FT-LoRA-8bit-test1,togethercomputer/RedPajama-INCITE-Chat-3B-v1,bnb-8bit(LoRA),harness_hendrycksTest_college_biology_5,False,False,,144,acc_norm,0.2777777777777778,0.2708333333333333,-0.006944444444444475,0.1736111111111111,0.16666666666666666,0.3402777777777778,0.6805555555555556,1.0,False,0.13665383860033867,55762,1.0
46,S1,DanielSc4/RedPajama-INCITE-Chat-3B-v1-FT-LoRA-8bit-test1,togethercomputer/RedPajama-INCITE-Chat-3B-v1,bnb-8bit(LoRA),harness_hendrycksTest_college_chemistry_5,False,False,,100,acc_norm,0.21,0.25,0.04000000000000001,0.01,0.05,0.06,0.11,0.21875,False,0.06804444302903198,290,1.0
46,S1,DanielSc4/RedPajama-INCITE-Chat-3B-v1-FT-LoRA-8bit-test1,togethercomputer/RedPajama-INCITE-Chat-3B-v1,bnb-8bit(LoRA),harness_hendrycksTest_college_computer_science_5,False,False,,100,acc_norm,0.26,0.22,-0.04000000000000001,0.08,0.04,0.12,0.2,0.3876953125,False,0.09688623759764642,587,1.0
46,S1,DanielSc4/RedPajama-INCITE-Chat-3B-v1-FT-LoRA-8bit-test1,togethercomputer/RedPajama-INCITE-Chat-3B-v1,bnb-8bit(LoRA),harness_hendrycksTest_college_mathematics_5,False,False,,100,acc_norm,0.25,0.25,0.0,0.08,0.08,0.16,0.33,1.0,False,0.11262796347499045,,1.0
46,S1,DanielSc4/RedPajama-INCITE-Chat-3B-v1-FT-LoRA-8bit-test1,togethercomputer/RedPajama-INCITE-Chat-3B-v1,bnb-8bit(LoRA),harness_hendrycksTest_college_medicine_5,False,False,,173,acc_norm,0.24277456647398843,0.23699421965317918,-0.005780346820809246,0.10982658959537572,0.10404624277456648,0.2138728323699422,0.47398843930635837,1.0,False,0.09878329258432049,50525,1.0
46,S1,DanielSc4/RedPajama-INCITE-Chat-3B-v1-FT-LoRA-8bit-test1,togethercomputer/RedPajama-INCITE-Chat-3B-v1,bnb-8bit(LoRA),harness_hendrycksTest_college_physics_5,False,False,,80,acc_norm,0.2375,0.2625,0.025000000000000022,0.075,0.1,0.175,0.4625,0.79052734375,False,0.1316231869302863,2218,1.0
46,S1,DanielSc4/RedPajama-INCITE-Chat-3B-v1-FT-LoRA-8bit-test1,togethercomputer/RedPajama-INCITE-Chat-3B-v1,bnb-8bit(LoRA),harness_hendrycksTest_computer_security_5,False,False,,100,acc_norm,0.36,0.26,-0.09999999999999998,0.22,0.12,0.34,0.56,0.12144948495551944,False,0.16174959798351987,262,1.0
46,S1,DanielSc4/RedPajama-INCITE-Chat-3B-v1-FT-LoRA-8bit-test1,togethercomputer/RedPajama-INCITE-Chat-3B-v1,bnb-8bit(LoRA),harness_hendrycksTest_conceptual_physics_5,False,False,,235,acc_norm,0.23829787234042554,0.23404255319148937,-0.004255319148936176,0.15319148936170213,0.14893617021276595,0.3021276595744681,0.723404255319149,1.0,False,0.10066491633175473,131511,1.0
46,S1,DanielSc4/RedPajama-INCITE-Chat-3B-v1-FT-LoRA-8bit-test1,togethercomputer/RedPajama-INCITE-Chat-3B-v1,bnb-8bit(LoRA),harness_hendrycksTest_econometrics_5,False,False,,114,acc_norm,0.22807017543859648,0.23684210526315788,0.008771929824561403,0.14912280701754385,0.15789473684210525,0.30701754385964913,0.5614035087719298,1.0,False,0.1460130868265135,31587,1.0
46,S1,DanielSc4/RedPajama-INCITE-Chat-3B-v1-FT-LoRA-8bit-test1,togethercomputer/RedPajama-INCITE-Chat-3B-v1,bnb-8bit(LoRA),harness_hendrycksTest_electrical_engineering_5,False,False,,145,acc_norm,0.2896551724137931,0.2827586206896552,-0.006896551724137945,0.12413793103448276,0.11724137931034483,0.2413793103448276,0.4413793103448276,1.0,False,0.11469112703915324,40102,1.0
46,S1,DanielSc4/RedPajama-INCITE-Chat-3B-v1-FT-LoRA-8bit-test1,togethercomputer/RedPajama-INCITE-Chat-3B-v1,bnb-8bit(LoRA),harness_hendrycksTest_elementary_mathematics_5,False,False,,376,acc_norm,0.26861702127659576,0.2553191489361702,-0.013297872340425565,0.05585106382978723,0.0425531914893617,0.09840425531914894,0.18882978723404256,0.5113757815852296,False,0.04534240755818286,4372,1.0
46,S1,DanielSc4/RedPajama-INCITE-Chat-3B-v1-FT-LoRA-8bit-test1,togethercomputer/RedPajama-INCITE-Chat-3B-v1,bnb-8bit(LoRA),harness_hendrycksTest_formal_logic_5,False,False,,126,acc_norm,0.23015873015873015,0.19047619047619047,-0.03968253968253968,0.14285714285714285,0.10317460317460317,0.24603174603174602,0.5,0.47312965989112854,False,0.12389395218395263,1229,1.0
46,S1,DanielSc4/RedPajama-INCITE-Chat-3B-v1-FT-LoRA-8bit-test1,togethercomputer/RedPajama-INCITE-Chat-3B-v1,bnb-8bit(LoRA),harness_hendrycksTest_global_facts_5,False,False,,100,acc_norm,0.3,0.31,0.010000000000000009,0.15,0.16,0.31,0.43,1.0,False,0.15674620255979727,24570,1.0
46,S1,DanielSc4/RedPajama-INCITE-Chat-3B-v1-FT-LoRA-8bit-test1,togethercomputer/RedPajama-INCITE-Chat-3B-v1,bnb-8bit(LoRA),harness_hendrycksTest_high_school_biology_5,False,False,,310,acc_norm,0.25806451612903225,0.23870967741935484,-0.019354838709677413,0.1,0.08064516129032258,0.18064516129032257,0.4161290322580645,0.5044037600228255,False,0.06766856881374114,3790,1.0
46,S1,DanielSc4/RedPajama-INCITE-Chat-3B-v1-FT-LoRA-8bit-test1,togethercomputer/RedPajama-INCITE-Chat-3B-v1,bnb-8bit(LoRA),harness_hendrycksTest_high_school_chemistry_5,False,False,,203,acc_norm,0.23645320197044334,0.26108374384236455,0.024630541871921208,0.07881773399014778,0.10344827586206896,0.18226600985221675,0.3448275862068966,0.5113757815852296,False,0.08401503759228329,2362,1.0
46,S1,DanielSc4/RedPajama-INCITE-Chat-3B-v1-FT-LoRA-8bit-test1,togethercomputer/RedPajama-INCITE-Chat-3B-v1,bnb-8bit(LoRA),harness_hendrycksTest_high_school_computer_science_5,False,False,,100,acc_norm,0.26,0.26,0.0,0.12,0.12,0.24,0.44,1.0,False,0.13794052064127377,,1.0
46,S1,DanielSc4/RedPajama-INCITE-Chat-3B-v1-FT-LoRA-8bit-test1,togethercomputer/RedPajama-INCITE-Chat-3B-v1,bnb-8bit(LoRA),harness_hendrycksTest_high_school_european_history_5,False,False,,165,acc_norm,0.23636363636363636,0.24848484848484848,0.012121212121212116,0.09090909090909091,0.10303030303030303,0.19393939393939394,0.3212121212121212,0.860050065908581,False,0.09630533859520607,10416,1.0
46,S1,DanielSc4/RedPajama-INCITE-Chat-3B-v1-FT-LoRA-8bit-test1,togethercomputer/RedPajama-INCITE-Chat-3B-v1,bnb-8bit(LoRA),harness_hendrycksTest_high_school_geography_5,False,False,,198,acc_norm,0.3838383838383838,0.23737373737373738,-0.14646464646464644,0.3434343434343434,0.19696969696969696,0.5404040404040404,0.9191919191919192,0.006517764631278946,False,0.14379188633615528,191,1.0
46,S1,DanielSc4/RedPajama-INCITE-Chat-3B-v1-FT-LoRA-8bit-test1,togethercomputer/RedPajama-INCITE-Chat-3B-v1,bnb-8bit(LoRA),harness_hendrycksTest_high_school_government_and_politics_5,False,False,,193,acc_norm,0.25906735751295334,0.19689119170984457,-0.06217616580310878,0.16580310880829016,0.10362694300518134,0.2694300518134715,0.43005181347150256,0.12634707581392135,False,0.10419286206203718,542,1.0
46,S1,DanielSc4/RedPajama-INCITE-Chat-3B-v1-FT-LoRA-8bit-test1,togethercomputer/RedPajama-INCITE-Chat-3B-v1,bnb-8bit(LoRA),harness_hendrycksTest_high_school_macroeconomics_5,False,False,,390,acc_norm,0.23846153846153847,0.2076923076923077,-0.03076923076923077,0.1076923076923077,0.07692307692307693,0.18461538461538463,0.3769230769230769,0.1945051658673991,False,0.06087606059000331,1527,1.0
46,S1,DanielSc4/RedPajama-INCITE-Chat-3B-v1-FT-LoRA-8bit-test1,togethercomputer/RedPajama-INCITE-Chat-3B-v1,bnb-8bit(LoRA),harness_hendrycksTest_high_school_mathematics_5,False,False,,270,acc_norm,0.26666666666666666,0.25925925925925924,-0.007407407407407418,0.11481481481481481,0.10740740740740741,0.2222222222222222,0.45555555555555555,0.8974218269914307,False,0.08051333517587297,31899,1.0
46,S1,DanielSc4/RedPajama-INCITE-Chat-3B-v1-FT-LoRA-8bit-test1,togethercomputer/RedPajama-INCITE-Chat-3B-v1,bnb-8bit(LoRA),harness_hendrycksTest_high_school_microeconomics_5,False,False,,238,acc_norm,0.21008403361344538,0.2184873949579832,0.008403361344537813,0.09243697478991597,0.10084033613445378,0.19327731092436976,0.4411764705882353,0.8829959121223965,False,0.07999093061856695,21566,1.0
46,S1,DanielSc4/RedPajama-INCITE-Chat-3B-v1-FT-LoRA-8bit-test1,togethercomputer/RedPajama-INCITE-Chat-3B-v1,bnb-8bit(LoRA),harness_hendrycksTest_high_school_physics_5,False,False,,151,acc_norm,0.2913907284768212,0.2582781456953642,-0.033112582781456956,0.08609271523178808,0.052980132450331126,0.1390728476821192,0.2913907284768212,0.38331031799316406,False,0.08496902201944295,995,1.0
46,S1,DanielSc4/RedPajama-INCITE-Chat-3B-v1-FT-LoRA-8bit-test1,togethercomputer/RedPajama-INCITE-Chat-3B-v1,bnb-8bit(LoRA),harness_hendrycksTest_high_school_psychology_5,False,False,,523,acc_norm,0.32504780114722753,0.26003824091778205,-0.06500956022944548,0.24665391969407266,0.18164435946462715,0.42829827915869984,0.7170172084130019,0.02723767481598048,False,0.07985247906059954,790,1.0
46,S1,DanielSc4/RedPajama-INCITE-Chat-3B-v1-FT-LoRA-8bit-test1,togethercomputer/RedPajama-INCITE-Chat-3B-v1,bnb-8bit(LoRA),harness_hendrycksTest_high_school_statistics_5,False,False,,216,acc_norm,0.25925925925925924,0.20833333333333334,-0.0509259259259259,0.1388888888888889,0.08796296296296297,0.22685185185185186,0.41203703703703703,0.15240777196147803,False,0.09048132856577201,682,1.0
46,S1,DanielSc4/RedPajama-INCITE-Chat-3B-v1-FT-LoRA-8bit-test1,togethercomputer/RedPajama-INCITE-Chat-3B-v1,bnb-8bit(LoRA),harness_hendrycksTest_high_school_us_history_5,False,False,,204,acc_norm,0.28921568627450983,0.27941176470588236,-0.009803921568627472,0.1715686274509804,0.16176470588235295,0.3333333333333333,0.6421568627450981,0.9035973456835127,False,0.11350959324415782,27347,1.0
46,S1,DanielSc4/RedPajama-INCITE-Chat-3B-v1-FT-LoRA-8bit-test1,togethercomputer/RedPajama-INCITE-Chat-3B-v1,bnb-8bit(LoRA),harness_hendrycksTest_high_school_world_history_5,False,False,,237,acc_norm,0.270042194092827,0.2616033755274262,-0.008438818565400796,0.016877637130801686,0.008438818565400843,0.02531645569620253,0.05907172995780591,0.6875,False,0.028975944773081158,2795,1.0
46,S1,DanielSc4/RedPajama-INCITE-Chat-3B-v1-FT-LoRA-8bit-test1,togethercomputer/RedPajama-INCITE-Chat-3B-v1,bnb-8bit(LoRA),harness_hendrycksTest_human_aging_5,False,False,,223,acc_norm,0.13452914798206278,0.2645739910313901,0.13004484304932734,0.09417040358744394,0.2242152466367713,0.3183856502242152,0.7174887892376681,0.0007667649897412908,False,0.10324101694788675,141,1.0
46,S1,DanielSc4/RedPajama-INCITE-Chat-3B-v1-FT-LoRA-8bit-test1,togethercomputer/RedPajama-INCITE-Chat-3B-v1,bnb-8bit(LoRA),harness_hendrycksTest_human_sexuality_5,False,False,,131,acc_norm,0.22900763358778625,0.183206106870229,-0.045801526717557245,0.183206106870229,0.13740458015267176,0.32061068702290074,0.7633587786259542,0.44079906734259566,False,0.13867420319807333,1201,1.0
46,S1,DanielSc4/RedPajama-INCITE-Chat-3B-v1-FT-LoRA-8bit-test1,togethercomputer/RedPajama-INCITE-Chat-3B-v1,bnb-8bit(LoRA),harness_hendrycksTest_international_law_5,False,False,,121,acc_norm,0.3884297520661157,0.34710743801652894,-0.04132231404958675,0.1322314049586777,0.09090909090909091,0.2231404958677686,0.371900826446281,0.44206833839416504,False,0.12034674520452969,1027,1.0
46,S1,DanielSc4/RedPajama-INCITE-Chat-3B-v1-FT-LoRA-8bit-test1,togethercomputer/RedPajama-INCITE-Chat-3B-v1,bnb-8bit(LoRA),harness_hendrycksTest_jurisprudence_5,False,False,,108,acc_norm,0.23148148148148148,0.24074074074074073,0.009259259259259245,0.08333333333333333,0.09259259259259259,0.17592592592592593,0.37962962962962965,1.0,False,0.11357193446163863,16249,1.0
46,S1,DanielSc4/RedPajama-INCITE-Chat-3B-v1-FT-LoRA-8bit-test1,togethercomputer/RedPajama-INCITE-Chat-3B-v1,bnb-8bit(LoRA),harness_hendrycksTest_logical_fallacies_5,False,False,,163,acc_norm,0.25153374233128833,0.26993865030674846,0.018404907975460127,0.1411042944785276,0.15950920245398773,0.3006134969325153,0.6380368098159509,0.7754496546815659,False,0.12061622767743617,7001,1.0
46,S1,DanielSc4/RedPajama-INCITE-Chat-3B-v1-FT-LoRA-8bit-test1,togethercomputer/RedPajama-INCITE-Chat-3B-v1,bnb-8bit(LoRA),harness_hendrycksTest_machine_learning_5,False,False,,112,acc_norm,0.19642857142857142,0.29464285714285715,0.09821428571428573,0.0625,0.16071428571428573,0.22321428571428573,0.36607142857142855,0.043285250663757324,False,0.1228883412188505,176,1.0
46,S1,DanielSc4/RedPajama-INCITE-Chat-3B-v1-FT-LoRA-8bit-test1,togethercomputer/RedPajama-INCITE-Chat-3B-v1,bnb-8bit(LoRA),harness_hendrycksTest_management_5,False,False,,103,acc_norm,0.2815533980582524,0.22330097087378642,-0.058252427184465994,0.20388349514563106,0.14563106796116504,0.34951456310679613,0.6796116504854369,0.4050322461407632,False,0.16319913891920207,809,1.0
46,S1,DanielSc4/RedPajama-INCITE-Chat-3B-v1-FT-LoRA-8bit-test1,togethercomputer/RedPajama-INCITE-Chat-3B-v1,bnb-8bit(LoRA),harness_hendrycksTest_marketing_5,False,False,,234,acc_norm,0.24786324786324787,0.2564102564102564,0.008547008547008517,0.1282051282051282,0.13675213675213677,0.26495726495726496,0.5128205128205128,0.8990763136528589,False,0.09446129929642229,28583,1.0
46,S1,DanielSc4/RedPajama-INCITE-Chat-3B-v1-FT-LoRA-8bit-test1,togethercomputer/RedPajama-INCITE-Chat-3B-v1,bnb-8bit(LoRA),harness_hendrycksTest_medical_genetics_5,False,False,,100,acc_norm,0.22,0.24,0.01999999999999999,0.08,0.1,0.18,0.44,0.8145294189453125,False,0.11932718793593493,3560,1.0
46,S1,DanielSc4/RedPajama-INCITE-Chat-3B-v1-FT-LoRA-8bit-test1,togethercomputer/RedPajama-INCITE-Chat-3B-v1,bnb-8bit(LoRA),harness_hendrycksTest_miscellaneous_5,False,False,,783,acc_norm,0.24776500638569604,0.25798212005108556,0.010217113665389521,0.15964240102171137,0.1698595146871009,0.32950191570881227,0.6385696040868455,0.6630644615631139,False,0.057499044456627284,24799,1.0
46,S1,DanielSc4/RedPajama-INCITE-Chat-3B-v1-FT-LoRA-8bit-test1,togethercomputer/RedPajama-INCITE-Chat-3B-v1,bnb-8bit(LoRA),harness_hendrycksTest_moral_disputes_5,False,False,,346,acc_norm,0.28034682080924855,0.22832369942196531,-0.05202312138728324,0.23699421965317918,0.18497109826589594,0.42196531791907516,0.7832369942196532,0.15921582224632141,False,0.09766421004689159,1220,1.0
46,S1,DanielSc4/RedPajama-INCITE-Chat-3B-v1-FT-LoRA-8bit-test1,togethercomputer/RedPajama-INCITE-Chat-3B-v1,bnb-8bit(LoRA),harness_hendrycksTest_moral_scenarios_5,False,False,,895,acc_norm,0.2670391061452514,0.24134078212290502,-0.02569832402234637,0.2636871508379888,0.23798882681564246,0.5016759776536313,0.9776536312849162,0.2991496442196358,False,0.06632246982891433,5962,1.0
46,S1,DanielSc4/RedPajama-INCITE-Chat-3B-v1-FT-LoRA-8bit-test1,togethercomputer/RedPajama-INCITE-Chat-3B-v1,bnb-8bit(LoRA),harness_hendrycksTest_nutrition_5,False,False,,306,acc_norm,0.2679738562091503,0.22549019607843138,-0.04248366013071894,0.16339869281045752,0.12091503267973856,0.28431372549019607,0.6111111111111112,0.1979791406725175,False,0.08526483522288009,1233,1.0
46,S1,DanielSc4/RedPajama-INCITE-Chat-3B-v1-FT-LoRA-8bit-test1,togethercomputer/RedPajama-INCITE-Chat-3B-v1,bnb-8bit(LoRA),harness_hendrycksTest_philosophy_5,False,False,,311,acc_norm,0.26366559485530544,0.2990353697749196,0.03536977491961418,0.04823151125401929,0.08360128617363344,0.13183279742765272,0.2797427652733119,0.11727520595741225,False,0.05749952759559236,822,1.0
46,S1,DanielSc4/RedPajama-INCITE-Chat-3B-v1-FT-LoRA-8bit-test1,togethercomputer/RedPajama-INCITE-Chat-3B-v1,bnb-8bit(LoRA),harness_hendrycksTest_prehistory_5,False,False,,324,acc_norm,0.29012345679012347,0.2808641975308642,-0.009259259259259245,0.12345679012345678,0.11419753086419752,0.23765432098765432,0.4228395061728395,0.8198929037490488,False,0.07597961411556044,21817,1.0
46,S1,DanielSc4/RedPajama-INCITE-Chat-3B-v1-FT-LoRA-8bit-test1,togethercomputer/RedPajama-INCITE-Chat-3B-v1,bnb-8bit(LoRA),harness_hendrycksTest_professional_accounting_5,False,False,,282,acc_norm,0.26595744680851063,0.2553191489361702,-0.010638297872340441,0.0425531914893617,0.031914893617021274,0.07446808510638298,0.13829787234042554,0.6636238098144531,False,0.04557277859319008,5176,1.0
46,S1,DanielSc4/RedPajama-INCITE-Chat-3B-v1-FT-LoRA-8bit-test1,togethercomputer/RedPajama-INCITE-Chat-3B-v1,bnb-8bit(LoRA),harness_hendrycksTest_professional_law_5,False,False,,1534,acc_norm,0.26792698826597133,0.2777053455019557,0.009778357235984358,0.06258148631029987,0.07235984354628422,0.13494132985658408,0.2588005215123859,0.33053146673250544,False,0.026275520798580213,11077,1.0
46,S1,DanielSc4/RedPajama-INCITE-Chat-3B-v1-FT-LoRA-8bit-test1,togethercomputer/RedPajama-INCITE-Chat-3B-v1,bnb-8bit(LoRA),harness_hendrycksTest_professional_medicine_5,False,False,,272,acc_norm,0.25,0.17279411764705882,-0.07720588235294118,0.15808823529411764,0.08088235294117647,0.23897058823529413,0.47058823529411764,0.012502546136489844,False,0.08214976447757351,308,1.0
46,S1,DanielSc4/RedPajama-INCITE-Chat-3B-v1-FT-LoRA-8bit-test1,togethercomputer/RedPajama-INCITE-Chat-3B-v1,bnb-8bit(LoRA),harness_hendrycksTest_professional_psychology_5,False,False,,610,acc_norm,0.23934426229508196,0.2459016393442623,0.00655737704918033,0.10983606557377049,0.11639344262295082,0.2262295081967213,0.43934426229508194,0.7985445343004959,False,0.053991891179421506,41355,1.0
46,S1,DanielSc4/RedPajama-INCITE-Chat-3B-v1-FT-LoRA-8bit-test1,togethercomputer/RedPajama-INCITE-Chat-3B-v1,bnb-8bit(LoRA),harness_hendrycksTest_public_relations_5,False,False,,106,acc_norm,0.330188679245283,0.24528301886792453,-0.08490566037735847,0.22641509433962265,0.14150943396226415,0.36792452830188677,0.6415094339622641,0.19959086691960698,False,0.16420698396733474,397,1.0
46,S1,DanielSc4/RedPajama-INCITE-Chat-3B-v1-FT-LoRA-8bit-test1,togethercomputer/RedPajama-INCITE-Chat-3B-v1,bnb-8bit(LoRA),harness_hendrycksTest_security_studies_5,False,False,,245,acc_norm,0.2938775510204082,0.21224489795918366,-0.08163265306122452,0.17959183673469387,0.09795918367346938,0.27755102040816326,0.5673469387755102,0.02052693371370707,False,0.0933475900756876,321,1.0
46,S1,DanielSc4/RedPajama-INCITE-Chat-3B-v1-FT-LoRA-8bit-test1,togethercomputer/RedPajama-INCITE-Chat-3B-v1,bnb-8bit(LoRA),harness_hendrycksTest_sociology_5,False,False,,201,acc_norm,0.25870646766169153,0.24875621890547264,-0.009950248756218888,0.01990049751243781,0.009950248756218905,0.029850746268656716,0.1044776119402985,0.6875,False,0.03417000291724919,2371,1.0
46,S1,DanielSc4/RedPajama-INCITE-Chat-3B-v1-FT-LoRA-8bit-test1,togethercomputer/RedPajama-INCITE-Chat-3B-v1,bnb-8bit(LoRA),harness_hendrycksTest_us_foreign_policy_5,False,False,,98,acc_norm,0.22448979591836735,0.25510204081632654,0.03061224489795919,0.1326530612244898,0.16326530612244897,0.29591836734693877,0.4897959183673469,0.711071103811264,False,0.15449526788308415,2497,1.0
46,S1,DanielSc4/RedPajama-INCITE-Chat-3B-v1-FT-LoRA-8bit-test1,togethercomputer/RedPajama-INCITE-Chat-3B-v1,bnb-8bit(LoRA),harness_hendrycksTest_virology_5,False,False,,166,acc_norm,0.22289156626506024,0.28313253012048195,0.060240963855421714,0.13253012048192772,0.1927710843373494,0.3253012048192771,0.7409638554216867,0.22032849417661093,False,0.12369970127420564,700,1.0
46,S1,DanielSc4/RedPajama-INCITE-Chat-3B-v1-FT-LoRA-8bit-test1,togethercomputer/RedPajama-INCITE-Chat-3B-v1,bnb-8bit(LoRA),harness_hendrycksTest_world_religions_5,False,False,,171,acc_norm,0.26900584795321636,0.2982456140350877,0.029239766081871343,0.017543859649122806,0.04678362573099415,0.06432748538011696,0.15204678362573099,0.2265625,False,0.054134265943564054,587,1.0
46,S1,DanielSc4/RedPajama-INCITE-Chat-3B-v1-FT-LoRA-8bit-test1,togethercomputer/RedPajama-INCITE-Chat-3B-v1,bnb-8bit(LoRA),harness_truthfulqa_mc_0,False,True,no acc_norm or acc column in S1 rows,,,,,,,,,,,,,,
46,S1,DanielSc4/RedPajama-INCITE-Chat-3B-v1-FT-LoRA-8bit-test1,togethercomputer/RedPajama-INCITE-Chat-3B-v1,bnb-8bit(LoRA),harness_winogrande_5,False,False,,1267,acc,0.6550907655880032,0.601420678768745,-0.05367008681925811,0.1499605367008682,0.0962904498816101,0.2462509865824783,0.2462509865824783,0.00014070692967473478,False,0.038843732896471785,664,1.0
47,S1,DanielSc4/RedPajama-INCITE-Chat-3B-v1-RL-LoRA-8bit-test1,togethercomputer/RedPajama-INCITE-Chat-3B-v1,bnb-8bit(LoRA),harness_arc_challenge_25,False,True,no joinable items,,,,,,,,,,,,,,0.0
47,S1,DanielSc4/RedPajama-INCITE-Chat-3B-v1-RL-LoRA-8bit-test1,togethercomputer/RedPajama-INCITE-Chat-3B-v1,bnb-8bit(LoRA),harness_drop_3,False,True,no acc_norm or acc column in S1 rows,,,,,,,,,,,,,,
47,S1,DanielSc4/RedPajama-INCITE-Chat-3B-v1-RL-LoRA-8bit-test1,togethercomputer/RedPajama-INCITE-Chat-3B-v1,bnb-8bit(LoRA),harness_gsm8k_5,False,False,,1319,acc,0.00530705079605762,0.003032600454890068,-0.0022744503411675516,0.0037907505686125853,0.001516300227445034,0.00530705079605762,0.7073540561031084,0.453125,True,0.0056190252511860665,8051,1.0
47,S1,DanielSc4/RedPajama-INCITE-Chat-3B-v1-RL-LoRA-8bit-test1,togethercomputer/RedPajama-INCITE-Chat-3B-v1,bnb-8bit(LoRA),harness_hellaswag_10,False,False,,9997,acc_norm,0.6759027708312494,0.6679003701110333,-0.008002400720216074,0.01630489146744023,0.008302490747224167,0.024607382214664398,0.024407322196658997,3.7728925966280987e-07,True,0.004389929836344433,3009,1.0
47,S1,DanielSc4/RedPajama-INCITE-Chat-3B-v1-RL-LoRA-8bit-test1,togethercomputer/RedPajama-INCITE-Chat-3B-v1,bnb-8bit(LoRA),harness_hendrycksTest_5,False,True,"no parquet found for task harness_hendrycksTest_5 in runs ['2023_07_19T15_21_48.380977', '2023_10_17T17_32_08.397205']",,,,,,,,,,,,,,
47,S1,DanielSc4/RedPajama-INCITE-Chat-3B-v1-RL-LoRA-8bit-test1,togethercomputer/RedPajama-INCITE-Chat-3B-v1,bnb-8bit(LoRA),harness_hendrycksTest_abstract_algebra_5,False,False,,100,acc_norm,0.28,0.27,-0.010000000000000009,0.05,0.04,0.09,0.1,1.0,False,0.08442403124523729,7128,1.0
47,S1,DanielSc4/RedPajama-INCITE-Chat-3B-v1-RL-LoRA-8bit-test1,togethercomputer/RedPajama-INCITE-Chat-3B-v1,bnb-8bit(LoRA),harness_hendrycksTest_anatomy_5,False,False,,135,acc_norm,0.22962962962962963,0.2518518518518518,0.0222222222222222,0.02962962962962963,0.05185185185185185,0.08148148148148149,0.17037037037037037,0.548828125,False,0.06887487891651567,1297,1.0
47,S1,DanielSc4/RedPajama-INCITE-Chat-3B-v1-RL-LoRA-8bit-test1,togethercomputer/RedPajama-INCITE-Chat-3B-v1,bnb-8bit(LoRA),harness_hendrycksTest_astronomy_5,False,False,,152,acc_norm,0.29605263157894735,0.2894736842105263,-0.006578947368421018,0.046052631578947366,0.039473684210526314,0.08552631578947369,0.19078947368421054,1.0,False,0.066658467625639,15605,1.0
47,S1,DanielSc4/RedPajama-INCITE-Chat-3B-v1-RL-LoRA-8bit-test1,togethercomputer/RedPajama-INCITE-Chat-3B-v1,bnb-8bit(LoRA),harness_hendrycksTest_business_ethics_5,False,False,,100,acc_norm,0.24,0.2,-0.03999999999999998,0.08,0.04,0.12,0.18,0.3876953125,False,0.09688623759764642,587,1.0
47,S1,DanielSc4/RedPajama-INCITE-Chat-3B-v1-RL-LoRA-8bit-test1,togethercomputer/RedPajama-INCITE-Chat-3B-v1,bnb-8bit(LoRA),harness_hendrycksTest_clinical_knowledge_5,False,False,,265,acc_norm,0.30566037735849055,0.2830188679245283,-0.02264150943396226,0.07169811320754717,0.04905660377358491,0.12075471698113208,0.22641509433962265,0.37708558747544885,False,0.05979021460578015,1848,1.0
47,S1,DanielSc4/RedPajama-INCITE-Chat-3B-v1-RL-LoRA-8bit-test1,togethercomputer/RedPajama-INCITE-Chat-3B-v1,bnb-8bit(LoRA),harness_hendrycksTest_college_biology_5,False,False,,144,acc_norm,0.2777777777777778,0.2708333333333333,-0.006944444444444475,0.027777777777777776,0.020833333333333332,0.04861111111111111,0.11805555555555555,1.0,False,0.051628328146941925,7960,1.0
47,S1,DanielSc4/RedPajama-INCITE-Chat-3B-v1-RL-LoRA-8bit-test1,togethercomputer/RedPajama-INCITE-Chat-3B-v1,bnb-8bit(LoRA),harness_hendrycksTest_college_chemistry_5,False,False,,100,acc_norm,0.21,0.21,0.0,0.04,0.04,0.08,0.15,1.0,False,0.07963999672439653,,1.0
47,S1,DanielSc4/RedPajama-INCITE-Chat-3B-v1-RL-LoRA-8bit-test1,togethercomputer/RedPajama-INCITE-Chat-3B-v1,bnb-8bit(LoRA),harness_hendrycksTest_college_computer_science_5,False,False,,100,acc_norm,0.26,0.23,-0.03,0.04,0.01,0.05,0.08,0.375,False,0.06239172398470196,433,1.0
47,S1,DanielSc4/RedPajama-INCITE-Chat-3B-v1-RL-LoRA-8bit-test1,togethercomputer/RedPajama-INCITE-Chat-3B-v1,bnb-8bit(LoRA),harness_hendrycksTest_college_mathematics_5,False,False,,100,acc_norm,0.25,0.29,0.03999999999999998,0.01,0.05,0.06,0.12,0.21875,False,0.06804444302903198,290,1.0
47,S1,DanielSc4/RedPajama-INCITE-Chat-3B-v1-RL-LoRA-8bit-test1,togethercomputer/RedPajama-INCITE-Chat-3B-v1,bnb-8bit(LoRA),harness_hendrycksTest_college_medicine_5,False,False,,173,acc_norm,0.24277456647398843,0.26011560693641617,0.017341040462427737,0.04046242774566474,0.057803468208092484,0.09826589595375723,0.1791907514450867,0.629058837890625,False,0.06686140426824642,2572,1.0
47,S1,DanielSc4/RedPajama-INCITE-Chat-3B-v1-RL-LoRA-8bit-test1,togethercomputer/RedPajama-INCITE-Chat-3B-v1,bnb-8bit(LoRA),harness_hendrycksTest_college_physics_5,False,False,,80,acc_norm,0.2375,0.275,0.03750000000000003,0.0375,0.075,0.1125,0.1875,0.5078125,False,0.10505944567923632,628,1.0
47,S1,DanielSc4/RedPajama-INCITE-Chat-3B-v1-RL-LoRA-8bit-test1,togethercomputer/RedPajama-INCITE-Chat-3B-v1,bnb-8bit(LoRA),harness_hendrycksTest_computer_security_5,False,False,,100,acc_norm,0.36,0.28,-0.07999999999999996,0.13,0.05,0.18,0.3,0.09625244140625,False,0.11731704096092903,216,1.0
47,S1,DanielSc4/RedPajama-INCITE-Chat-3B-v1-RL-LoRA-8bit-test1,togethercomputer/RedPajama-INCITE-Chat-3B-v1,bnb-8bit(LoRA),harness_hendrycksTest_conceptual_physics_5,False,False,,235,acc_norm,0.23829787234042554,0.2170212765957447,-0.021276595744680854,0.03829787234042553,0.01702127659574468,0.05531914893617021,0.13191489361702127,0.266845703125,False,0.042899216515102936,956,1.0
47,S1,DanielSc4/RedPajama-INCITE-Chat-3B-v1-RL-LoRA-8bit-test1,togethercomputer/RedPajama-INCITE-Chat-3B-v1,bnb-8bit(LoRA),harness_hendrycksTest_econometrics_5,False,False,,114,acc_norm,0.22807017543859648,0.23684210526315788,0.008771929824561403,0.043859649122807015,0.05263157894736842,0.09649122807017543,0.18421052631578946,1.0,False,0.08183428640410523,9922,1.0
47,S1,DanielSc4/RedPajama-INCITE-Chat-3B-v1-RL-LoRA-8bit-test1,togethercomputer/RedPajama-INCITE-Chat-3B-v1,bnb-8bit(LoRA),harness_hendrycksTest_electrical_engineering_5,False,False,,145,acc_norm,0.2896551724137931,0.2413793103448276,-0.04827586206896553,0.07586206896551724,0.027586206896551724,0.10344827586206896,0.19310344827586207,0.11846923828124999,False,0.07423970185659799,343,1.0
47,S1,DanielSc4/RedPajama-INCITE-Chat-3B-v1-RL-LoRA-8bit-test1,togethercomputer/RedPajama-INCITE-Chat-3B-v1,bnb-8bit(LoRA),harness_hendrycksTest_elementary_mathematics_5,False,False,,376,acc_norm,0.26861702127659576,0.22872340425531915,-0.03989361702127661,0.05053191489361702,0.010638297872340425,0.061170212765957445,0.11436170212765957,0.002599477767944336,False,0.03531293043244918,295,1.0
47,S1,DanielSc4/RedPajama-INCITE-Chat-3B-v1-RL-LoRA-8bit-test1,togethercomputer/RedPajama-INCITE-Chat-3B-v1,bnb-8bit(LoRA),harness_hendrycksTest_formal_logic_5,False,False,,126,acc_norm,0.23015873015873015,0.23809523809523808,0.007936507936507936,0.023809523809523808,0.031746031746031744,0.05555555555555555,0.12698412698412698,1.0,False,0.05902911062531089,6971,1.0
47,S1,DanielSc4/RedPajama-INCITE-Chat-3B-v1-RL-LoRA-8bit-test1,togethercomputer/RedPajama-INCITE-Chat-3B-v1,bnb-8bit(LoRA),harness_hendrycksTest_global_facts_5,False,False,,100,acc_norm,0.3,0.28,-0.019999999999999962,0.06,0.04,0.1,0.13,0.75390625,False,0.0888619643179018,1975,1.0
47,S1,DanielSc4/RedPajama-INCITE-Chat-3B-v1-RL-LoRA-8bit-test1,togethercomputer/RedPajama-INCITE-Chat-3B-v1,bnb-8bit(LoRA),harness_hendrycksTest_high_school_biology_5,False,False,,310,acc_norm,0.25806451612903225,0.2645161290322581,0.006451612903225823,0.04516129032258064,0.05161290322580645,0.0967741935483871,0.2032258064516129,0.8555355519056321,False,0.04956909173089535,18300,1.0
47,S1,DanielSc4/RedPajama-INCITE-Chat-3B-v1-RL-LoRA-8bit-test1,togethercomputer/RedPajama-INCITE-Chat-3B-v1,bnb-8bit(LoRA),harness_hendrycksTest_high_school_chemistry_5,False,False,,203,acc_norm,0.23645320197044334,0.2315270935960591,-0.0049261083743842304,0.06403940886699508,0.059113300492610835,0.12315270935960591,0.2315270935960591,1.0,False,0.06916833890322704,40023,1.0
47,S1,DanielSc4/RedPajama-INCITE-Chat-3B-v1-RL-LoRA-8bit-test1,togethercomputer/RedPajama-INCITE-Chat-3B-v1,bnb-8bit(LoRA),harness_hendrycksTest_high_school_computer_science_5,False,False,,100,acc_norm,0.26,0.26,0.0,0.07,0.07,0.14,0.25,1.0,False,0.1053538128733759,,1.0
47,S1,DanielSc4/RedPajama-INCITE-Chat-3B-v1-RL-LoRA-8bit-test1,togethercomputer/RedPajama-INCITE-Chat-3B-v1,bnb-8bit(LoRA),harness_hendrycksTest_high_school_european_history_5,False,False,,165,acc_norm,0.23636363636363636,0.2545454545454545,0.01818181818181816,0.07878787878787878,0.09696969696969697,0.17575757575757575,0.2787878787878788,0.711071103811264,False,0.09162840528844564,4191,1.0
47,S1,DanielSc4/RedPajama-INCITE-Chat-3B-v1-RL-LoRA-8bit-test1,togethercomputer/RedPajama-INCITE-Chat-3B-v1,bnb-8bit(LoRA),harness_hendrycksTest_high_school_geography_5,False,False,,198,acc_norm,0.3838383838383838,0.36363636363636365,-0.020202020202020166,0.03535353535353535,0.015151515151515152,0.050505050505050504,0.12121212121212122,0.34375,False,0.044676205063417136,969,1.0
47,S1,DanielSc4/RedPajama-INCITE-Chat-3B-v1-RL-LoRA-8bit-test1,togethercomputer/RedPajama-INCITE-Chat-3B-v1,bnb-8bit(LoRA),harness_hendrycksTest_high_school_government_and_politics_5,False,False,,193,acc_norm,0.25906735751295334,0.2849740932642487,0.025906735751295373,0.031088082901554404,0.05699481865284974,0.08808290155440414,0.20207253886010362,0.332305908203125,False,0.059777550090882446,1028,1.0
47,S1,DanielSc4/RedPajama-INCITE-Chat-3B-v1-RL-LoRA-8bit-test1,togethercomputer/RedPajama-INCITE-Chat-3B-v1,bnb-8bit(LoRA),harness_hendrycksTest_high_school_macroeconomics_5,False,False,,390,acc_norm,0.23846153846153847,0.2692307692307692,0.030769230769230743,0.06153846153846154,0.09230769230769231,0.15384615384615385,0.3128205128205128,0.1550019040032606,False,0.05554333325508982,1271,1.0
47,S1,DanielSc4/RedPajama-INCITE-Chat-3B-v1-RL-LoRA-8bit-test1,togethercomputer/RedPajama-INCITE-Chat-3B-v1,bnb-8bit(LoRA),harness_hendrycksTest_high_school_mathematics_5,False,False,,270,acc_norm,0.26666666666666666,0.26296296296296295,-0.003703703703703709,0.04814814814814815,0.044444444444444446,0.09259259259259259,0.17407407407407408,1.0,False,0.051973701426856804,53170,1.0
47,S1,DanielSc4/RedPajama-INCITE-Chat-3B-v1-RL-LoRA-8bit-test1,togethercomputer/RedPajama-INCITE-Chat-3B-v1,bnb-8bit(LoRA),harness_hendrycksTest_high_school_microeconomics_5,False,False,,238,acc_norm,0.21008403361344538,0.24369747899159663,0.03361344537815125,0.02100840336134454,0.0546218487394958,0.07563025210084033,0.12605042016806722,0.09625244140625,False,0.04967168957584003,520,1.0
47,S1,DanielSc4/RedPajama-INCITE-Chat-3B-v1-RL-LoRA-8bit-test1,togethercomputer/RedPajama-INCITE-Chat-3B-v1,bnb-8bit(LoRA),harness_hendrycksTest_high_school_physics_5,False,False,,151,acc_norm,0.2913907284768212,0.304635761589404,0.013245033112582794,0.033112582781456956,0.046357615894039736,0.07947019867549669,0.13245033112582782,0.7744140625,False,0.06441403034619665,3572,1.0
47,S1,DanielSc4/RedPajama-INCITE-Chat-3B-v1-RL-LoRA-8bit-test1,togethercomputer/RedPajama-INCITE-Chat-3B-v1,bnb-8bit(LoRA),harness_hendrycksTest_high_school_psychology_5,False,False,,523,acc_norm,0.32504780114722753,0.33460803059273425,0.009560229445506718,0.021032504780114723,0.030592734225621414,0.05162523900573614,0.08604206500956023,0.44206833839416504,False,0.027836513701040465,4434,1.0
47,S1,DanielSc4/RedPajama-INCITE-Chat-3B-v1-RL-LoRA-8bit-test1,togethercomputer/RedPajama-INCITE-Chat-3B-v1,bnb-8bit(LoRA),harness_hendrycksTest_high_school_statistics_5,False,False,,216,acc_norm,0.25925925925925924,0.2824074074074074,0.02314814814814814,0.05555555555555555,0.0787037037037037,0.13425925925925927,0.2638888888888889,0.45825831964612007,False,0.06986961480987064,1968,1.0
47,S1,DanielSc4/RedPajama-INCITE-Chat-3B-v1-RL-LoRA-8bit-test1,togethercomputer/RedPajama-INCITE-Chat-3B-v1,bnb-8bit(LoRA),harness_hendrycksTest_high_school_us_history_5,False,False,,204,acc_norm,0.28921568627450983,0.31862745098039214,0.029411764705882304,0.0392156862745098,0.06862745098039216,0.10784313725490197,0.18627450980392157,0.28627872467041016,False,0.06431366049902472,976,1.0
47,S1,DanielSc4/RedPajama-INCITE-Chat-3B-v1-RL-LoRA-8bit-test1,togethercomputer/RedPajama-INCITE-Chat-3B-v1,bnb-8bit(LoRA),harness_hendrycksTest_high_school_world_history_5,False,False,,237,acc_norm,0.270042194092827,0.2616033755274262,-0.008438818565400796,0.008438818565400843,0.0,0.008438818565400843,0.008438818565400843,0.5,True,0.01668201159686307,927,1.0
47,S1,DanielSc4/RedPajama-INCITE-Chat-3B-v1-RL-LoRA-8bit-test1,togethercomputer/RedPajama-INCITE-Chat-3B-v1,bnb-8bit(LoRA),harness_hendrycksTest_human_aging_5,False,False,,223,acc_norm,0.13452914798206278,0.15246636771300448,0.0179372197309417,0.013452914798206279,0.03139013452914798,0.04484304932735426,0.08968609865470852,0.34375,False,0.03967448474859802,1091,1.0
47,S1,DanielSc4/RedPajama-INCITE-Chat-3B-v1-RL-LoRA-8bit-test1,togethercomputer/RedPajama-INCITE-Chat-3B-v1,bnb-8bit(LoRA),harness_hendrycksTest_human_sexuality_5,False,False,,131,acc_norm,0.22900763358778625,0.21374045801526717,-0.015267175572519082,0.061068702290076333,0.04580152671755725,0.10687022900763359,0.26717557251908397,0.79052734375,False,0.0802391668019872,3619,1.0
47,S1,DanielSc4/RedPajama-INCITE-Chat-3B-v1-RL-LoRA-8bit-test1,togethercomputer/RedPajama-INCITE-Chat-3B-v1,bnb-8bit(LoRA),harness_hendrycksTest_international_law_5,False,False,,121,acc_norm,0.3884297520661157,0.4214876033057851,0.03305785123966942,0.0,0.03305785123966942,0.03305785123966942,0.06611570247933884,0.125,False,0.045724690076150695,232,1.0
47,S1,DanielSc4/RedPajama-INCITE-Chat-3B-v1-RL-LoRA-8bit-test1,togethercomputer/RedPajama-INCITE-Chat-3B-v1,bnb-8bit(LoRA),harness_hendrycksTest_jurisprudence_5,False,False,,108,acc_norm,0.23148148148148148,0.2037037037037037,-0.02777777777777779,0.046296296296296294,0.018518518518518517,0.06481481481481481,0.16666666666666666,0.453125,False,0.06854069342625599,658,1.0
47,S1,DanielSc4/RedPajama-INCITE-Chat-3B-v1-RL-LoRA-8bit-test1,togethercomputer/RedPajama-INCITE-Chat-3B-v1,bnb-8bit(LoRA),harness_hendrycksTest_logical_fallacies_5,False,False,,163,acc_norm,0.25153374233128833,0.17177914110429449,-0.07975460122699385,0.09815950920245399,0.018404907975460124,0.1165644171779141,0.17791411042944785,0.004425048828125,False,0.07307086724388064,137,1.0
47,S1,DanielSc4/RedPajama-INCITE-Chat-3B-v1-RL-LoRA-8bit-test1,togethercomputer/RedPajama-INCITE-Chat-3B-v1,bnb-8bit(LoRA),harness_hendrycksTest_machine_learning_5,False,False,,112,acc_norm,0.19642857142857142,0.22321428571428573,0.0267857142857143,0.008928571428571428,0.03571428571428571,0.044642857142857144,0.1875,0.375,False,0.05573142204327138,485,1.0
47,S1,DanielSc4/RedPajama-INCITE-Chat-3B-v1-RL-LoRA-8bit-test1,togethercomputer/RedPajama-INCITE-Chat-3B-v1,bnb-8bit(LoRA),harness_hendrycksTest_management_5,False,False,,103,acc_norm,0.2815533980582524,0.2815533980582524,0.0,0.06796116504854369,0.06796116504854369,0.13592233009708737,0.20388349514563106,1.0,False,0.10227021216138486,,1.0
47,S1,DanielSc4/RedPajama-INCITE-Chat-3B-v1-RL-LoRA-8bit-test1,togethercomputer/RedPajama-INCITE-Chat-3B-v1,bnb-8bit(LoRA),harness_hendrycksTest_marketing_5,False,False,,234,acc_norm,0.24786324786324787,0.24358974358974358,-0.004273504273504286,0.04700854700854701,0.042735042735042736,0.08974358974358974,0.19230769230769232,1.0,False,0.05497729925597353,38728,1.0
47,S1,DanielSc4/RedPajama-INCITE-Chat-3B-v1-RL-LoRA-8bit-test1,togethercomputer/RedPajama-INCITE-Chat-3B-v1,bnb-8bit(LoRA),harness_hendrycksTest_medical_genetics_5,False,False,,100,acc_norm,0.22,0.24,0.01999999999999999,0.05,0.07,0.12,0.26,0.7744140625,False,0.09737597738663026,2371,1.0
47,S1,DanielSc4/RedPajama-INCITE-Chat-3B-v1-RL-LoRA-8bit-test1,togethercomputer/RedPajama-INCITE-Chat-3B-v1,bnb-8bit(LoRA),harness_hendrycksTest_miscellaneous_5,False,False,,783,acc_norm,0.24776500638569604,0.24904214559386972,0.0012771392081736832,0.04597701149425287,0.04725415070242656,0.09323116219667944,0.194125159642401,1.0,True,0.030589840376451526,449200,1.0
47,S1,DanielSc4/RedPajama-INCITE-Chat-3B-v1-RL-LoRA-8bit-test1,togethercomputer/RedPajama-INCITE-Chat-3B-v1,bnb-8bit(LoRA),harness_hendrycksTest_moral_disputes_5,False,False,,346,acc_norm,0.28034682080924855,0.24277456647398843,-0.037572254335260125,0.06358381502890173,0.02601156069364162,0.08959537572254335,0.17630057803468208,0.029449373483657837,False,0.04479076208546896,492,1.0
47,S1,DanielSc4/RedPajama-INCITE-Chat-3B-v1-RL-LoRA-8bit-test1,togethercomputer/RedPajama-INCITE-Chat-3B-v1,bnb-8bit(LoRA),harness_hendrycksTest_moral_scenarios_5,False,False,,895,acc_norm,0.2670391061452514,0.25921787709497207,-0.007821229050279321,0.0223463687150838,0.01452513966480447,0.03687150837988827,0.06927374301675977,0.296206368599087,True,0.017977114029664155,4729,1.0
47,S1,DanielSc4/RedPajama-INCITE-Chat-3B-v1-RL-LoRA-8bit-test1,togethercomputer/RedPajama-INCITE-Chat-3B-v1,bnb-8bit(LoRA),harness_hendrycksTest_nutrition_5,False,False,,306,acc_norm,0.2679738562091503,0.2875816993464052,0.019607843137254888,0.05555555555555555,0.07516339869281045,0.13071895424836602,0.23529411764705882,0.42959050784338615,False,0.05791400384538413,2670,1.0
47,S1,DanielSc4/RedPajama-INCITE-Chat-3B-v1-RL-LoRA-8bit-test1,togethercomputer/RedPajama-INCITE-Chat-3B-v1,bnb-8bit(LoRA),harness_hendrycksTest_philosophy_5,False,False,,311,acc_norm,0.26366559485530544,0.26366559485530544,0.0,0.05466237942122187,0.05466237942122187,0.10932475884244373,0.18971061093247588,1.0,False,0.052611690229854076,,1.0
47,S1,DanielSc4/RedPajama-INCITE-Chat-3B-v1-RL-LoRA-8bit-test1,togethercomputer/RedPajama-INCITE-Chat-3B-v1,bnb-8bit(LoRA),harness_hendrycksTest_prehistory_5,False,False,,324,acc_norm,0.29012345679012347,0.2839506172839506,-0.006172839506172867,0.07407407407407407,0.06790123456790123,0.1419753086419753,0.25308641975308643,0.8829959121223965,False,0.058728742270345,29328,1.0
47,S1,DanielSc4/RedPajama-INCITE-Chat-3B-v1-RL-LoRA-8bit-test1,togethercomputer/RedPajama-INCITE-Chat-3B-v1,bnb-8bit(LoRA),harness_hendrycksTest_professional_accounting_5,False,False,,282,acc_norm,0.26595744680851063,0.26595744680851063,0.0,0.014184397163120567,0.014184397163120567,0.028368794326241134,0.06028368794326241,1.0,True,0.028149527968024668,,1.0
47,S1,DanielSc4/RedPajama-INCITE-Chat-3B-v1-RL-LoRA-8bit-test1,togethercomputer/RedPajama-INCITE-Chat-3B-v1,bnb-8bit(LoRA),harness_hendrycksTest_professional_law_5,False,False,,1534,acc_norm,0.26792698826597133,0.26140808344198174,-0.006518904823989591,0.01499348109517601,0.00847457627118644,0.02346805736636245,0.0469361147327249,0.13249816396273675,True,0.010951604770649714,4330,1.0
47,S1,DanielSc4/RedPajama-INCITE-Chat-3B-v1-RL-LoRA-8bit-test1,togethercomputer/RedPajama-INCITE-Chat-3B-v1,bnb-8bit(LoRA),harness_hendrycksTest_professional_medicine_5,False,False,,272,acc_norm,0.25,0.22794117647058823,-0.02205882352941177,0.09558823529411764,0.07352941176470588,0.16911764705882354,0.3382352941176471,0.4613911821367651,False,0.06988564388690542,2731,1.0
47,S1,DanielSc4/RedPajama-INCITE-Chat-3B-v1-RL-LoRA-8bit-test1,togethercomputer/RedPajama-INCITE-Chat-3B-v1,bnb-8bit(LoRA),harness_hendrycksTest_professional_psychology_5,False,False,,610,acc_norm,0.23934426229508196,0.2573770491803279,0.018032786885245927,0.04262295081967213,0.060655737704918035,0.10327868852459017,0.2278688524590164,0.20736789985685422,False,0.03642635902163532,2490,1.0
47,S1,DanielSc4/RedPajama-INCITE-Chat-3B-v1-RL-LoRA-8bit-test1,togethercomputer/RedPajama-INCITE-Chat-3B-v1,bnb-8bit(LoRA),harness_hendrycksTest_public_relations_5,False,False,,106,acc_norm,0.330188679245283,0.330188679245283,0.0,0.10377358490566038,0.10377358490566038,0.20754716981132076,0.3018867924528302,1.0,False,0.12455684397680726,,1.0
47,S1,DanielSc4/RedPajama-INCITE-Chat-3B-v1-RL-LoRA-8bit-test1,togethercomputer/RedPajama-INCITE-Chat-3B-v1,bnb-8bit(LoRA),harness_hendrycksTest_security_studies_5,False,False,,245,acc_norm,0.2938775510204082,0.2857142857142857,-0.008163265306122491,0.0326530612244898,0.024489795918367346,0.05714285714285714,0.10612244897959183,0.79052734375,False,0.04284858839402841,6751,1.0
47,S1,DanielSc4/RedPajama-INCITE-Chat-3B-v1-RL-LoRA-8bit-test1,togethercomputer/RedPajama-INCITE-Chat-3B-v1,bnb-8bit(LoRA),harness_hendrycksTest_sociology_5,False,False,,201,acc_norm,0.25870646766169153,0.24378109452736318,-0.014925373134328346,0.01990049751243781,0.004975124378109453,0.024875621890547265,0.07462686567164178,0.375,False,0.031104444618324907,873,1.0
47,S1,DanielSc4/RedPajama-INCITE-Chat-3B-v1-RL-LoRA-8bit-test1,togethercomputer/RedPajama-INCITE-Chat-3B-v1,bnb-8bit(LoRA),harness_hendrycksTest_us_foreign_policy_5,False,False,,98,acc_norm,0.22448979591836735,0.2755102040816326,0.05102040816326528,0.04081632653061224,0.09183673469387756,0.1326530612244898,0.3163265306122449,0.266845703125,False,0.10258246097159304,397,1.0
47,S1,DanielSc4/RedPajama-INCITE-Chat-3B-v1-RL-LoRA-8bit-test1,togethercomputer/RedPajama-INCITE-Chat-3B-v1,bnb-8bit(LoRA),harness_hendrycksTest_virology_5,False,False,,166,acc_norm,0.22289156626506024,0.20481927710843373,-0.01807228915662651,0.06626506024096386,0.04819277108433735,0.1144578313253012,0.23493975903614459,0.6476058959960938,False,0.07368245746059876,2760,1.0
47,S1,DanielSc4/RedPajama-INCITE-Chat-3B-v1-RL-LoRA-8bit-test1,togethercomputer/RedPajama-INCITE-Chat-3B-v1,bnb-8bit(LoRA),harness_hendrycksTest_world_religions_5,False,False,,171,acc_norm,0.26900584795321636,0.2807017543859649,0.011695906432748537,0.03508771929824561,0.04678362573099415,0.08187134502923976,0.2222222222222222,0.79052734375,False,0.06143024065534918,4718,1.0
47,S1,DanielSc4/RedPajama-INCITE-Chat-3B-v1-RL-LoRA-8bit-test1,togethercomputer/RedPajama-INCITE-Chat-3B-v1,bnb-8bit(LoRA),harness_truthfulqa_mc_0,False,True,no acc_norm or acc column in S1 rows,,,,,,,,,,,,,,
47,S1,DanielSc4/RedPajama-INCITE-Chat-3B-v1-RL-LoRA-8bit-test1,togethercomputer/RedPajama-INCITE-Chat-3B-v1,bnb-8bit(LoRA),harness_winogrande_5,False,False,,1267,acc,0.6550907655880032,0.654301499605367,-0.0007892659826361781,0.026835043409629045,0.026045777426992895,0.05288082083662194,0.05288082083662194,1.0,True,0.018106458781752096,666802,1.0
48,S1,yec019/fbopt-350m-8bit,facebook/opt-350m,bnb-8bit,harness_gsm8k_5,False,True,no acc_norm or acc column in S1 rows,,,,,,,,,,,,,,
49,S1,cloudyu/4bit_quant_TomGrc_FusionNet_34Bx2_MoE_v0.1_DPO,TomGrc/FusionNet_34Bx2_MoE_v0.1,bnb-4bit(DPO-FT),harness_arc_challenge_25,False,True,no acc_norm or acc column in S1 rows,,,,,,,,,,,,,,
49,S1,cloudyu/4bit_quant_TomGrc_FusionNet_34Bx2_MoE_v0.1_DPO,TomGrc/FusionNet_34Bx2_MoE_v0.1,bnb-4bit(DPO-FT),harness_gsm8k_5,False,True,no acc_norm or acc column in S1 rows,,,,,,,,,,,,,,
49,S1,cloudyu/4bit_quant_TomGrc_FusionNet_34Bx2_MoE_v0.1_DPO,TomGrc/FusionNet_34Bx2_MoE_v0.1,bnb-4bit(DPO-FT),harness_hellaswag_10,False,True,no acc_norm or acc column in S1 rows,,,,,,,,,,,,,,
49,S1,cloudyu/4bit_quant_TomGrc_FusionNet_34Bx2_MoE_v0.1_DPO,TomGrc/FusionNet_34Bx2_MoE_v0.1,bnb-4bit(DPO-FT),harness_hendrycksTest_5,False,True,no parquet found for task harness_hendrycksTest_5 in runs ['2024_02_02T06_58_32.819028'],,,,,,,,,,,,,,
49,S1,cloudyu/4bit_quant_TomGrc_FusionNet_34Bx2_MoE_v0.1_DPO,TomGrc/FusionNet_34Bx2_MoE_v0.1,bnb-4bit(DPO-FT),harness_hendrycksTest_abstract_algebra_5,False,True,no acc_norm or acc column in S1 rows,,,,,,,,,,,,,,
49,S1,cloudyu/4bit_quant_TomGrc_FusionNet_34Bx2_MoE_v0.1_DPO,TomGrc/FusionNet_34Bx2_MoE_v0.1,bnb-4bit(DPO-FT),harness_hendrycksTest_anatomy_5,False,True,no acc_norm or acc column in S1 rows,,,,,,,,,,,,,,
49,S1,cloudyu/4bit_quant_TomGrc_FusionNet_34Bx2_MoE_v0.1_DPO,TomGrc/FusionNet_34Bx2_MoE_v0.1,bnb-4bit(DPO-FT),harness_hendrycksTest_astronomy_5,False,True,no acc_norm or acc column in S1 rows,,,,,,,,,,,,,,
49,S1,cloudyu/4bit_quant_TomGrc_FusionNet_34Bx2_MoE_v0.1_DPO,TomGrc/FusionNet_34Bx2_MoE_v0.1,bnb-4bit(DPO-FT),harness_hendrycksTest_business_ethics_5,False,True,no acc_norm or acc column in S1 rows,,,,,,,,,,,,,,
49,S1,cloudyu/4bit_quant_TomGrc_FusionNet_34Bx2_MoE_v0.1_DPO,TomGrc/FusionNet_34Bx2_MoE_v0.1,bnb-4bit(DPO-FT),harness_hendrycksTest_clinical_knowledge_5,False,True,no acc_norm or acc column in S1 rows,,,,,,,,,,,,,,
49,S1,cloudyu/4bit_quant_TomGrc_FusionNet_34Bx2_MoE_v0.1_DPO,TomGrc/FusionNet_34Bx2_MoE_v0.1,bnb-4bit(DPO-FT),harness_hendrycksTest_college_biology_5,False,True,no acc_norm or acc column in S1 rows,,,,,,,,,,,,,,
49,S1,cloudyu/4bit_quant_TomGrc_FusionNet_34Bx2_MoE_v0.1_DPO,TomGrc/FusionNet_34Bx2_MoE_v0.1,bnb-4bit(DPO-FT),harness_hendrycksTest_college_chemistry_5,False,True,no acc_norm or acc column in S1 rows,,,,,,,,,,,,,,
49,S1,cloudyu/4bit_quant_TomGrc_FusionNet_34Bx2_MoE_v0.1_DPO,TomGrc/FusionNet_34Bx2_MoE_v0.1,bnb-4bit(DPO-FT),harness_hendrycksTest_college_computer_science_5,False,True,no acc_norm or acc column in S1 rows,,,,,,,,,,,,,,
49,S1,cloudyu/4bit_quant_TomGrc_FusionNet_34Bx2_MoE_v0.1_DPO,TomGrc/FusionNet_34Bx2_MoE_v0.1,bnb-4bit(DPO-FT),harness_hendrycksTest_college_mathematics_5,False,True,no acc_norm or acc column in S1 rows,,,,,,,,,,,,,,
49,S1,cloudyu/4bit_quant_TomGrc_FusionNet_34Bx2_MoE_v0.1_DPO,TomGrc/FusionNet_34Bx2_MoE_v0.1,bnb-4bit(DPO-FT),harness_hendrycksTest_college_medicine_5,False,True,no acc_norm or acc column in S1 rows,,,,,,,,,,,,,,
49,S1,cloudyu/4bit_quant_TomGrc_FusionNet_34Bx2_MoE_v0.1_DPO,TomGrc/FusionNet_34Bx2_MoE_v0.1,bnb-4bit(DPO-FT),harness_hendrycksTest_college_physics_5,False,True,no acc_norm or acc column in S1 rows,,,,,,,,,,,,,,
49,S1,cloudyu/4bit_quant_TomGrc_FusionNet_34Bx2_MoE_v0.1_DPO,TomGrc/FusionNet_34Bx2_MoE_v0.1,bnb-4bit(DPO-FT),harness_hendrycksTest_computer_security_5,False,True,no acc_norm or acc column in S1 rows,,,,,,,,,,,,,,
49,S1,cloudyu/4bit_quant_TomGrc_FusionNet_34Bx2_MoE_v0.1_DPO,TomGrc/FusionNet_34Bx2_MoE_v0.1,bnb-4bit(DPO-FT),harness_hendrycksTest_conceptual_physics_5,False,True,no acc_norm or acc column in S1 rows,,,,,,,,,,,,,,
49,S1,cloudyu/4bit_quant_TomGrc_FusionNet_34Bx2_MoE_v0.1_DPO,TomGrc/FusionNet_34Bx2_MoE_v0.1,bnb-4bit(DPO-FT),harness_hendrycksTest_econometrics_5,False,True,no acc_norm or acc column in S1 rows,,,,,,,,,,,,,,
49,S1,cloudyu/4bit_quant_TomGrc_FusionNet_34Bx2_MoE_v0.1_DPO,TomGrc/FusionNet_34Bx2_MoE_v0.1,bnb-4bit(DPO-FT),harness_hendrycksTest_electrical_engineering_5,False,True,no acc_norm or acc column in S1 rows,,,,,,,,,,,,,,
49,S1,cloudyu/4bit_quant_TomGrc_FusionNet_34Bx2_MoE_v0.1_DPO,TomGrc/FusionNet_34Bx2_MoE_v0.1,bnb-4bit(DPO-FT),harness_hendrycksTest_elementary_mathematics_5,False,True,no acc_norm or acc column in S1 rows,,,,,,,,,,,,,,
49,S1,cloudyu/4bit_quant_TomGrc_FusionNet_34Bx2_MoE_v0.1_DPO,TomGrc/FusionNet_34Bx2_MoE_v0.1,bnb-4bit(DPO-FT),harness_hendrycksTest_formal_logic_5,False,True,no acc_norm or acc column in S1 rows,,,,,,,,,,,,,,
49,S1,cloudyu/4bit_quant_TomGrc_FusionNet_34Bx2_MoE_v0.1_DPO,TomGrc/FusionNet_34Bx2_MoE_v0.1,bnb-4bit(DPO-FT),harness_hendrycksTest_global_facts_5,False,True,no acc_norm or acc column in S1 rows,,,,,,,,,,,,,,
49,S1,cloudyu/4bit_quant_TomGrc_FusionNet_34Bx2_MoE_v0.1_DPO,TomGrc/FusionNet_34Bx2_MoE_v0.1,bnb-4bit(DPO-FT),harness_hendrycksTest_high_school_biology_5,False,True,no acc_norm or acc column in S1 rows,,,,,,,,,,,,,,
49,S1,cloudyu/4bit_quant_TomGrc_FusionNet_34Bx2_MoE_v0.1_DPO,TomGrc/FusionNet_34Bx2_MoE_v0.1,bnb-4bit(DPO-FT),harness_hendrycksTest_high_school_chemistry_5,False,True,no acc_norm or acc column in S1 rows,,,,,,,,,,,,,,
49,S1,cloudyu/4bit_quant_TomGrc_FusionNet_34Bx2_MoE_v0.1_DPO,TomGrc/FusionNet_34Bx2_MoE_v0.1,bnb-4bit(DPO-FT),harness_hendrycksTest_high_school_computer_science_5,False,True,no acc_norm or acc column in S1 rows,,,,,,,,,,,,,,
49,S1,cloudyu/4bit_quant_TomGrc_FusionNet_34Bx2_MoE_v0.1_DPO,TomGrc/FusionNet_34Bx2_MoE_v0.1,bnb-4bit(DPO-FT),harness_hendrycksTest_high_school_european_history_5,False,True,no acc_norm or acc column in S1 rows,,,,,,,,,,,,,,
49,S1,cloudyu/4bit_quant_TomGrc_FusionNet_34Bx2_MoE_v0.1_DPO,TomGrc/FusionNet_34Bx2_MoE_v0.1,bnb-4bit(DPO-FT),harness_hendrycksTest_high_school_geography_5,False,True,no acc_norm or acc column in S1 rows,,,,,,,,,,,,,,
49,S1,cloudyu/4bit_quant_TomGrc_FusionNet_34Bx2_MoE_v0.1_DPO,TomGrc/FusionNet_34Bx2_MoE_v0.1,bnb-4bit(DPO-FT),harness_hendrycksTest_high_school_government_and_politics_5,False,True,no acc_norm or acc column in S1 rows,,,,,,,,,,,,,,
49,S1,cloudyu/4bit_quant_TomGrc_FusionNet_34Bx2_MoE_v0.1_DPO,TomGrc/FusionNet_34Bx2_MoE_v0.1,bnb-4bit(DPO-FT),harness_hendrycksTest_high_school_macroeconomics_5,False,True,no acc_norm or acc column in S1 rows,,,,,,,,,,,,,,
49,S1,cloudyu/4bit_quant_TomGrc_FusionNet_34Bx2_MoE_v0.1_DPO,TomGrc/FusionNet_34Bx2_MoE_v0.1,bnb-4bit(DPO-FT),harness_hendrycksTest_high_school_mathematics_5,False,True,no acc_norm or acc column in S1 rows,,,,,,,,,,,,,,
49,S1,cloudyu/4bit_quant_TomGrc_FusionNet_34Bx2_MoE_v0.1_DPO,TomGrc/FusionNet_34Bx2_MoE_v0.1,bnb-4bit(DPO-FT),harness_hendrycksTest_high_school_microeconomics_5,False,True,no acc_norm or acc column in S1 rows,,,,,,,,,,,,,,
49,S1,cloudyu/4bit_quant_TomGrc_FusionNet_34Bx2_MoE_v0.1_DPO,TomGrc/FusionNet_34Bx2_MoE_v0.1,bnb-4bit(DPO-FT),harness_hendrycksTest_high_school_physics_5,False,True,no acc_norm or acc column in S1 rows,,,,,,,,,,,,,,
49,S1,cloudyu/4bit_quant_TomGrc_FusionNet_34Bx2_MoE_v0.1_DPO,TomGrc/FusionNet_34Bx2_MoE_v0.1,bnb-4bit(DPO-FT),harness_hendrycksTest_high_school_psychology_5,False,True,no acc_norm or acc column in S1 rows,,,,,,,,,,,,,,
49,S1,cloudyu/4bit_quant_TomGrc_FusionNet_34Bx2_MoE_v0.1_DPO,TomGrc/FusionNet_34Bx2_MoE_v0.1,bnb-4bit(DPO-FT),harness_hendrycksTest_high_school_statistics_5,False,True,no acc_norm or acc column in S1 rows,,,,,,,,,,,,,,
49,S1,cloudyu/4bit_quant_TomGrc_FusionNet_34Bx2_MoE_v0.1_DPO,TomGrc/FusionNet_34Bx2_MoE_v0.1,bnb-4bit(DPO-FT),harness_hendrycksTest_high_school_us_history_5,False,True,no acc_norm or acc column in S1 rows,,,,,,,,,,,,,,
49,S1,cloudyu/4bit_quant_TomGrc_FusionNet_34Bx2_MoE_v0.1_DPO,TomGrc/FusionNet_34Bx2_MoE_v0.1,bnb-4bit(DPO-FT),harness_hendrycksTest_high_school_world_history_5,False,True,no acc_norm or acc column in S1 rows,,,,,,,,,,,,,,
49,S1,cloudyu/4bit_quant_TomGrc_FusionNet_34Bx2_MoE_v0.1_DPO,TomGrc/FusionNet_34Bx2_MoE_v0.1,bnb-4bit(DPO-FT),harness_hendrycksTest_human_aging_5,False,True,no acc_norm or acc column in S1 rows,,,,,,,,,,,,,,
49,S1,cloudyu/4bit_quant_TomGrc_FusionNet_34Bx2_MoE_v0.1_DPO,TomGrc/FusionNet_34Bx2_MoE_v0.1,bnb-4bit(DPO-FT),harness_hendrycksTest_human_sexuality_5,False,True,no acc_norm or acc column in S1 rows,,,,,,,,,,,,,,
49,S1,cloudyu/4bit_quant_TomGrc_FusionNet_34Bx2_MoE_v0.1_DPO,TomGrc/FusionNet_34Bx2_MoE_v0.1,bnb-4bit(DPO-FT),harness_hendrycksTest_international_law_5,False,True,no acc_norm or acc column in S1 rows,,,,,,,,,,,,,,
49,S1,cloudyu/4bit_quant_TomGrc_FusionNet_34Bx2_MoE_v0.1_DPO,TomGrc/FusionNet_34Bx2_MoE_v0.1,bnb-4bit(DPO-FT),harness_hendrycksTest_jurisprudence_5,False,True,no acc_norm or acc column in S1 rows,,,,,,,,,,,,,,
49,S1,cloudyu/4bit_quant_TomGrc_FusionNet_34Bx2_MoE_v0.1_DPO,TomGrc/FusionNet_34Bx2_MoE_v0.1,bnb-4bit(DPO-FT),harness_hendrycksTest_logical_fallacies_5,False,True,no acc_norm or acc column in S1 rows,,,,,,,,,,,,,,
49,S1,cloudyu/4bit_quant_TomGrc_FusionNet_34Bx2_MoE_v0.1_DPO,TomGrc/FusionNet_34Bx2_MoE_v0.1,bnb-4bit(DPO-FT),harness_hendrycksTest_machine_learning_5,False,True,no acc_norm or acc column in S1 rows,,,,,,,,,,,,,,
49,S1,cloudyu/4bit_quant_TomGrc_FusionNet_34Bx2_MoE_v0.1_DPO,TomGrc/FusionNet_34Bx2_MoE_v0.1,bnb-4bit(DPO-FT),harness_hendrycksTest_management_5,False,True,no acc_norm or acc column in S1 rows,,,,,,,,,,,,,,
49,S1,cloudyu/4bit_quant_TomGrc_FusionNet_34Bx2_MoE_v0.1_DPO,TomGrc/FusionNet_34Bx2_MoE_v0.1,bnb-4bit(DPO-FT),harness_hendrycksTest_marketing_5,False,True,no acc_norm or acc column in S1 rows,,,,,,,,,,,,,,
49,S1,cloudyu/4bit_quant_TomGrc_FusionNet_34Bx2_MoE_v0.1_DPO,TomGrc/FusionNet_34Bx2_MoE_v0.1,bnb-4bit(DPO-FT),harness_hendrycksTest_medical_genetics_5,False,True,no acc_norm or acc column in S1 rows,,,,,,,,,,,,,,
49,S1,cloudyu/4bit_quant_TomGrc_FusionNet_34Bx2_MoE_v0.1_DPO,TomGrc/FusionNet_34Bx2_MoE_v0.1,bnb-4bit(DPO-FT),harness_hendrycksTest_miscellaneous_5,False,True,no acc_norm or acc column in S1 rows,,,,,,,,,,,,,,
49,S1,cloudyu/4bit_quant_TomGrc_FusionNet_34Bx2_MoE_v0.1_DPO,TomGrc/FusionNet_34Bx2_MoE_v0.1,bnb-4bit(DPO-FT),harness_hendrycksTest_moral_disputes_5,False,True,no acc_norm or acc column in S1 rows,,,,,,,,,,,,,,
49,S1,cloudyu/4bit_quant_TomGrc_FusionNet_34Bx2_MoE_v0.1_DPO,TomGrc/FusionNet_34Bx2_MoE_v0.1,bnb-4bit(DPO-FT),harness_hendrycksTest_moral_scenarios_5,False,True,no acc_norm or acc column in S1 rows,,,,,,,,,,,,,,
49,S1,cloudyu/4bit_quant_TomGrc_FusionNet_34Bx2_MoE_v0.1_DPO,TomGrc/FusionNet_34Bx2_MoE_v0.1,bnb-4bit(DPO-FT),harness_hendrycksTest_nutrition_5,False,True,no acc_norm or acc column in S1 rows,,,,,,,,,,,,,,
49,S1,cloudyu/4bit_quant_TomGrc_FusionNet_34Bx2_MoE_v0.1_DPO,TomGrc/FusionNet_34Bx2_MoE_v0.1,bnb-4bit(DPO-FT),harness_hendrycksTest_philosophy_5,False,True,no acc_norm or acc column in S1 rows,,,,,,,,,,,,,,
49,S1,cloudyu/4bit_quant_TomGrc_FusionNet_34Bx2_MoE_v0.1_DPO,TomGrc/FusionNet_34Bx2_MoE_v0.1,bnb-4bit(DPO-FT),harness_hendrycksTest_prehistory_5,False,True,no acc_norm or acc column in S1 rows,,,,,,,,,,,,,,
49,S1,cloudyu/4bit_quant_TomGrc_FusionNet_34Bx2_MoE_v0.1_DPO,TomGrc/FusionNet_34Bx2_MoE_v0.1,bnb-4bit(DPO-FT),harness_hendrycksTest_professional_accounting_5,False,True,no acc_norm or acc column in S1 rows,,,,,,,,,,,,,,
49,S1,cloudyu/4bit_quant_TomGrc_FusionNet_34Bx2_MoE_v0.1_DPO,TomGrc/FusionNet_34Bx2_MoE_v0.1,bnb-4bit(DPO-FT),harness_hendrycksTest_professional_law_5,False,True,no acc_norm or acc column in S1 rows,,,,,,,,,,,,,,
49,S1,cloudyu/4bit_quant_TomGrc_FusionNet_34Bx2_MoE_v0.1_DPO,TomGrc/FusionNet_34Bx2_MoE_v0.1,bnb-4bit(DPO-FT),harness_hendrycksTest_professional_medicine_5,False,True,no acc_norm or acc column in S1 rows,,,,,,,,,,,,,,
49,S1,cloudyu/4bit_quant_TomGrc_FusionNet_34Bx2_MoE_v0.1_DPO,TomGrc/FusionNet_34Bx2_MoE_v0.1,bnb-4bit(DPO-FT),harness_hendrycksTest_professional_psychology_5,False,True,no acc_norm or acc column in S1 rows,,,,,,,,,,,,,,
49,S1,cloudyu/4bit_quant_TomGrc_FusionNet_34Bx2_MoE_v0.1_DPO,TomGrc/FusionNet_34Bx2_MoE_v0.1,bnb-4bit(DPO-FT),harness_hendrycksTest_public_relations_5,False,True,no acc_norm or acc column in S1 rows,,,,,,,,,,,,,,
49,S1,cloudyu/4bit_quant_TomGrc_FusionNet_34Bx2_MoE_v0.1_DPO,TomGrc/FusionNet_34Bx2_MoE_v0.1,bnb-4bit(DPO-FT),harness_hendrycksTest_security_studies_5,False,True,no acc_norm or acc column in S1 rows,,,,,,,,,,,,,,
49,S1,cloudyu/4bit_quant_TomGrc_FusionNet_34Bx2_MoE_v0.1_DPO,TomGrc/FusionNet_34Bx2_MoE_v0.1,bnb-4bit(DPO-FT),harness_hendrycksTest_sociology_5,False,True,no acc_norm or acc column in S1 rows,,,,,,,,,,,,,,
49,S1,cloudyu/4bit_quant_TomGrc_FusionNet_34Bx2_MoE_v0.1_DPO,TomGrc/FusionNet_34Bx2_MoE_v0.1,bnb-4bit(DPO-FT),harness_hendrycksTest_us_foreign_policy_5,False,True,no acc_norm or acc column in S1 rows,,,,,,,,,,,,,,
49,S1,cloudyu/4bit_quant_TomGrc_FusionNet_34Bx2_MoE_v0.1_DPO,TomGrc/FusionNet_34Bx2_MoE_v0.1,bnb-4bit(DPO-FT),harness_hendrycksTest_virology_5,False,True,no acc_norm or acc column in S1 rows,,,,,,,,,,,,,,
49,S1,cloudyu/4bit_quant_TomGrc_FusionNet_34Bx2_MoE_v0.1_DPO,TomGrc/FusionNet_34Bx2_MoE_v0.1,bnb-4bit(DPO-FT),harness_hendrycksTest_world_religions_5,False,True,no acc_norm or acc column in S1 rows,,,,,,,,,,,,,,
49,S1,cloudyu/4bit_quant_TomGrc_FusionNet_34Bx2_MoE_v0.1_DPO,TomGrc/FusionNet_34Bx2_MoE_v0.1,bnb-4bit(DPO-FT),harness_truthfulqa_mc_0,False,True,no acc_norm or acc column in S1 rows,,,,,,,,,,,,,,
49,S1,cloudyu/4bit_quant_TomGrc_FusionNet_34Bx2_MoE_v0.1_DPO,TomGrc/FusionNet_34Bx2_MoE_v0.1,bnb-4bit(DPO-FT),harness_winogrande_5,False,True,no acc_norm or acc column in S1 rows,,,,,,,,,,,,,,
50,S2,neuralmagic/Meta-Llama-3.1-8B-Instruct-W4A16,meta-llama/Meta-Llama-3.1-8B-Instruct,W4A16,bbh_boolean_expressions,True,False,,250,acc_norm,0.832,0.844,0.01200000000000001,0.028,0.04,0.068,1.0,0.629058837890625,False,0.046248568120849785,3714,1.0
50,S2,neuralmagic/Meta-Llama-3.1-8B-Instruct-W4A16,meta-llama/Meta-Llama-3.1-8B-Instruct,W4A16,bbh_causal_judgement,True,False,,187,acc_norm,0.5828877005347594,0.5561497326203209,-0.0267379679144385,0.09090909090909091,0.06417112299465241,0.15508021390374332,1.0,0.45825831964612007,False,0.08070904319094553,1704,1.0
50,S2,neuralmagic/Meta-Llama-3.1-8B-Instruct-W4A16,meta-llama/Meta-Llama-3.1-8B-Instruct,W4A16,bbh_date_understanding,True,False,,250,acc_norm,0.496,0.456,-0.03999999999999998,0.096,0.056,0.152,1.0,0.14330665429588407,False,0.0688538266617643,741,1.0
50,S2,neuralmagic/Meta-Llama-3.1-8B-Instruct-W4A16,meta-llama/Meta-Llama-3.1-8B-Instruct,W4A16,bbh_disambiguation_qa,True,False,,250,acc_norm,0.568,0.58,0.01200000000000001,0.048,0.06,0.108,1.0,0.7011080384254456,False,0.05830775478083641,5903,1.0
50,S2,neuralmagic/Meta-Llama-3.1-8B-Instruct-W4A16,meta-llama/Meta-Llama-3.1-8B-Instruct,W4A16,bbh_formal_fallacies,True,False,,250,acc_norm,0.536,0.512,-0.02400000000000002,0.076,0.052,0.128,1.0,0.37708558747544885,False,0.06337672318165218,1744,1.0
50,S2,neuralmagic/Meta-Llama-3.1-8B-Instruct-W4A16,meta-llama/Meta-Llama-3.1-8B-Instruct,W4A16,bbh_geometric_shapes,True,False,,250,acc_norm,0.276,0.308,0.03199999999999997,0.088,0.12,0.208,1.0,0.3317497633694906,False,0.08077261782776107,1593,1.0
50,S2,neuralmagic/Meta-Llama-3.1-8B-Instruct-W4A16,meta-llama/Meta-Llama-3.1-8B-Instruct,W4A16,bbh_hyperbaton,True,False,,250,acc_norm,0.66,0.648,-0.01200000000000001,0.136,0.124,0.26,1.0,0.8043170001933984,False,0.0905045760286438,14221,1.0
50,S2,neuralmagic/Meta-Llama-3.1-8B-Instruct-W4A16,meta-llama/Meta-Llama-3.1-8B-Instruct,W4A16,bbh_logical_deduction_five_objects,True,False,,250,acc_norm,0.384,0.376,-0.008000000000000007,0.06,0.052,0.112,1.0,0.8505540192127228,False,0.059400357048137196,13783,1.0
50,S2,neuralmagic/Meta-Llama-3.1-8B-Instruct-W4A16,meta-llama/Meta-Llama-3.1-8B-Instruct,W4A16,bbh_logical_deduction_seven_objects,True,False,,250,acc_norm,0.396,0.384,-0.01200000000000001,0.06,0.048,0.108,1.0,0.7011080384254456,False,0.0583077547808364,5903,1.0
50,S2,neuralmagic/Meta-Llama-3.1-8B-Instruct-W4A16,meta-llama/Meta-Llama-3.1-8B-Instruct,W4A16,bbh_logical_deduction_three_objects,True,False,,250,acc_norm,0.62,0.62,0.0,0.068,0.068,0.136,1.0,1.0,False,0.06547471518686514,,1.0
50,S2,neuralmagic/Meta-Llama-3.1-8B-Instruct-W4A16,meta-llama/Meta-Llama-3.1-8B-Instruct,W4A16,bbh_movie_recommendation,True,False,,250,acc_norm,0.512,0.484,-0.028000000000000025,0.06,0.032,0.092,1.0,0.21003961563110352,False,0.05362158851070332,917,1.0
50,S2,neuralmagic/Meta-Llama-3.1-8B-Instruct-W4A16,meta-llama/Meta-Llama-3.1-8B-Instruct,W4A16,bbh_navigate,True,False,,250,acc_norm,0.596,0.616,0.020000000000000018,0.044,0.064,0.108,1.0,0.44206833839416504,False,0.058238515920396604,2120,1.0
50,S2,neuralmagic/Meta-Llama-3.1-8B-Instruct-W4A16,meta-llama/Meta-Llama-3.1-8B-Instruct,W4A16,bbh_object_counting,True,False,,250,acc_norm,0.328,0.34,0.01200000000000001,0.02,0.032,0.052,1.0,0.5810546875,False,0.04042999341438947,2838,1.0
50,S2,neuralmagic/Meta-Llama-3.1-8B-Instruct-W4A16,meta-llama/Meta-Llama-3.1-8B-Instruct,W4A16,bbh_penguins_in_a_table,True,False,,146,acc_norm,0.4589041095890411,0.4726027397260274,0.0136986301369863,0.0410958904109589,0.0547945205479452,0.0958904109589041,1.0,0.79052734375,False,0.07197506472639491,4031,1.0
50,S2,neuralmagic/Meta-Llama-3.1-8B-Instruct-W4A16,meta-llama/Meta-Llama-3.1-8B-Instruct,W4A16,bbh_reasoning_about_colored_objects,True,False,,250,acc_norm,0.66,0.604,-0.05600000000000005,0.1,0.044,0.144,1.0,0.028816719655878845,False,0.06663527157044133,354,1.0
50,S2,neuralmagic/Meta-Llama-3.1-8B-Instruct-W4A16,meta-llama/Meta-Llama-3.1-8B-Instruct,W4A16,bbh_ruin_names,True,False,,250,acc_norm,0.624,0.712,0.08799999999999997,0.02,0.108,0.128,1.0,0.00011307420209050179,False,0.0615683536732278,123,1.0
50,S2,neuralmagic/Meta-Llama-3.1-8B-Instruct-W4A16,meta-llama/Meta-Llama-3.1-8B-Instruct,W4A16,bbh_salient_translation_error_detection,True,False,,250,acc_norm,0.532,0.5,-0.03200000000000003,0.084,0.052,0.136,1.0,0.22948101302608848,False,0.06522775639950884,1039,1.0
50,S2,neuralmagic/Meta-Llama-3.1-8B-Instruct-W4A16,meta-llama/Meta-Llama-3.1-8B-Instruct,W4A16,bbh_snarks,True,False,,178,acc_norm,0.6292134831460674,0.5730337078651685,-0.0561797752808989,0.06741573033707865,0.011235955056179775,0.07865168539325842,1.0,0.012939453125,False,0.05785991475466794,189,1.0
50,S2,neuralmagic/Meta-Llama-3.1-8B-Instruct-W4A16,meta-llama/Meta-Llama-3.1-8B-Instruct,W4A16,bbh_sports_understanding,True,False,,250,acc_norm,0.744,0.708,-0.03600000000000003,0.06,0.024,0.084,1.0,0.0783538818359375,False,0.05105842584331028,503,1.0
50,S2,neuralmagic/Meta-Llama-3.1-8B-Instruct-W4A16,meta-llama/Meta-Llama-3.1-8B-Instruct,W4A16,bbh_temporal_sequences,True,False,,250,acc_norm,0.436,0.448,0.01200000000000001,0.064,0.076,0.14,1.0,0.735878800856881,False,0.06639642790892265,7654,1.0
50,S2,neuralmagic/Meta-Llama-3.1-8B-Instruct-W4A16,meta-llama/Meta-Llama-3.1-8B-Instruct,W4A16,bbh_tracking_shuffled_objects_five_objects,True,False,,250,acc_norm,0.244,0.236,-0.008000000000000007,0.06,0.052,0.112,1.0,0.8505540192127228,False,0.059400357048137196,13783,1.0
50,S2,neuralmagic/Meta-Llama-3.1-8B-Instruct-W4A16,meta-llama/Meta-Llama-3.1-8B-Instruct,W4A16,bbh_tracking_shuffled_objects_seven_objects,True,False,,250,acc_norm,0.252,0.196,-0.055999999999999994,0.1,0.044,0.144,1.0,0.028816719655878845,False,0.06663527157044133,354,1.0
50,S2,neuralmagic/Meta-Llama-3.1-8B-Instruct-W4A16,meta-llama/Meta-Llama-3.1-8B-Instruct,W4A16,bbh_tracking_shuffled_objects_three_objects,True,False,,250,acc_norm,0.38,0.388,0.008000000000000007,0.088,0.096,0.184,1.0,0.8829959121223965,False,0.07614432351319476,22649,1.0
50,S2,neuralmagic/Meta-Llama-3.1-8B-Instruct-W4A16,meta-llama/Meta-Llama-3.1-8B-Instruct,W4A16,bbh_web_of_lies,True,False,,250,acc_norm,0.468,0.512,0.043999999999999984,0.056,0.1,0.156,1.0,0.10812902140605732,False,0.06968747812916641,628,1.0
50,S2,neuralmagic/Meta-Llama-3.1-8B-Instruct-W4A16,meta-llama/Meta-Llama-3.1-8B-Instruct,W4A16,gpqa_diamond,True,False,,198,acc_norm,0.26262626262626265,0.2828282828282828,0.020202020202020166,0.03535353535353535,0.05555555555555555,0.09090909090909091,1.0,0.480682373046875,False,0.06004783303952005,1750,1.0
50,S2,neuralmagic/Meta-Llama-3.1-8B-Instruct-W4A16,meta-llama/Meta-Llama-3.1-8B-Instruct,W4A16,gpqa_extended,True,False,,546,acc_norm,0.29120879120879123,0.2857142857142857,-0.0054945054945055305,0.047619047619047616,0.04212454212454213,0.08974358974358974,1.0,0.7754496546815659,False,0.03594464879238027,23368,1.0
50,S2,neuralmagic/Meta-Llama-3.1-8B-Instruct-W4A16,meta-llama/Meta-Llama-3.1-8B-Instruct,W4A16,gpqa_main,True,False,,448,acc_norm,0.27901785714285715,0.27232142857142855,-0.006696428571428603,0.04017857142857143,0.033482142857142856,0.07366071428571429,1.0,0.7283324808813632,False,0.035953055611505524,12915,1.0
50,S2,neuralmagic/Meta-Llama-3.1-8B-Instruct-W4A16,meta-llama/Meta-Llama-3.1-8B-Instruct,W4A16,ifeval,True,False,,541,prompt_level_strict_acc,0.7430683918669131,0.722735674676525,-0.020332717190388094,0.07763401109057301,0.05730129390018484,0.13493530499075784,0.977818853974122,0.241644723140752,False,0.04421844138774568,2559,1.0
50,S2,neuralmagic/Meta-Llama-3.1-8B-Instruct-W4A16,meta-llama/Meta-Llama-3.1-8B-Instruct,W4A16,math_algebra_hard,True,False,,307,exact_match,0.3322475570032573,0.30293159609120524,-0.029315960912052075,0.11074918566775244,0.08143322475570032,0.19218241042345277,0.993485342019544,0.2975952082844287,False,0.07005299344620812,1754,1.0
50,S2,neuralmagic/Meta-Llama-3.1-8B-Instruct-W4A16,meta-llama/Meta-Llama-3.1-8B-Instruct,W4A16,math_counting_and_prob_hard,True,False,,123,exact_match,0.12195121951219512,0.0975609756097561,-0.02439024390243902,0.08943089430894309,0.06504065040650407,0.15447154471544716,1.0,0.6476058959960938,False,0.09949707154012698,2047,1.0
50,S2,neuralmagic/Meta-Llama-3.1-8B-Instruct-W4A16,meta-llama/Meta-Llama-3.1-8B-Instruct,W4A16,math_geometry_hard,True,False,,132,exact_match,0.08333333333333333,0.07575757575757576,-0.007575757575757569,0.05303030303030303,0.045454545454545456,0.09848484848484848,0.9924242424242424,1.0,False,0.07679382865731484,13564,1.0
50,S2,neuralmagic/Meta-Llama-3.1-8B-Instruct-W4A16,meta-llama/Meta-Llama-3.1-8B-Instruct,W4A16,math_intermediate_algebra_hard,True,False,,280,exact_match,0.039285714285714285,0.02142857142857143,-0.017857142857142856,0.03214285714285714,0.014285714285714285,0.04642857142857143,1.0,0.266845703125,False,0.03601619716434794,1140,1.0
50,S2,neuralmagic/Meta-Llama-3.1-8B-Instruct-W4A16,meta-llama/Meta-Llama-3.1-8B-Instruct,W4A16,math_num_theory_hard,True,False,,154,exact_match,0.13636363636363635,0.13636363636363635,0.0,0.07142857142857142,0.07142857142857142,0.14285714285714285,1.0,1.0,False,0.08560696529135371,,1.0
50,S2,neuralmagic/Meta-Llama-3.1-8B-Instruct-W4A16,meta-llama/Meta-Llama-3.1-8B-Instruct,W4A16,math_prealgebra_hard,True,False,,193,exact_match,0.3471502590673575,0.35751295336787564,0.010362694300518116,0.10880829015544041,0.11917098445595854,0.22797927461139897,0.9948186528497409,0.880395821280672,False,0.09651584101950557,16743,1.0
50,S2,neuralmagic/Meta-Llama-3.1-8B-Instruct-W4A16,meta-llama/Meta-Llama-3.1-8B-Instruct,W4A16,math_precalculus_hard,True,False,,135,exact_match,0.037037037037037035,0.044444444444444446,0.007407407407407411,0.014814814814814815,0.022222222222222223,0.037037037037037035,0.9925925925925926,1.0,False,0.04654227606900933,5330,1.0
50,S2,neuralmagic/Meta-Llama-3.1-8B-Instruct-W4A16,meta-llama/Meta-Llama-3.1-8B-Instruct,W4A16,mmlu_pro,True,False,,12032,acc,0.37691156914893614,0.35929188829787234,-0.0176196808510638,0.06042220744680851,0.04280252659574468,0.1032247340425532,1.0,1.957232492334142e-09,False,0.008193902572575875,2603,1.0
50,S2,neuralmagic/Meta-Llama-3.1-8B-Instruct-W4A16,meta-llama/Meta-Llama-3.1-8B-Instruct,W4A16,musr_murder_mysteries,True,False,,250,acc_norm,0.556,0.532,-0.02400000000000002,0.076,0.052,0.128,1.0,0.37708558747544885,False,0.06337672318165218,1744,1.0
50,S2,neuralmagic/Meta-Llama-3.1-8B-Instruct-W4A16,meta-llama/Meta-Llama-3.1-8B-Instruct,W4A16,musr_object_placements,True,False,,256,acc_norm,0.29296875,0.30078125,0.0078125,0.015625,0.0234375,0.0390625,1.0,0.75390625,False,0.03464768373674807,5036,1.0
50,S2,neuralmagic/Meta-Llama-3.1-8B-Instruct-W4A16,meta-llama/Meta-Llama-3.1-8B-Instruct,W4A16,musr_team_allocation,True,False,,250,acc_norm,0.296,0.316,0.020000000000000018,0.048,0.068,0.116,1.0,0.45825831964612007,False,0.06036470474938929,2278,1.0
51,S2,neuralmagic/Meta-Llama-3.1-8B-Instruct-W8A8-INT8,meta-llama/Meta-Llama-3.1-8B-Instruct,W8A8-INT8,bbh_boolean_expressions,False,False,,250,acc_norm,0.832,0.84,0.008000000000000007,0.008,0.016,0.024,1.0,0.6875,False,0.0274681842477619,2948,1.0
51,S2,neuralmagic/Meta-Llama-3.1-8B-Instruct-W8A8-INT8,meta-llama/Meta-Llama-3.1-8B-Instruct,W8A8-INT8,bbh_causal_judgement,False,False,,187,acc_norm,0.5828877005347594,0.5989304812834224,0.016042780748663055,0.0213903743315508,0.0374331550802139,0.058823529411764705,1.0,0.548828125,False,0.04971308731300878,1796,1.0
51,S2,neuralmagic/Meta-Llama-3.1-8B-Instruct-W8A8-INT8,meta-llama/Meta-Llama-3.1-8B-Instruct,W8A8-INT8,bbh_date_understanding,False,False,,250,acc_norm,0.496,0.492,-0.0040000000000000036,0.04,0.036,0.076,1.0,1.0,False,0.048940143661267144,37425,1.0
51,S2,neuralmagic/Meta-Llama-3.1-8B-Instruct-W8A8-INT8,meta-llama/Meta-Llama-3.1-8B-Instruct,W8A8-INT8,bbh_disambiguation_qa,False,False,,250,acc_norm,0.568,0.584,0.016000000000000014,0.028,0.044,0.072,1.0,0.480682373046875,False,0.04755508442705176,2209,1.0
51,S2,neuralmagic/Meta-Llama-3.1-8B-Instruct-W8A8-INT8,meta-llama/Meta-Llama-3.1-8B-Instruct,W8A8-INT8,bbh_formal_fallacies,False,False,,250,acc_norm,0.536,0.544,0.008000000000000007,0.032,0.04,0.072,1.0,0.8145294189453125,False,0.04761867494054109,8858,1.0
51,S2,neuralmagic/Meta-Llama-3.1-8B-Instruct-W8A8-INT8,meta-llama/Meta-Llama-3.1-8B-Instruct,W8A8-INT8,bbh_geometric_shapes,False,False,,250,acc_norm,0.276,0.292,0.01599999999999996,0.028,0.044,0.072,1.0,0.480682373046875,False,0.04755508442705176,2209,1.0
51,S2,neuralmagic/Meta-Llama-3.1-8B-Instruct-W8A8-INT8,meta-llama/Meta-Llama-3.1-8B-Instruct,W8A8-INT8,bbh_hyperbaton,False,False,,250,acc_norm,0.66,0.68,0.020000000000000018,0.04,0.06,0.1,1.0,0.42435622215270996,False,0.05603170436225936,1963,1.0
51,S2,neuralmagic/Meta-Llama-3.1-8B-Instruct-W8A8-INT8,meta-llama/Meta-Llama-3.1-8B-Instruct,W8A8-INT8,bbh_logical_deduction_five_objects,False,False,,250,acc_norm,0.384,0.364,-0.020000000000000018,0.04,0.02,0.06,1.0,0.30175781249999994,False,0.043343830926515566,1175,1.0
51,S2,neuralmagic/Meta-Llama-3.1-8B-Instruct-W8A8-INT8,meta-llama/Meta-Llama-3.1-8B-Instruct,W8A8-INT8,bbh_logical_deduction_seven_objects,False,False,,250,acc_norm,0.396,0.396,0.0,0.032,0.032,0.064,1.0,1.0,False,0.04491528406862443,,1.0
51,S2,neuralmagic/Meta-Llama-3.1-8B-Instruct-W8A8-INT8,meta-llama/Meta-Llama-3.1-8B-Instruct,W8A8-INT8,bbh_logical_deduction_three_objects,False,False,,250,acc_norm,0.62,0.604,-0.016000000000000014,0.06,0.044,0.104,1.0,0.557197093963623,False,0.05718546516682919,3194,1.0
51,S2,neuralmagic/Meta-Llama-3.1-8B-Instruct-W8A8-INT8,meta-llama/Meta-Llama-3.1-8B-Instruct,W8A8-INT8,bbh_movie_recommendation,False,False,,250,acc_norm,0.512,0.528,0.016000000000000014,0.016,0.032,0.048,1.0,0.3876953125,False,0.03879391094298253,1470,1.0
51,S2,neuralmagic/Meta-Llama-3.1-8B-Instruct-W8A8-INT8,meta-llama/Meta-Llama-3.1-8B-Instruct,W8A8-INT8,bbh_navigate,False,False,,250,acc_norm,0.596,0.624,0.028000000000000025,0.02,0.048,0.068,1.0,0.143463134765625,False,0.046029949226554984,676,1.0
51,S2,neuralmagic/Meta-Llama-3.1-8B-Instruct-W8A8-INT8,meta-llama/Meta-Llama-3.1-8B-Instruct,W8A8-INT8,bbh_object_counting,False,False,,250,acc_norm,0.328,0.32,-0.008000000000000007,0.02,0.012,0.032,1.0,0.7265625,False,0.0317281261460498,3933,1.0
51,S2,neuralmagic/Meta-Llama-3.1-8B-Instruct-W8A8-INT8,meta-llama/Meta-Llama-3.1-8B-Instruct,W8A8-INT8,bbh_penguins_in_a_table,False,False,,146,acc_norm,0.4589041095890411,0.4863013698630137,0.0273972602739726,0.00684931506849315,0.03424657534246575,0.0410958904109589,1.0,0.21875,False,0.046732197776669995,425,1.0
51,S2,neuralmagic/Meta-Llama-3.1-8B-Instruct-W8A8-INT8,meta-llama/Meta-Llama-3.1-8B-Instruct,W8A8-INT8,bbh_reasoning_about_colored_objects,False,False,,250,acc_norm,0.66,0.676,0.016000000000000014,0.02,0.036,0.056,1.0,0.4239501953125,False,0.04191825818331093,1716,1.0
51,S2,neuralmagic/Meta-Llama-3.1-8B-Instruct-W8A8-INT8,meta-llama/Meta-Llama-3.1-8B-Instruct,W8A8-INT8,bbh_ruin_names,False,False,,250,acc_norm,0.624,0.684,0.06000000000000005,0.012,0.072,0.084,1.0,0.0014896392822265625,False,0.05034219970213923,176,1.0
51,S2,neuralmagic/Meta-Llama-3.1-8B-Instruct-W8A8-INT8,meta-llama/Meta-Llama-3.1-8B-Instruct,W8A8-INT8,bbh_salient_translation_error_detection,False,False,,250,acc_norm,0.532,0.52,-0.01200000000000001,0.028,0.016,0.044,1.0,0.548828125,False,0.037180795104689766,2401,1.0
51,S2,neuralmagic/Meta-Llama-3.1-8B-Instruct-W8A8-INT8,meta-llama/Meta-Llama-3.1-8B-Instruct,W8A8-INT8,bbh_snarks,False,False,,178,acc_norm,0.6292134831460674,0.6292134831460674,0.0,0.028089887640449437,0.028089887640449437,0.056179775280898875,1.0,1.0,False,0.04991225632587386,,1.0
51,S2,neuralmagic/Meta-Llama-3.1-8B-Instruct-W8A8-INT8,meta-llama/Meta-Llama-3.1-8B-Instruct,W8A8-INT8,bbh_sports_understanding,False,False,,250,acc_norm,0.744,0.744,0.0,0.024,0.024,0.048,1.0,1.0,False,0.03889777702162324,,1.0
51,S2,neuralmagic/Meta-Llama-3.1-8B-Instruct-W8A8-INT8,meta-llama/Meta-Llama-3.1-8B-Instruct,W8A8-INT8,bbh_temporal_sequences,False,False,,250,acc_norm,0.436,0.42,-0.016000000000000014,0.044,0.028,0.072,1.0,0.480682373046875,False,0.047555084427051746,2209,1.0
51,S2,neuralmagic/Meta-Llama-3.1-8B-Instruct-W8A8-INT8,meta-llama/Meta-Llama-3.1-8B-Instruct,W8A8-INT8,bbh_tracking_shuffled_objects_five_objects,False,False,,250,acc_norm,0.244,0.244,0.0,0.028,0.028,0.056,1.0,1.0,False,0.04201440110360463,,1.0
51,S2,neuralmagic/Meta-Llama-3.1-8B-Instruct-W8A8-INT8,meta-llama/Meta-Llama-3.1-8B-Instruct,W8A8-INT8,bbh_tracking_shuffled_objects_seven_objects,False,False,,250,acc_norm,0.252,0.244,-0.008000000000000007,0.028,0.02,0.048,1.0,0.7744140625,False,0.038871836520557604,5903,1.0
51,S2,neuralmagic/Meta-Llama-3.1-8B-Instruct-W8A8-INT8,meta-llama/Meta-Llama-3.1-8B-Instruct,W8A8-INT8,bbh_tracking_shuffled_objects_three_objects,False,False,,250,acc_norm,0.38,0.36,-0.020000000000000018,0.076,0.056,0.132,1.0,0.48685024166479707,False,0.06440685728416073,2593,1.0
51,S2,neuralmagic/Meta-Llama-3.1-8B-Instruct-W8A8-INT8,meta-llama/Meta-Llama-3.1-8B-Instruct,W8A8-INT8,bbh_web_of_lies,False,False,,250,acc_norm,0.468,0.488,0.019999999999999962,0.02,0.04,0.06,1.0,0.30175781249999994,False,0.043343830926515566,1175,1.0
51,S2,neuralmagic/Meta-Llama-3.1-8B-Instruct-W8A8-INT8,meta-llama/Meta-Llama-3.1-8B-Instruct,W8A8-INT8,gpqa_diamond,False,False,,198,acc_norm,0.26262626262626265,0.2878787878787879,0.02525252525252525,0.015151515151515152,0.04040404040404041,0.05555555555555555,1.0,0.2265625,False,0.046776481235487014,680,1.0
51,S2,neuralmagic/Meta-Llama-3.1-8B-Instruct-W8A8-INT8,meta-llama/Meta-Llama-3.1-8B-Instruct,W8A8-INT8,gpqa_extended,False,False,,546,acc_norm,0.29120879120879123,0.29304029304029305,0.001831501831501825,0.027472527472527472,0.029304029304029304,0.056776556776556776,1.0,1.0,True,0.028594155994821718,133087,1.0
51,S2,neuralmagic/Meta-Llama-3.1-8B-Instruct-W8A8-INT8,meta-llama/Meta-Llama-3.1-8B-Instruct,W8A8-INT8,gpqa_main,False,False,,448,acc_norm,0.27901785714285715,0.29017857142857145,0.011160714285714302,0.013392857142857142,0.024553571428571428,0.03794642857142857,1.0,0.332305908203125,False,0.025770423608412755,2389,1.0
51,S2,neuralmagic/Meta-Llama-3.1-8B-Instruct-W8A8-INT8,meta-llama/Meta-Llama-3.1-8B-Instruct,W8A8-INT8,ifeval,False,False,,541,prompt_level_strict_acc,0.7430683918669131,0.7412199630314233,-0.001848428835489746,0.07024029574861368,0.06839186691312385,0.13863216266173753,0.966728280961183,1.0,False,0.04488834615037116,319051,1.0
51,S2,neuralmagic/Meta-Llama-3.1-8B-Instruct-W8A8-INT8,meta-llama/Meta-Llama-3.1-8B-Instruct,W8A8-INT8,math_algebra_hard,False,False,,307,exact_match,0.3322475570032573,0.33876221498371334,0.006514657980456029,0.08794788273615635,0.09446254071661238,0.18241042345276873,0.9869706840390879,0.8938530948350216,False,0.06839390819401894,33837,1.0
51,S2,neuralmagic/Meta-Llama-3.1-8B-Instruct-W8A8-INT8,meta-llama/Meta-Llama-3.1-8B-Instruct,W8A8-INT8,math_counting_and_prob_hard,False,False,,123,exact_match,0.12195121951219512,0.08943089430894309,-0.03252032520325203,0.06504065040650407,0.032520325203252036,0.0975609756097561,0.983739837398374,0.3876953125,False,0.07879437924167754,723,1.0
51,S2,neuralmagic/Meta-Llama-3.1-8B-Instruct-W8A8-INT8,meta-llama/Meta-Llama-3.1-8B-Instruct,W8A8-INT8,math_geometry_hard,False,False,,132,exact_match,0.08333333333333333,0.06060606060606061,-0.02272727272727272,0.045454545454545456,0.022727272727272728,0.06818181818181818,1.0,0.5078125,False,0.06367239132074928,1037,1.0
51,S2,neuralmagic/Meta-Llama-3.1-8B-Instruct-W8A8-INT8,meta-llama/Meta-Llama-3.1-8B-Instruct,W8A8-INT8,math_intermediate_algebra_hard,False,False,,280,exact_match,0.039285714285714285,0.03214285714285714,-0.007142857142857145,0.02857142857142857,0.02142857142857143,0.05,1.0,0.79052734375,False,0.03748564999844174,7712,1.0
51,S2,neuralmagic/Meta-Llama-3.1-8B-Instruct-W8A8-INT8,meta-llama/Meta-Llama-3.1-8B-Instruct,W8A8-INT8,math_num_theory_hard,False,False,,154,exact_match,0.13636363636363635,0.18831168831168832,0.051948051948051965,0.045454545454545456,0.09740259740259741,0.14285714285714285,0.9805194805194806,0.13380050659179688,False,0.08479454392027425,411,1.0
51,S2,neuralmagic/Meta-Llama-3.1-8B-Instruct-W8A8-INT8,meta-llama/Meta-Llama-3.1-8B-Instruct,W8A8-INT8,math_prealgebra_hard,False,False,,193,exact_match,0.3471502590673575,0.3471502590673575,0.0,0.10362694300518134,0.10362694300518134,0.20725388601036268,0.9689119170984456,1.0,False,0.09204592450272649,,1.0
51,S2,neuralmagic/Meta-Llama-3.1-8B-Instruct-W8A8-INT8,meta-llama/Meta-Llama-3.1-8B-Instruct,W8A8-INT8,math_precalculus_hard,False,False,,135,exact_match,0.037037037037037035,0.02962962962962963,-0.007407407407407404,0.014814814814814815,0.007407407407407408,0.022222222222222223,0.9925925925925926,1.0,False,0.03603365799069445,3195,1.0
51,S2,neuralmagic/Meta-Llama-3.1-8B-Instruct-W8A8-INT8,meta-llama/Meta-Llama-3.1-8B-Instruct,W8A8-INT8,mmlu_pro,False,False,,12032,acc,0.37691156914893614,0.3776595744680851,0.000748005319148981,0.030418882978723406,0.03116688829787234,0.061585771276595744,0.9999168882978723,0.7688671138046396,True,0.006338568578910057,863995,1.0
51,S2,neuralmagic/Meta-Llama-3.1-8B-Instruct-W8A8-INT8,meta-llama/Meta-Llama-3.1-8B-Instruct,W8A8-INT8,musr_murder_mysteries,False,False,,250,acc_norm,0.556,0.556,0.0,0.028,0.028,0.056,1.0,1.0,False,0.04201440110360463,,1.0
51,S2,neuralmagic/Meta-Llama-3.1-8B-Instruct-W8A8-INT8,meta-llama/Meta-Llama-3.1-8B-Instruct,W8A8-INT8,musr_object_placements,False,False,,256,acc_norm,0.29296875,0.29296875,0.0,0.015625,0.015625,0.03125,1.0,1.0,True,0.031014069653374242,,1.0
51,S2,neuralmagic/Meta-Llama-3.1-8B-Instruct-W8A8-INT8,meta-llama/Meta-Llama-3.1-8B-Instruct,W8A8-INT8,musr_team_allocation,False,False,,250,acc_norm,0.296,0.3,0.0040000000000000036,0.028,0.032,0.06,1.0,1.0,False,0.04348323787212907,29544,1.0
52,S2,neuralmagic/Meta-Llama-3.1-8B-Instruct-W8A8-FP8,meta-llama/Meta-Llama-3.1-8B-Instruct,W8A8-FP8,bbh_boolean_expressions,False,False,,250,acc_norm,0.832,0.824,-0.008000000000000007,0.02,0.012,0.032,1.0,0.7265625,False,0.0317281261460498,3933,1.0
52,S2,neuralmagic/Meta-Llama-3.1-8B-Instruct-W8A8-FP8,meta-llama/Meta-Llama-3.1-8B-Instruct,W8A8-FP8,bbh_causal_judgement,False,False,,187,acc_norm,0.5828877005347594,0.5721925133689839,-0.010695187165775444,0.03208556149732621,0.0213903743315508,0.053475935828877004,1.0,0.75390625,False,0.04745277102917915,3682,1.0
52,S2,neuralmagic/Meta-Llama-3.1-8B-Instruct-W8A8-FP8,meta-llama/Meta-Llama-3.1-8B-Instruct,W8A8-FP8,bbh_date_understanding,False,False,,250,acc_norm,0.496,0.5,0.0040000000000000036,0.02,0.024,0.044,1.0,1.0,False,0.03723501430243921,21664,1.0
52,S2,neuralmagic/Meta-Llama-3.1-8B-Instruct-W8A8-FP8,meta-llama/Meta-Llama-3.1-8B-Instruct,W8A8-FP8,bbh_disambiguation_qa,False,False,,250,acc_norm,0.568,0.588,0.020000000000000018,0.032,0.052,0.084,1.0,0.38331031799316406,False,0.0513342595933586,1648,1.0
52,S2,neuralmagic/Meta-Llama-3.1-8B-Instruct-W8A8-FP8,meta-llama/Meta-Llama-3.1-8B-Instruct,W8A8-FP8,bbh_formal_fallacies,False,False,,250,acc_norm,0.536,0.552,0.016000000000000014,0.024,0.04,0.064,1.0,0.454498291015625,False,0.0448253634898075,1963,1.0
52,S2,neuralmagic/Meta-Llama-3.1-8B-Instruct-W8A8-FP8,meta-llama/Meta-Llama-3.1-8B-Instruct,W8A8-FP8,bbh_geometric_shapes,False,False,,250,acc_norm,0.276,0.312,0.035999999999999976,0.024,0.06,0.084,1.0,0.0783538818359375,False,0.05105842584331028,503,1.0
52,S2,neuralmagic/Meta-Llama-3.1-8B-Instruct-W8A8-FP8,meta-llama/Meta-Llama-3.1-8B-Instruct,W8A8-FP8,bbh_hyperbaton,False,False,,250,acc_norm,0.66,0.664,0.0040000000000000036,0.056,0.06,0.116,1.0,1.0,False,0.060464881343956466,57126,1.0
52,S2,neuralmagic/Meta-Llama-3.1-8B-Instruct-W8A8-FP8,meta-llama/Meta-Llama-3.1-8B-Instruct,W8A8-FP8,bbh_logical_deduction_five_objects,False,False,,250,acc_norm,0.384,0.4,0.016000000000000014,0.016,0.032,0.048,1.0,0.3876953125,False,0.03879391094298253,1470,1.0
52,S2,neuralmagic/Meta-Llama-3.1-8B-Instruct-W8A8-FP8,meta-llama/Meta-Llama-3.1-8B-Instruct,W8A8-FP8,bbh_logical_deduction_seven_objects,False,False,,250,acc_norm,0.396,0.4,0.0040000000000000036,0.028,0.032,0.06,1.0,1.0,False,0.04348323787212907,29544,1.0
52,S2,neuralmagic/Meta-Llama-3.1-8B-Instruct-W8A8-FP8,meta-llama/Meta-Llama-3.1-8B-Instruct,W8A8-FP8,bbh_logical_deduction_three_objects,False,False,,250,acc_norm,0.62,0.612,-0.008000000000000007,0.056,0.048,0.104,1.0,0.8450189828872681,False,0.05723835754610302,12798,1.0
52,S2,neuralmagic/Meta-Llama-3.1-8B-Instruct-W8A8-FP8,meta-llama/Meta-Llama-3.1-8B-Instruct,W8A8-FP8,bbh_movie_recommendation,False,False,,250,acc_norm,0.512,0.488,-0.02400000000000002,0.036,0.012,0.048,1.0,0.14599609375,False,0.03866368596677293,649,1.0
52,S2,neuralmagic/Meta-Llama-3.1-8B-Instruct-W8A8-FP8,meta-llama/Meta-Llama-3.1-8B-Instruct,W8A8-FP8,bbh_navigate,False,False,,250,acc_norm,0.596,0.572,-0.02400000000000002,0.048,0.024,0.072,1.0,0.237884521484375,False,0.04744891085313965,978,1.0
52,S2,neuralmagic/Meta-Llama-3.1-8B-Instruct-W8A8-FP8,meta-llama/Meta-Llama-3.1-8B-Instruct,W8A8-FP8,bbh_object_counting,False,False,,250,acc_norm,0.328,0.32,-0.008000000000000007,0.02,0.012,0.032,1.0,0.7265625,False,0.0317281261460498,3933,1.0
52,S2,neuralmagic/Meta-Llama-3.1-8B-Instruct-W8A8-FP8,meta-llama/Meta-Llama-3.1-8B-Instruct,W8A8-FP8,bbh_penguins_in_a_table,False,False,,146,acc_norm,0.4589041095890411,0.4794520547945205,0.020547945205479423,0.0273972602739726,0.04794520547945205,0.07534246575342465,1.0,0.548828125,False,0.06368240236949631,1403,1.0
52,S2,neuralmagic/Meta-Llama-3.1-8B-Instruct-W8A8-FP8,meta-llama/Meta-Llama-3.1-8B-Instruct,W8A8-FP8,bbh_reasoning_about_colored_objects,False,False,,250,acc_norm,0.66,0.668,0.008000000000000007,0.02,0.028,0.048,1.0,0.7744140625,False,0.0388718365205576,5903,1.0
52,S2,neuralmagic/Meta-Llama-3.1-8B-Instruct-W8A8-FP8,meta-llama/Meta-Llama-3.1-8B-Instruct,W8A8-FP8,bbh_ruin_names,False,False,,250,acc_norm,0.624,0.572,-0.052000000000000046,0.06,0.008,0.068,1.0,0.002349853515625,False,0.04536777208008207,191,1.0
52,S2,neuralmagic/Meta-Llama-3.1-8B-Instruct-W8A8-FP8,meta-llama/Meta-Llama-3.1-8B-Instruct,W8A8-FP8,bbh_salient_translation_error_detection,False,False,,250,acc_norm,0.532,0.524,-0.008000000000000007,0.036,0.028,0.064,1.0,0.803619384765625,False,0.044892820809370654,7873,1.0
52,S2,neuralmagic/Meta-Llama-3.1-8B-Instruct-W8A8-FP8,meta-llama/Meta-Llama-3.1-8B-Instruct,W8A8-FP8,bbh_snarks,False,False,,178,acc_norm,0.6292134831460674,0.6292134831460674,0.0,0.033707865168539325,0.033707865168539325,0.06741573033707865,1.0,1.0,False,0.05467613737132206,,1.0
52,S2,neuralmagic/Meta-Llama-3.1-8B-Instruct-W8A8-FP8,meta-llama/Meta-Llama-3.1-8B-Instruct,W8A8-FP8,bbh_sports_understanding,False,False,,250,acc_norm,0.744,0.736,-0.008000000000000007,0.028,0.02,0.048,1.0,0.7744140625,False,0.038871836520557604,5903,1.0
52,S2,neuralmagic/Meta-Llama-3.1-8B-Instruct-W8A8-FP8,meta-llama/Meta-Llama-3.1-8B-Instruct,W8A8-FP8,bbh_temporal_sequences,False,False,,250,acc_norm,0.436,0.416,-0.020000000000000018,0.052,0.032,0.084,1.0,0.38331031799316406,False,0.051334259593358585,1648,1.0
52,S2,neuralmagic/Meta-Llama-3.1-8B-Instruct-W8A8-FP8,meta-llama/Meta-Llama-3.1-8B-Instruct,W8A8-FP8,bbh_tracking_shuffled_objects_five_objects,False,False,,250,acc_norm,0.244,0.236,-0.008000000000000007,0.04,0.032,0.072,1.0,0.8145294189453125,False,0.04761867494054109,8858,1.0
52,S2,neuralmagic/Meta-Llama-3.1-8B-Instruct-W8A8-FP8,meta-llama/Meta-Llama-3.1-8B-Instruct,W8A8-FP8,bbh_tracking_shuffled_objects_seven_objects,False,False,,250,acc_norm,0.252,0.224,-0.027999999999999997,0.044,0.016,0.06,1.0,0.11846923828124999,False,0.04320397415665111,596,1.0
52,S2,neuralmagic/Meta-Llama-3.1-8B-Instruct-W8A8-FP8,meta-llama/Meta-Llama-3.1-8B-Instruct,W8A8-FP8,bbh_tracking_shuffled_objects_three_objects,False,False,,250,acc_norm,0.38,0.388,0.008000000000000007,0.036,0.044,0.08,1.0,0.8238029479980469,False,0.05019672345844467,9843,1.0
52,S2,neuralmagic/Meta-Llama-3.1-8B-Instruct-W8A8-FP8,meta-llama/Meta-Llama-3.1-8B-Instruct,W8A8-FP8,bbh_web_of_lies,False,False,,250,acc_norm,0.468,0.484,0.01599999999999996,0.024,0.04,0.064,1.0,0.454498291015625,False,0.0448253634898075,1963,1.0
52,S2,neuralmagic/Meta-Llama-3.1-8B-Instruct-W8A8-FP8,meta-llama/Meta-Llama-3.1-8B-Instruct,W8A8-FP8,gpqa_diamond,False,False,,198,acc_norm,0.26262626262626265,0.2878787878787879,0.02525252525252525,0.015151515151515152,0.04040404040404041,0.05555555555555555,1.0,0.2265625,False,0.046776481235487014,680,1.0
52,S2,neuralmagic/Meta-Llama-3.1-8B-Instruct-W8A8-FP8,meta-llama/Meta-Llama-3.1-8B-Instruct,W8A8-FP8,gpqa_extended,False,False,,546,acc_norm,0.29120879120879123,0.2967032967032967,0.005494505494505475,0.016483516483516484,0.02197802197802198,0.038461538461538464,1.0,0.6636238098144531,True,0.023526016647458122,10010,1.0
52,S2,neuralmagic/Meta-Llama-3.1-8B-Instruct-W8A8-FP8,meta-llama/Meta-Llama-3.1-8B-Instruct,W8A8-FP8,gpqa_main,False,False,,448,acc_norm,0.27901785714285715,0.29464285714285715,0.015625,0.017857142857142856,0.033482142857142856,0.05133928571428571,1.0,0.21003961563110352,False,0.029952970176674382,1647,1.0
52,S2,neuralmagic/Meta-Llama-3.1-8B-Instruct-W8A8-FP8,meta-llama/Meta-Llama-3.1-8B-Instruct,W8A8-FP8,ifeval,False,False,,541,prompt_level_strict_acc,0.7430683918669131,0.7338262476894639,-0.009242144177449174,0.059149722735674676,0.04990757855822551,0.10905730129390019,0.966728280961183,0.6029232012571504,False,0.03979826937543099,10032,1.0
52,S2,neuralmagic/Meta-Llama-3.1-8B-Instruct-W8A8-FP8,meta-llama/Meta-Llama-3.1-8B-Instruct,W8A8-FP8,math_algebra_hard,False,False,,307,exact_match,0.3322475570032573,0.31921824104234525,-0.013029315960912058,0.08143322475570032,0.06840390879478828,0.1498371335504886,0.9446254071661238,0.6587380770236564,False,0.06195932650213438,6943,1.0
52,S2,neuralmagic/Meta-Llama-3.1-8B-Instruct-W8A8-FP8,meta-llama/Meta-Llama-3.1-8B-Instruct,W8A8-FP8,math_counting_and_prob_hard,False,False,,123,exact_match,0.12195121951219512,0.12195121951219512,0.0,0.08130081300813008,0.08130081300813008,0.16260162601626016,0.983739837398374,1.0,False,0.10227897429921086,,1.0
52,S2,neuralmagic/Meta-Llama-3.1-8B-Instruct-W8A8-FP8,meta-llama/Meta-Llama-3.1-8B-Instruct,W8A8-FP8,math_geometry_hard,False,False,,132,exact_match,0.08333333333333333,0.08333333333333333,0.0,0.06060606060606061,0.06060606060606061,0.12121212121212122,0.9848484848484849,1.0,False,0.08521993825315995,,1.0
52,S2,neuralmagic/Meta-Llama-3.1-8B-Instruct-W8A8-FP8,meta-llama/Meta-Llama-3.1-8B-Instruct,W8A8-FP8,math_intermediate_algebra_hard,False,False,,280,exact_match,0.039285714285714285,0.04285714285714286,0.0035714285714285726,0.02142857142857143,0.025,0.04642857142857143,1.0,1.0,False,0.0361355552286039,28665,1.0
52,S2,neuralmagic/Meta-Llama-3.1-8B-Instruct-W8A8-FP8,meta-llama/Meta-Llama-3.1-8B-Instruct,W8A8-FP8,math_num_theory_hard,False,False,,154,exact_match,0.13636363636363635,0.16233766233766234,0.025974025974025983,0.07142857142857142,0.09740259740259741,0.16883116883116883,1.0,0.557197093963623,False,0.09287845359140051,1970,1.0
52,S2,neuralmagic/Meta-Llama-3.1-8B-Instruct-W8A8-FP8,meta-llama/Meta-Llama-3.1-8B-Instruct,W8A8-FP8,math_prealgebra_hard,False,False,,193,exact_match,0.3471502590673575,0.36787564766839376,0.020725388601036232,0.06735751295336788,0.08808290155440414,0.15544041450777202,0.9430051813471503,0.5846647117286922,False,0.07960389234647985,2848,1.0
52,S2,neuralmagic/Meta-Llama-3.1-8B-Instruct-W8A8-FP8,meta-llama/Meta-Llama-3.1-8B-Instruct,W8A8-FP8,math_precalculus_hard,False,False,,135,exact_match,0.037037037037037035,0.05925925925925926,0.022222222222222227,0.014814814814814815,0.037037037037037035,0.05185185185185185,0.9851851851851852,0.453125,False,0.05484734304209833,823,1.0
52,S2,neuralmagic/Meta-Llama-3.1-8B-Instruct-W8A8-FP8,meta-llama/Meta-Llama-3.1-8B-Instruct,W8A8-FP8,mmlu_pro,False,False,,12032,acc,0.37691156914893614,0.3806515957446808,0.003740026595744683,0.024850398936170214,0.028590425531914893,0.0534408244680851,1.0,0.08262693905053069,True,0.005903814514098301,29982,1.0
52,S2,neuralmagic/Meta-Llama-3.1-8B-Instruct-W8A8-FP8,meta-llama/Meta-Llama-3.1-8B-Instruct,W8A8-FP8,musr_murder_mysteries,False,False,,250,acc_norm,0.556,0.56,0.0040000000000000036,0.02,0.024,0.044,1.0,1.0,False,0.037235014302439216,21664,1.0
52,S2,neuralmagic/Meta-Llama-3.1-8B-Instruct-W8A8-FP8,meta-llama/Meta-Llama-3.1-8B-Instruct,W8A8-FP8,musr_object_placements,False,False,,256,acc_norm,0.29296875,0.28125,-0.01171875,0.0234375,0.01171875,0.03515625,1.0,0.5078125,False,0.032831076774761346,2010,1.0
52,S2,neuralmagic/Meta-Llama-3.1-8B-Instruct-W8A8-FP8,meta-llama/Meta-Llama-3.1-8B-Instruct,W8A8-FP8,musr_team_allocation,False,False,,250,acc_norm,0.296,0.336,0.040000000000000036,0.008,0.048,0.056,1.0,0.012939453125,False,0.04140984582826219,268,1.0
53,S2,neuralmagic/Meta-Llama-3.1-70B-Instruct-W4A16,meta-llama/Meta-Llama-3.1-70B-Instruct,W4A16,bbh_boolean_expressions,False,False,,250,acc_norm,0.916,0.924,0.008000000000000007,0.008,0.016,0.024,1.0,0.6875,False,0.0274681842477619,2948,1.0
53,S2,neuralmagic/Meta-Llama-3.1-70B-Instruct-W4A16,meta-llama/Meta-Llama-3.1-70B-Instruct,W4A16,bbh_causal_judgement,False,False,,187,acc_norm,0.6577540106951871,0.6631016042780749,0.005347593582887722,0.016042780748663103,0.0213903743315508,0.0374331550802139,1.0,1.0,False,0.03972918267323907,10322,1.0
53,S2,neuralmagic/Meta-Llama-3.1-70B-Instruct-W4A16,meta-llama/Meta-Llama-3.1-70B-Instruct,W4A16,bbh_date_understanding,False,False,,250,acc_norm,0.7,0.676,-0.02399999999999991,0.04,0.016,0.056,1.0,0.1795654296875,False,0.04179776854579545,759,1.0
53,S2,neuralmagic/Meta-Llama-3.1-70B-Instruct-W4A16,meta-llama/Meta-Llama-3.1-70B-Instruct,W4A16,bbh_disambiguation_qa,False,False,,250,acc_norm,0.74,0.748,0.008000000000000007,0.02,0.028,0.048,1.0,0.7744140625,False,0.038871836520557604,5903,1.0
53,S2,neuralmagic/Meta-Llama-3.1-70B-Instruct-W4A16,meta-llama/Meta-Llama-3.1-70B-Instruct,W4A16,bbh_formal_fallacies,False,False,,250,acc_norm,0.812,0.788,-0.02400000000000002,0.036,0.012,0.048,1.0,0.14599609375,False,0.03866368596677293,649,1.0
53,S2,neuralmagic/Meta-Llama-3.1-70B-Instruct-W4A16,meta-llama/Meta-Llama-3.1-70B-Instruct,W4A16,bbh_geometric_shapes,False,False,,250,acc_norm,0.408,0.356,-0.05199999999999999,0.056,0.004,0.06,1.0,0.0009765625,False,0.04249778700873282,167,1.0
53,S2,neuralmagic/Meta-Llama-3.1-70B-Instruct-W4A16,meta-llama/Meta-Llama-3.1-70B-Instruct,W4A16,bbh_hyperbaton,False,False,,250,acc_norm,0.732,0.704,-0.028000000000000025,0.064,0.036,0.1,1.0,0.2295229434967041,False,0.05592358712816841,998,1.0
53,S2,neuralmagic/Meta-Llama-3.1-70B-Instruct-W4A16,meta-llama/Meta-Llama-3.1-70B-Instruct,W4A16,bbh_logical_deduction_five_objects,False,False,,250,acc_norm,0.632,0.628,-0.0040000000000000036,0.028,0.024,0.052,1.0,1.0,False,0.04047986083194341,25604,1.0
53,S2,neuralmagic/Meta-Llama-3.1-70B-Instruct-W4A16,meta-llama/Meta-Llama-3.1-70B-Instruct,W4A16,bbh_logical_deduction_seven_objects,False,False,,250,acc_norm,0.588,0.612,0.02400000000000002,0.016,0.04,0.056,1.0,0.1795654296875,False,0.04179776854579545,759,1.0
53,S2,neuralmagic/Meta-Llama-3.1-70B-Instruct-W4A16,meta-llama/Meta-Llama-3.1-70B-Instruct,W4A16,bbh_logical_deduction_three_objects,False,False,,250,acc_norm,0.924,0.924,0.0,0.012,0.012,0.024,1.0,1.0,True,0.027504881905072064,,1.0
53,S2,neuralmagic/Meta-Llama-3.1-70B-Instruct-W4A16,meta-llama/Meta-Llama-3.1-70B-Instruct,W4A16,bbh_movie_recommendation,False,False,,250,acc_norm,0.78,0.764,-0.016000000000000014,0.02,0.004,0.024,1.0,0.21875,False,0.027357795920726135,731,1.0
53,S2,neuralmagic/Meta-Llama-3.1-70B-Instruct-W4A16,meta-llama/Meta-Llama-3.1-70B-Instruct,W4A16,bbh_navigate,False,False,,250,acc_norm,0.704,0.716,0.01200000000000001,0.016,0.028,0.044,1.0,0.548828125,False,0.037180795104689766,2401,1.0
53,S2,neuralmagic/Meta-Llama-3.1-70B-Instruct-W4A16,meta-llama/Meta-Llama-3.1-70B-Instruct,W4A16,bbh_object_counting,False,False,,250,acc_norm,0.572,0.648,0.07600000000000007,0.016,0.092,0.108,1.0,0.000310748815536499,False,0.05676499437330379,140,1.0
53,S2,neuralmagic/Meta-Llama-3.1-70B-Instruct-W4A16,meta-llama/Meta-Llama-3.1-70B-Instruct,W4A16,bbh_penguins_in_a_table,False,False,,146,acc_norm,0.684931506849315,0.684931506849315,0.0,0.02054794520547945,0.02054794520547945,0.0410958904109589,1.0,1.0,False,0.04716491254367443,,1.0
53,S2,neuralmagic/Meta-Llama-3.1-70B-Instruct-W4A16,meta-llama/Meta-Llama-3.1-70B-Instruct,W4A16,bbh_reasoning_about_colored_objects,False,False,,250,acc_norm,0.856,0.848,-0.008000000000000007,0.024,0.016,0.04,1.0,0.75390625,False,0.03548023156083261,4918,1.0
53,S2,neuralmagic/Meta-Llama-3.1-70B-Instruct-W4A16,meta-llama/Meta-Llama-3.1-70B-Instruct,W4A16,bbh_ruin_names,False,False,,250,acc_norm,0.884,0.888,0.0040000000000000036,0.012,0.016,0.028,1.0,1.0,False,0.029700178524068598,13783,1.0
53,S2,neuralmagic/Meta-Llama-3.1-70B-Instruct-W4A16,meta-llama/Meta-Llama-3.1-70B-Instruct,W4A16,bbh_salient_translation_error_detection,False,False,,250,acc_norm,0.68,0.676,-0.0040000000000000036,0.036,0.032,0.068,1.0,1.0,False,0.04629216800620612,33484,1.0
53,S2,neuralmagic/Meta-Llama-3.1-70B-Instruct-W4A16,meta-llama/Meta-Llama-3.1-70B-Instruct,W4A16,bbh_snarks,False,False,,178,acc_norm,0.7359550561797753,0.7359550561797753,0.0,0.016853932584269662,0.016853932584269662,0.033707865168539325,1.0,1.0,False,0.03866186750434905,,1.0
53,S2,neuralmagic/Meta-Llama-3.1-70B-Instruct-W4A16,meta-llama/Meta-Llama-3.1-70B-Instruct,W4A16,bbh_sports_understanding,False,False,,250,acc_norm,0.92,0.896,-0.02400000000000002,0.04,0.016,0.056,1.0,0.1795654296875,False,0.04179776854579545,759,1.0
53,S2,neuralmagic/Meta-Llama-3.1-70B-Instruct-W4A16,meta-llama/Meta-Llama-3.1-70B-Instruct,W4A16,bbh_temporal_sequences,False,False,,250,acc_norm,1.0,1.0,0.0,0.0,0.0,0.0,1.0,1.0,True,0.0,,1.0
53,S2,neuralmagic/Meta-Llama-3.1-70B-Instruct-W4A16,meta-llama/Meta-Llama-3.1-70B-Instruct,W4A16,bbh_tracking_shuffled_objects_five_objects,False,False,,250,acc_norm,0.352,0.316,-0.035999999999999976,0.052,0.016,0.068,1.0,0.049041748046875,False,0.04585430365685982,406,1.0
53,S2,neuralmagic/Meta-Llama-3.1-70B-Instruct-W4A16,meta-llama/Meta-Llama-3.1-70B-Instruct,W4A16,bbh_tracking_shuffled_objects_seven_objects,False,False,,250,acc_norm,0.372,0.34,-0.03199999999999997,0.032,0.0,0.032,1.0,0.0078125,False,0.031247611870272106,239,1.0
53,S2,neuralmagic/Meta-Llama-3.1-70B-Instruct-W4A16,meta-llama/Meta-Llama-3.1-70B-Instruct,W4A16,bbh_tracking_shuffled_objects_three_objects,False,False,,250,acc_norm,0.34,0.336,-0.0040000000000000036,0.032,0.028,0.06,1.0,1.0,False,0.04348323787212907,29544,1.0
53,S2,neuralmagic/Meta-Llama-3.1-70B-Instruct-W4A16,meta-llama/Meta-Llama-3.1-70B-Instruct,W4A16,bbh_web_of_lies,False,False,,250,acc_norm,0.604,0.604,0.0,0.036,0.036,0.072,1.0,1.0,False,0.04763985291576665,,1.0
53,S2,neuralmagic/Meta-Llama-3.1-70B-Instruct-W4A16,meta-llama/Meta-Llama-3.1-70B-Instruct,W4A16,gpqa_diamond,False,False,,198,acc_norm,0.3787878787878788,0.3434343434343434,-0.03535353535353536,0.050505050505050504,0.015151515151515152,0.06565656565656566,1.0,0.09228515625,False,0.050656621926773386,407,1.0
53,S2,neuralmagic/Meta-Llama-3.1-70B-Instruct-W4A16,meta-llama/Meta-Llama-3.1-70B-Instruct,W4A16,gpqa_extended,False,False,,546,acc_norm,0.3717948717948718,0.36996336996337,-0.001831501831501825,0.03296703296703297,0.031135531135531136,0.0641025641025641,1.0,1.0,True,0.030383088851023872,150260,1.0
53,S2,neuralmagic/Meta-Llama-3.1-70B-Instruct-W4A16,meta-llama/Meta-Llama-3.1-70B-Instruct,W4A16,gpqa_main,False,False,,448,acc_norm,0.34598214285714285,0.3482142857142857,0.002232142857142849,0.017857142857142856,0.020089285714285716,0.03794642857142857,1.0,1.0,True,0.025811129844564396,59903,1.0
53,S2,neuralmagic/Meta-Llama-3.1-70B-Instruct-W4A16,meta-llama/Meta-Llama-3.1-70B-Instruct,W4A16,ifeval,False,False,,541,prompt_level_strict_acc,0.8373382624768947,0.8299445471349353,-0.007393715341959428,0.033271719038817,0.025878003696857672,0.059149722735674676,0.9722735674676525,0.5966148958541453,False,0.029307753529649126,8501,1.0
53,S2,neuralmagic/Meta-Llama-3.1-70B-Instruct-W4A16,meta-llama/Meta-Llama-3.1-70B-Instruct,W4A16,math_algebra_hard,False,False,,307,exact_match,0.4820846905537459,0.4820846905537459,0.0,0.08143322475570032,0.08143322475570032,0.16286644951140064,0.9185667752442996,1.0,False,0.06463368814875513,,1.0
53,S2,neuralmagic/Meta-Llama-3.1-70B-Instruct-W4A16,meta-llama/Meta-Llama-3.1-70B-Instruct,W4A16,math_counting_and_prob_hard,False,False,,123,exact_match,0.2032520325203252,0.1951219512195122,-0.008130081300812997,0.07317073170731707,0.06504065040650407,0.13821138211382114,0.959349593495935,1.0,False,0.09427400416742795,16539,1.0
53,S2,neuralmagic/Meta-Llama-3.1-70B-Instruct-W4A16,meta-llama/Meta-Llama-3.1-70B-Instruct,W4A16,math_geometry_hard,False,False,,132,exact_match,0.16666666666666666,0.12878787878787878,-0.03787878787878787,0.07575757575757576,0.03787878787878788,0.11363636363636363,0.9848484848484849,0.30175781249999994,False,0.08199127484798714,619,1.0
53,S2,neuralmagic/Meta-Llama-3.1-70B-Instruct-W4A16,meta-llama/Meta-Llama-3.1-70B-Instruct,W4A16,math_intermediate_algebra_hard,False,False,,280,exact_match,0.07857142857142857,0.07142857142857142,-0.007142857142857145,0.05,0.04285714285714286,0.09285714285714286,0.9928571428571429,0.8450189828872681,False,0.05109637017995936,14329,1.0
53,S2,neuralmagic/Meta-Llama-3.1-70B-Instruct-W4A16,meta-llama/Meta-Llama-3.1-70B-Instruct,W4A16,math_num_theory_hard,False,False,,154,exact_match,0.34415584415584416,0.2662337662337662,-0.07792207792207795,0.14935064935064934,0.07142857142857142,0.22077922077922077,0.9805194805194806,0.05761267291381955,False,0.10494979595110294,280,1.0
53,S2,neuralmagic/Meta-Llama-3.1-70B-Instruct-W4A16,meta-llama/Meta-Llama-3.1-70B-Instruct,W4A16,math_prealgebra_hard,False,False,,193,exact_match,0.46113989637305697,0.46632124352331605,0.005181347150259086,0.09326424870466321,0.09844559585492228,0.19170984455958548,0.927461139896373,1.0,False,0.08852073674196728,56333,1.0
53,S2,neuralmagic/Meta-Llama-3.1-70B-Instruct-W4A16,meta-llama/Meta-Llama-3.1-70B-Instruct,W4A16,math_precalculus_hard,False,False,,135,exact_match,0.08888888888888889,0.0962962962962963,0.007407407407407404,0.037037037037037035,0.044444444444444446,0.08148148148148149,0.9777777777777777,1.0,False,0.06906127947094888,11735,1.0
53,S2,neuralmagic/Meta-Llama-3.1-70B-Instruct-W4A16,meta-llama/Meta-Llama-3.1-70B-Instruct,W4A16,mmlu_pro,False,False,,12032,acc,0.5330784574468085,0.5252659574468085,-0.0078125,0.033410904255319146,0.02559840425531915,0.0590093085106383,1.0,0.0004743515970555948,True,0.006201382484440202,7582,1.0
53,S2,neuralmagic/Meta-Llama-3.1-70B-Instruct-W4A16,meta-llama/Meta-Llama-3.1-70B-Instruct,W4A16,musr_murder_mysteries,False,False,,250,acc_norm,0.564,0.564,0.0,0.02,0.02,0.04,1.0,1.0,False,0.03550864985258194,,1.0
53,S2,neuralmagic/Meta-Llama-3.1-70B-Instruct-W4A16,meta-llama/Meta-Llama-3.1-70B-Instruct,W4A16,musr_object_placements,False,False,,256,acc_norm,0.2421875,0.25390625,0.01171875,0.01171875,0.0234375,0.03515625,1.0,0.5078125,False,0.032831076774761346,2010,1.0
53,S2,neuralmagic/Meta-Llama-3.1-70B-Instruct-W4A16,meta-llama/Meta-Llama-3.1-70B-Instruct,W4A16,musr_team_allocation,False,False,,250,acc_norm,0.576,0.548,-0.027999999999999914,0.04,0.012,0.052,1.0,0.09228515625,False,0.04017972797391644,515,1.0
54,S2,neuralmagic/Meta-Llama-3.1-70B-Instruct-W8A8-INT8,meta-llama/Meta-Llama-3.1-70B-Instruct,W8A8-INT8,bbh_boolean_expressions,False,False,,250,acc_norm,0.916,0.912,-0.0040000000000000036,0.008,0.004,0.012,1.0,1.0,True,0.019435918260278802,5903,1.0
54,S2,neuralmagic/Meta-Llama-3.1-70B-Instruct-W8A8-INT8,meta-llama/Meta-Llama-3.1-70B-Instruct,W8A8-INT8,bbh_causal_judgement,False,False,,187,acc_norm,0.6577540106951871,0.6524064171122995,-0.005347593582887611,0.026737967914438502,0.0213903743315508,0.0481283422459893,1.0,1.0,False,0.04505248537741421,13273,1.0
54,S2,neuralmagic/Meta-Llama-3.1-70B-Instruct-W8A8-INT8,meta-llama/Meta-Llama-3.1-70B-Instruct,W8A8-INT8,bbh_date_understanding,False,False,,250,acc_norm,0.7,0.696,-0.0040000000000000036,0.028,0.024,0.052,1.0,1.0,False,0.04047986083194341,25604,1.0
54,S2,neuralmagic/Meta-Llama-3.1-70B-Instruct-W8A8-INT8,meta-llama/Meta-Llama-3.1-70B-Instruct,W8A8-INT8,bbh_disambiguation_qa,False,False,,250,acc_norm,0.74,0.752,0.01200000000000001,0.024,0.036,0.06,1.0,0.6072387695312499,False,0.04343681860309557,3276,1.0
54,S2,neuralmagic/Meta-Llama-3.1-70B-Instruct-W8A8-INT8,meta-llama/Meta-Llama-3.1-70B-Instruct,W8A8-INT8,bbh_formal_fallacies,False,False,,250,acc_norm,0.812,0.788,-0.02400000000000002,0.032,0.008,0.04,1.0,0.109375,False,0.03525206050242426,540,1.0
54,S2,neuralmagic/Meta-Llama-3.1-70B-Instruct-W8A8-INT8,meta-llama/Meta-Llama-3.1-70B-Instruct,W8A8-INT8,bbh_geometric_shapes,False,False,,250,acc_norm,0.408,0.36,-0.04799999999999999,0.064,0.016,0.08,1.0,0.01181793212890625,False,0.049488409248628976,266,1.0
54,S2,neuralmagic/Meta-Llama-3.1-70B-Instruct-W8A8-INT8,meta-llama/Meta-Llama-3.1-70B-Instruct,W8A8-INT8,bbh_hyperbaton,False,False,,250,acc_norm,0.732,0.748,0.016000000000000014,0.032,0.048,0.08,1.0,0.5034446716308594,False,0.0501364029197815,2455,1.0
54,S2,neuralmagic/Meta-Llama-3.1-70B-Instruct-W8A8-INT8,meta-llama/Meta-Llama-3.1-70B-Instruct,W8A8-INT8,bbh_logical_deduction_five_objects,False,False,,250,acc_norm,0.632,0.604,-0.028000000000000025,0.036,0.008,0.044,1.0,0.0654296875,False,0.036908504401929776,435,1.0
54,S2,neuralmagic/Meta-Llama-3.1-70B-Instruct-W8A8-INT8,meta-llama/Meta-Llama-3.1-70B-Instruct,W8A8-INT8,bbh_logical_deduction_seven_objects,False,False,,250,acc_norm,0.588,0.592,0.0040000000000000036,0.032,0.036,0.068,1.0,1.0,False,0.04629216800620612,33484,1.0
54,S2,neuralmagic/Meta-Llama-3.1-70B-Instruct-W8A8-INT8,meta-llama/Meta-Llama-3.1-70B-Instruct,W8A8-INT8,bbh_logical_deduction_three_objects,False,False,,250,acc_norm,0.924,0.928,0.0040000000000000036,0.012,0.016,0.028,1.0,1.0,False,0.029700178524068598,13783,1.0
54,S2,neuralmagic/Meta-Llama-3.1-70B-Instruct-W8A8-INT8,meta-llama/Meta-Llama-3.1-70B-Instruct,W8A8-INT8,bbh_movie_recommendation,False,False,,250,acc_norm,0.78,0.736,-0.04400000000000004,0.044,0.0,0.044,1.0,0.0009765625,False,0.03641325044285248,172,1.0
54,S2,neuralmagic/Meta-Llama-3.1-70B-Instruct-W8A8-INT8,meta-llama/Meta-Llama-3.1-70B-Instruct,W8A8-INT8,bbh_navigate,False,False,,250,acc_norm,0.704,0.712,0.008000000000000007,0.016,0.024,0.04,1.0,0.75390625,False,0.035480231560832604,4918,1.0
54,S2,neuralmagic/Meta-Llama-3.1-70B-Instruct-W8A8-INT8,meta-llama/Meta-Llama-3.1-70B-Instruct,W8A8-INT8,bbh_object_counting,False,False,,250,acc_norm,0.572,0.572,0.0,0.028,0.028,0.056,1.0,1.0,False,0.04201440110360463,,1.0
54,S2,neuralmagic/Meta-Llama-3.1-70B-Instruct-W8A8-INT8,meta-llama/Meta-Llama-3.1-70B-Instruct,W8A8-INT8,bbh_penguins_in_a_table,False,False,,146,acc_norm,0.684931506849315,0.6712328767123288,-0.013698630136986245,0.02054794520547945,0.00684931506849315,0.0273972602739726,1.0,0.625,False,0.03837787970017764,1146,1.0
54,S2,neuralmagic/Meta-Llama-3.1-70B-Instruct-W8A8-INT8,meta-llama/Meta-Llama-3.1-70B-Instruct,W8A8-INT8,bbh_reasoning_about_colored_objects,False,False,,250,acc_norm,0.856,0.872,0.016000000000000014,0.008,0.024,0.032,1.0,0.2890625,False,0.031632607235426435,978,1.0
54,S2,neuralmagic/Meta-Llama-3.1-70B-Instruct-W8A8-INT8,meta-llama/Meta-Llama-3.1-70B-Instruct,W8A8-INT8,bbh_ruin_names,False,False,,250,acc_norm,0.884,0.888,0.0040000000000000036,0.004,0.008,0.012,1.0,1.0,True,0.019435918260278802,5903,1.0
54,S2,neuralmagic/Meta-Llama-3.1-70B-Instruct-W8A8-INT8,meta-llama/Meta-Llama-3.1-70B-Instruct,W8A8-INT8,bbh_salient_translation_error_detection,False,False,,250,acc_norm,0.68,0.672,-0.008000000000000007,0.028,0.02,0.048,1.0,0.7744140625,False,0.038871836520557604,5903,1.0
54,S2,neuralmagic/Meta-Llama-3.1-70B-Instruct-W8A8-INT8,meta-llama/Meta-Llama-3.1-70B-Instruct,W8A8-INT8,bbh_snarks,False,False,,178,acc_norm,0.7359550561797753,0.7584269662921348,0.022471910112359494,0.011235955056179775,0.033707865168539325,0.0449438202247191,1.0,0.2890625,False,0.044391368041925415,695,1.0
54,S2,neuralmagic/Meta-Llama-3.1-70B-Instruct-W8A8-INT8,meta-llama/Meta-Llama-3.1-70B-Instruct,W8A8-INT8,bbh_sports_understanding,False,False,,250,acc_norm,0.92,0.92,0.0,0.02,0.02,0.04,1.0,1.0,False,0.03550864985258194,,1.0
54,S2,neuralmagic/Meta-Llama-3.1-70B-Instruct-W8A8-INT8,meta-llama/Meta-Llama-3.1-70B-Instruct,W8A8-INT8,bbh_temporal_sequences,False,False,,250,acc_norm,1.0,1.0,0.0,0.0,0.0,0.0,1.0,1.0,True,0.0,,1.0
54,S2,neuralmagic/Meta-Llama-3.1-70B-Instruct-W8A8-INT8,meta-llama/Meta-Llama-3.1-70B-Instruct,W8A8-INT8,bbh_tracking_shuffled_objects_five_objects,False,False,,250,acc_norm,0.352,0.344,-0.008000000000000007,0.036,0.028,0.064,1.0,0.803619384765625,False,0.044892820809370654,7873,1.0
54,S2,neuralmagic/Meta-Llama-3.1-70B-Instruct-W8A8-INT8,meta-llama/Meta-Llama-3.1-70B-Instruct,W8A8-INT8,bbh_tracking_shuffled_objects_seven_objects,False,False,,250,acc_norm,0.372,0.364,-0.008000000000000007,0.016,0.008,0.024,1.0,0.6875,False,0.0274681842477619,2948,1.0
54,S2,neuralmagic/Meta-Llama-3.1-70B-Instruct-W8A8-INT8,meta-llama/Meta-Llama-3.1-70B-Instruct,W8A8-INT8,bbh_tracking_shuffled_objects_three_objects,False,False,,250,acc_norm,0.34,0.324,-0.016000000000000014,0.04,0.024,0.064,1.0,0.454498291015625,False,0.04482536348980749,1963,1.0
54,S2,neuralmagic/Meta-Llama-3.1-70B-Instruct-W8A8-INT8,meta-llama/Meta-Llama-3.1-70B-Instruct,W8A8-INT8,bbh_web_of_lies,False,False,,250,acc_norm,0.604,0.592,-0.01200000000000001,0.04,0.028,0.068,1.0,0.629058837890625,False,0.04624856812084978,3714,1.0
54,S2,neuralmagic/Meta-Llama-3.1-70B-Instruct-W8A8-INT8,meta-llama/Meta-Llama-3.1-70B-Instruct,W8A8-INT8,gpqa_diamond,False,False,,198,acc_norm,0.3787878787878788,0.3383838383838384,-0.04040404040404039,0.05555555555555555,0.015151515151515152,0.0707070707070707,1.0,0.057373046875,False,0.052460190577092614,334,1.0
54,S2,neuralmagic/Meta-Llama-3.1-70B-Instruct-W8A8-INT8,meta-llama/Meta-Llama-3.1-70B-Instruct,W8A8-INT8,gpqa_extended,False,False,,546,acc_norm,0.3717948717948718,0.3717948717948718,0.0,0.018315018315018316,0.018315018315018316,0.03663003663003663,1.0,1.0,True,0.022968057283215375,,1.0
54,S2,neuralmagic/Meta-Llama-3.1-70B-Instruct-W8A8-INT8,meta-llama/Meta-Llama-3.1-70B-Instruct,W8A8-INT8,gpqa_main,False,False,,448,acc_norm,0.34598214285714285,0.34598214285714285,0.0,0.020089285714285716,0.020089285714285716,0.04017857142857143,1.0,1.0,True,0.02656117732765056,,1.0
54,S2,neuralmagic/Meta-Llama-3.1-70B-Instruct-W8A8-INT8,meta-llama/Meta-Llama-3.1-70B-Instruct,W8A8-INT8,ifeval,False,False,,541,prompt_level_strict_acc,0.8373382624768947,0.8391866913123844,0.001848428835489746,0.024029574861367836,0.025878003696857672,0.04990757855822551,0.9482439926062847,1.0,True,0.02693241763961078,114854,1.0
54,S2,neuralmagic/Meta-Llama-3.1-70B-Instruct-W8A8-INT8,meta-llama/Meta-Llama-3.1-70B-Instruct,W8A8-INT8,math_algebra_hard,False,False,,307,exact_match,0.4820846905537459,0.4755700325732899,-0.006514657980456029,0.0749185667752443,0.06840390879478828,0.14332247557003258,0.9250814332247557,0.880395821280672,False,0.06062279607178611,26585,1.0
54,S2,neuralmagic/Meta-Llama-3.1-70B-Instruct-W8A8-INT8,meta-llama/Meta-Llama-3.1-70B-Instruct,W8A8-INT8,math_counting_and_prob_hard,False,False,,123,exact_match,0.2032520325203252,0.18699186991869918,-0.01626016260162602,0.08943089430894309,0.07317073170731707,0.16260162601626016,0.991869918699187,0.8238029479980469,False,0.10219578683176803,4859,1.0
54,S2,neuralmagic/Meta-Llama-3.1-70B-Instruct-W8A8-INT8,meta-llama/Meta-Llama-3.1-70B-Instruct,W8A8-INT8,math_geometry_hard,False,False,,132,exact_match,0.16666666666666666,0.12121212121212122,-0.04545454545454544,0.06818181818181818,0.022727272727272728,0.09090909090909091,0.9772727272727273,0.14599609375,False,0.07295914508957686,341,1.0
54,S2,neuralmagic/Meta-Llama-3.1-70B-Instruct-W8A8-INT8,meta-llama/Meta-Llama-3.1-70B-Instruct,W8A8-INT8,math_intermediate_algebra_hard,False,False,,280,exact_match,0.07857142857142857,0.09642857142857143,0.017857142857142863,0.03571428571428571,0.05357142857142857,0.08928571428571429,0.9964285714285714,0.42435622215270996,False,0.050028307466303004,2198,1.0
54,S2,neuralmagic/Meta-Llama-3.1-70B-Instruct-W8A8-INT8,meta-llama/Meta-Llama-3.1-70B-Instruct,W8A8-INT8,math_num_theory_hard,False,False,,154,exact_match,0.34415584415584416,0.2792207792207792,-0.06493506493506496,0.11688311688311688,0.05194805194805195,0.16883116883116883,0.9805194805194806,0.07551869750022888,False,0.09189508960010348,309,1.0
54,S2,neuralmagic/Meta-Llama-3.1-70B-Instruct-W8A8-INT8,meta-llama/Meta-Llama-3.1-70B-Instruct,W8A8-INT8,math_prealgebra_hard,False,False,,193,exact_match,0.46113989637305697,0.43523316062176165,-0.025906735751295318,0.10362694300518134,0.07772020725388601,0.18134715025906736,0.9067357512953368,0.4995598332025112,False,0.08594160222366519,2124,1.0
54,S2,neuralmagic/Meta-Llama-3.1-70B-Instruct-W8A8-INT8,meta-llama/Meta-Llama-3.1-70B-Instruct,W8A8-INT8,math_precalculus_hard,False,False,,135,exact_match,0.08888888888888889,0.08148148148148149,-0.007407407407407404,0.044444444444444446,0.037037037037037035,0.08148148148148149,0.9777777777777777,1.0,False,0.06906127947094888,11735,1.0
54,S2,neuralmagic/Meta-Llama-3.1-70B-Instruct-W8A8-INT8,meta-llama/Meta-Llama-3.1-70B-Instruct,W8A8-INT8,mmlu_pro,False,False,,12032,acc,0.5330784574468085,0.5238530585106383,-0.009225398936170137,0.028507313829787235,0.01928191489361702,0.047789228723404256,0.9999168882978723,4.2082673393264865e-06,True,0.005578673207455698,4400,1.0
54,S2,neuralmagic/Meta-Llama-3.1-70B-Instruct-W8A8-INT8,meta-llama/Meta-Llama-3.1-70B-Instruct,W8A8-INT8,musr_murder_mysteries,False,False,,250,acc_norm,0.564,0.556,-0.007999999999999896,0.02,0.012,0.032,1.0,0.7265625,False,0.03172812614604979,3933,1.0
54,S2,neuralmagic/Meta-Llama-3.1-70B-Instruct-W8A8-INT8,meta-llama/Meta-Llama-3.1-70B-Instruct,W8A8-INT8,musr_object_placements,False,False,,256,acc_norm,0.2421875,0.2421875,0.0,0.0,0.0,0.0,1.0,1.0,True,0.0,,1.0
54,S2,neuralmagic/Meta-Llama-3.1-70B-Instruct-W8A8-INT8,meta-llama/Meta-Llama-3.1-70B-Instruct,W8A8-INT8,musr_team_allocation,False,False,,250,acc_norm,0.576,0.56,-0.015999999999999903,0.016,0.0,0.016,1.0,0.125,False,0.022277256446192967,485,1.0
55,S2,neuralmagic/Meta-Llama-3.1-70B-Instruct-W8A8-FP8,meta-llama/Meta-Llama-3.1-70B-Instruct,W8A8-FP8,bbh_boolean_expressions,False,False,,250,acc_norm,0.916,0.916,0.0,0.004,0.004,0.008,1.0,1.0,True,0.01587995097192222,,1.0
55,S2,neuralmagic/Meta-Llama-3.1-70B-Instruct-W8A8-FP8,meta-llama/Meta-Llama-3.1-70B-Instruct,W8A8-FP8,bbh_causal_judgement,False,False,,187,acc_norm,0.6577540106951871,0.6470588235294118,-0.010695187165775333,0.0106951871657754,0.0,0.0106951871657754,1.0,0.5,False,0.021130346593314968,730,1.0
55,S2,neuralmagic/Meta-Llama-3.1-70B-Instruct-W8A8-FP8,meta-llama/Meta-Llama-3.1-70B-Instruct,W8A8-FP8,bbh_date_understanding,False,False,,250,acc_norm,0.7,0.676,-0.02399999999999991,0.036,0.012,0.048,1.0,0.14599609375,False,0.03866368596677293,649,1.0
55,S2,neuralmagic/Meta-Llama-3.1-70B-Instruct-W8A8-FP8,meta-llama/Meta-Llama-3.1-70B-Instruct,W8A8-FP8,bbh_disambiguation_qa,False,False,,250,acc_norm,0.74,0.736,-0.0040000000000000036,0.016,0.012,0.028,1.0,1.0,False,0.029700178524068598,13783,1.0
55,S2,neuralmagic/Meta-Llama-3.1-70B-Instruct-W8A8-FP8,meta-llama/Meta-Llama-3.1-70B-Instruct,W8A8-FP8,bbh_formal_fallacies,False,False,,250,acc_norm,0.812,0.792,-0.020000000000000018,0.02,0.0,0.02,1.0,0.0625,False,0.02485605489680735,387,1.0
55,S2,neuralmagic/Meta-Llama-3.1-70B-Instruct-W8A8-FP8,meta-llama/Meta-Llama-3.1-70B-Instruct,W8A8-FP8,bbh_geometric_shapes,False,False,,250,acc_norm,0.408,0.396,-0.011999999999999955,0.032,0.02,0.052,1.0,0.5810546875,False,0.04042999341438947,2838,1.0
55,S2,neuralmagic/Meta-Llama-3.1-70B-Instruct-W8A8-FP8,meta-llama/Meta-Llama-3.1-70B-Instruct,W8A8-FP8,bbh_hyperbaton,False,False,,250,acc_norm,0.732,0.72,-0.01200000000000001,0.044,0.032,0.076,1.0,0.6476058959960938,False,0.04889890485583021,4152,1.0
55,S2,neuralmagic/Meta-Llama-3.1-70B-Instruct-W8A8-FP8,meta-llama/Meta-Llama-3.1-70B-Instruct,W8A8-FP8,bbh_logical_deduction_five_objects,False,False,,250,acc_norm,0.632,0.62,-0.01200000000000001,0.024,0.012,0.036,1.0,0.5078125,False,0.033619022617355616,1963,1.0
55,S2,neuralmagic/Meta-Llama-3.1-70B-Instruct-W8A8-FP8,meta-llama/Meta-Llama-3.1-70B-Instruct,W8A8-FP8,bbh_logical_deduction_seven_objects,False,False,,250,acc_norm,0.588,0.608,0.020000000000000018,0.012,0.032,0.044,1.0,0.2265625,False,0.03707211881785368,859,1.0
55,S2,neuralmagic/Meta-Llama-3.1-70B-Instruct-W8A8-FP8,meta-llama/Meta-Llama-3.1-70B-Instruct,W8A8-FP8,bbh_logical_deduction_three_objects,False,False,,250,acc_norm,0.924,0.912,-0.01200000000000001,0.012,0.0,0.012,1.0,0.25,False,0.019331842983386468,649,1.0
55,S2,neuralmagic/Meta-Llama-3.1-70B-Instruct-W8A8-FP8,meta-llama/Meta-Llama-3.1-70B-Instruct,W8A8-FP8,bbh_movie_recommendation,False,False,,250,acc_norm,0.78,0.76,-0.020000000000000018,0.024,0.004,0.028,1.0,0.125,False,0.029495699820545944,544,1.0
55,S2,neuralmagic/Meta-Llama-3.1-70B-Instruct-W8A8-FP8,meta-llama/Meta-Llama-3.1-70B-Instruct,W8A8-FP8,bbh_navigate,False,False,,250,acc_norm,0.704,0.724,0.020000000000000018,0.004,0.024,0.028,1.0,0.125,False,0.029495699820545944,544,1.0
55,S2,neuralmagic/Meta-Llama-3.1-70B-Instruct-W8A8-FP8,meta-llama/Meta-Llama-3.1-70B-Instruct,W8A8-FP8,bbh_object_counting,False,False,,250,acc_norm,0.572,0.56,-0.0119999999999999,0.016,0.004,0.02,1.0,0.375,False,0.025017853545117773,1087,1.0
55,S2,neuralmagic/Meta-Llama-3.1-70B-Instruct-W8A8-FP8,meta-llama/Meta-Llama-3.1-70B-Instruct,W8A8-FP8,bbh_penguins_in_a_table,False,False,,146,acc_norm,0.684931506849315,0.7123287671232876,0.0273972602739726,0.0,0.0273972602739726,0.0273972602739726,1.0,0.125,False,0.03797879211639458,281,1.0
55,S2,neuralmagic/Meta-Llama-3.1-70B-Instruct-W8A8-FP8,meta-llama/Meta-Llama-3.1-70B-Instruct,W8A8-FP8,bbh_reasoning_about_colored_objects,False,False,,250,acc_norm,0.856,0.864,0.008000000000000007,0.012,0.02,0.032,1.0,0.7265625,False,0.03172812614604979,3933,1.0
55,S2,neuralmagic/Meta-Llama-3.1-70B-Instruct-W8A8-FP8,meta-llama/Meta-Llama-3.1-70B-Instruct,W8A8-FP8,bbh_ruin_names,False,False,,250,acc_norm,0.884,0.88,-0.0040000000000000036,0.02,0.016,0.036,1.0,1.0,False,0.033678976338840816,17724,1.0
55,S2,neuralmagic/Meta-Llama-3.1-70B-Instruct-W8A8-FP8,meta-llama/Meta-Llama-3.1-70B-Instruct,W8A8-FP8,bbh_salient_translation_error_detection,False,False,,250,acc_norm,0.68,0.68,0.0,0.024,0.024,0.048,1.0,1.0,False,0.03889777702162324,,1.0
55,S2,neuralmagic/Meta-Llama-3.1-70B-Instruct-W8A8-FP8,meta-llama/Meta-Llama-3.1-70B-Instruct,W8A8-FP8,bbh_snarks,False,False,,178,acc_norm,0.7359550561797753,0.7415730337078652,0.005617977528089901,0.016853932584269662,0.02247191011235955,0.03932584269662921,1.0,1.0,False,0.041742828878628145,9828,1.0
55,S2,neuralmagic/Meta-Llama-3.1-70B-Instruct-W8A8-FP8,meta-llama/Meta-Llama-3.1-70B-Instruct,W8A8-FP8,bbh_sports_understanding,False,False,,250,acc_norm,0.92,0.912,-0.008000000000000007,0.016,0.008,0.024,1.0,0.6875,False,0.0274681842477619,2948,1.0
55,S2,neuralmagic/Meta-Llama-3.1-70B-Instruct-W8A8-FP8,meta-llama/Meta-Llama-3.1-70B-Instruct,W8A8-FP8,bbh_temporal_sequences,False,False,,250,acc_norm,1.0,1.0,0.0,0.0,0.0,0.0,1.0,1.0,True,0.0,,1.0
55,S2,neuralmagic/Meta-Llama-3.1-70B-Instruct-W8A8-FP8,meta-llama/Meta-Llama-3.1-70B-Instruct,W8A8-FP8,bbh_tracking_shuffled_objects_five_objects,False,False,,250,acc_norm,0.352,0.336,-0.01599999999999996,0.044,0.028,0.072,1.0,0.480682373046875,False,0.047555084427051746,2209,1.0
55,S2,neuralmagic/Meta-Llama-3.1-70B-Instruct-W8A8-FP8,meta-llama/Meta-Llama-3.1-70B-Instruct,W8A8-FP8,bbh_tracking_shuffled_objects_seven_objects,False,False,,250,acc_norm,0.372,0.352,-0.020000000000000018,0.028,0.008,0.036,1.0,0.1796875,False,0.033498793273406255,702,1.0
55,S2,neuralmagic/Meta-Llama-3.1-70B-Instruct-W8A8-FP8,meta-llama/Meta-Llama-3.1-70B-Instruct,W8A8-FP8,bbh_tracking_shuffled_objects_three_objects,False,False,,250,acc_norm,0.34,0.316,-0.02400000000000002,0.044,0.02,0.064,1.0,0.210113525390625,False,0.04471270846502748,868,1.0
55,S2,neuralmagic/Meta-Llama-3.1-70B-Instruct-W8A8-FP8,meta-llama/Meta-Llama-3.1-70B-Instruct,W8A8-FP8,bbh_web_of_lies,False,False,,250,acc_norm,0.604,0.58,-0.02400000000000002,0.036,0.012,0.048,1.0,0.14599609375,False,0.038663685966772936,649,1.0
55,S2,neuralmagic/Meta-Llama-3.1-70B-Instruct-W8A8-FP8,meta-llama/Meta-Llama-3.1-70B-Instruct,W8A8-FP8,gpqa_diamond,False,False,,198,acc_norm,0.3787878787878788,0.36363636363636365,-0.015151515151515138,0.030303030303030304,0.015151515151515152,0.045454545454545456,1.0,0.5078125,False,0.042448260880499515,1555,1.0
55,S2,neuralmagic/Meta-Llama-3.1-70B-Instruct-W8A8-FP8,meta-llama/Meta-Llama-3.1-70B-Instruct,W8A8-FP8,gpqa_extended,False,False,,546,acc_norm,0.3717948717948718,0.3772893772893773,0.005494505494505475,0.01282051282051282,0.018315018315018316,0.031135531135531136,1.0,0.629058837890625,True,0.021165233951541008,8102,1.0
55,S2,neuralmagic/Meta-Llama-3.1-70B-Instruct-W8A8-FP8,meta-llama/Meta-Llama-3.1-70B-Instruct,W8A8-FP8,gpqa_main,False,False,,448,acc_norm,0.34598214285714285,0.33705357142857145,-0.008928571428571397,0.015625,0.006696428571428571,0.022321428571428572,1.0,0.34375,False,0.019762148330637143,2195,1.0
55,S2,neuralmagic/Meta-Llama-3.1-70B-Instruct-W8A8-FP8,meta-llama/Meta-Llama-3.1-70B-Instruct,W8A8-FP8,ifeval,False,False,,541,prompt_level_strict_acc,0.8373382624768947,0.8521256931608133,0.014787430683918634,0.0166358595194085,0.031423290203327174,0.04805914972273567,0.9205175600739371,0.16863754391670227,False,0.026369672066433737,1721,1.0
55,S2,neuralmagic/Meta-Llama-3.1-70B-Instruct-W8A8-FP8,meta-llama/Meta-Llama-3.1-70B-Instruct,W8A8-FP8,math_algebra_hard,False,False,,307,exact_match,0.4820846905537459,0.5439739413680782,0.061889250814332275,0.04560260586319218,0.10749185667752444,0.15309446254071662,0.8697068403908795,0.007942726509483574,False,0.06187581444321405,307,1.0
55,S2,neuralmagic/Meta-Llama-3.1-70B-Instruct-W8A8-FP8,meta-llama/Meta-Llama-3.1-70B-Instruct,W8A8-FP8,math_counting_and_prob_hard,False,False,,123,exact_match,0.2032520325203252,0.2601626016260163,0.05691056910569109,0.04878048780487805,0.10569105691056911,0.15447154471544716,0.983739837398374,0.1670684814453125,False,0.09863858205447022,370,1.0
55,S2,neuralmagic/Meta-Llama-3.1-70B-Instruct-W8A8-FP8,meta-llama/Meta-Llama-3.1-70B-Instruct,W8A8-FP8,math_geometry_hard,False,False,,132,exact_match,0.16666666666666666,0.17424242424242425,0.007575757575757597,0.05303030303030303,0.06060606060606061,0.11363636363636363,0.9696969696969697,1.0,False,0.08249301094234032,15652,1.0
55,S2,neuralmagic/Meta-Llama-3.1-70B-Instruct-W8A8-FP8,meta-llama/Meta-Llama-3.1-70B-Instruct,W8A8-FP8,math_intermediate_algebra_hard,False,False,,280,exact_match,0.07857142857142857,0.08928571428571429,0.010714285714285718,0.02857142857142857,0.039285714285714285,0.06785714285714285,0.9785714285714285,0.6476058959960938,False,0.043654785137419536,4649,1.0
55,S2,neuralmagic/Meta-Llama-3.1-70B-Instruct-W8A8-FP8,meta-llama/Meta-Llama-3.1-70B-Instruct,W8A8-FP8,math_num_theory_hard,False,False,,154,exact_match,0.34415584415584416,0.33766233766233766,-0.006493506493506496,0.06493506493506493,0.05844155844155844,0.12337662337662338,0.948051948051948,1.0,False,0.07954270140171638,23109,1.0
55,S2,neuralmagic/Meta-Llama-3.1-70B-Instruct-W8A8-FP8,meta-llama/Meta-Llama-3.1-70B-Instruct,W8A8-FP8,math_prealgebra_hard,False,False,,193,exact_match,0.46113989637305697,0.44559585492227977,-0.015544041450777202,0.07772020725388601,0.06217616580310881,0.13989637305699482,0.844559585492228,0.7011080384254456,False,0.07555811032390655,4561,1.0
55,S2,neuralmagic/Meta-Llama-3.1-70B-Instruct-W8A8-FP8,meta-llama/Meta-Llama-3.1-70B-Instruct,W8A8-FP8,math_precalculus_hard,False,False,,135,exact_match,0.08888888888888889,0.1111111111111111,0.022222222222222213,0.014814814814814815,0.037037037037037035,0.05185185185185185,0.9407407407407408,0.453125,False,0.05484734304209833,823,1.0
55,S2,neuralmagic/Meta-Llama-3.1-70B-Instruct-W8A8-FP8,meta-llama/Meta-Llama-3.1-70B-Instruct,W8A8-FP8,mmlu_pro,False,False,,12032,acc,0.5330784574468085,0.5292553191489362,-0.003823138297872286,0.020113031914893616,0.016289893617021278,0.0364029255319149,0.9998337765957447,0.031423333969738954,True,0.004872298773539493,19542,1.0
55,S2,neuralmagic/Meta-Llama-3.1-70B-Instruct-W8A8-FP8,meta-llama/Meta-Llama-3.1-70B-Instruct,W8A8-FP8,musr_murder_mysteries,False,False,,250,acc_norm,0.564,0.552,-0.0119999999999999,0.012,0.0,0.012,1.0,0.25,False,0.019331842983386468,649,1.0
55,S2,neuralmagic/Meta-Llama-3.1-70B-Instruct-W8A8-FP8,meta-llama/Meta-Llama-3.1-70B-Instruct,W8A8-FP8,musr_object_placements,False,False,,256,acc_norm,0.2421875,0.2421875,0.0,0.0,0.0,0.0,1.0,1.0,True,0.0,,1.0
55,S2,neuralmagic/Meta-Llama-3.1-70B-Instruct-W8A8-FP8,meta-llama/Meta-Llama-3.1-70B-Instruct,W8A8-FP8,musr_team_allocation,False,False,,250,acc_norm,0.576,0.572,-0.0040000000000000036,0.016,0.012,0.028,1.0,1.0,False,0.029700178524068605,13783,1.0
56,S2,neuralmagic/Meta-Llama-3.1-405B-Instruct-W4A16,meta-llama/Meta-Llama-3.1-405B-Instruct,W4A16,bbh_boolean_expressions,False,False,,250,acc_norm,0.944,0.956,0.01200000000000001,0.0,0.012,0.012,1.0,0.25,False,0.019331842983386468,649,1.0
56,S2,neuralmagic/Meta-Llama-3.1-405B-Instruct-W4A16,meta-llama/Meta-Llama-3.1-405B-Instruct,W4A16,bbh_causal_judgement,False,False,,187,acc_norm,0.6363636363636364,0.6470588235294118,0.010695187165775444,0.0106951871657754,0.0213903743315508,0.03208556149732621,0.9946524064171123,0.6875,False,0.03673048478785246,2206,1.0
56,S2,neuralmagic/Meta-Llama-3.1-405B-Instruct-W4A16,meta-llama/Meta-Llama-3.1-405B-Instruct,W4A16,bbh_date_understanding,False,False,,250,acc_norm,0.86,0.848,-0.01200000000000001,0.032,0.02,0.052,1.0,0.5810546875,False,0.04042999341438947,2838,1.0
56,S2,neuralmagic/Meta-Llama-3.1-405B-Instruct-W4A16,meta-llama/Meta-Llama-3.1-405B-Instruct,W4A16,bbh_disambiguation_qa,False,False,,250,acc_norm,0.764,0.764,0.0,0.028,0.028,0.056,1.0,1.0,False,0.04201440110360463,,1.0
56,S2,neuralmagic/Meta-Llama-3.1-405B-Instruct-W4A16,meta-llama/Meta-Llama-3.1-405B-Instruct,W4A16,bbh_formal_fallacies,False,False,,250,acc_norm,0.82,0.82,0.0,0.008,0.008,0.016,1.0,1.0,True,0.022457642034312216,,1.0
56,S2,neuralmagic/Meta-Llama-3.1-405B-Instruct-W4A16,meta-llama/Meta-Llama-3.1-405B-Instruct,W4A16,bbh_geometric_shapes,False,False,,250,acc_norm,0.556,0.556,0.0,0.028,0.028,0.056,1.0,1.0,False,0.04201440110360463,,1.0
56,S2,neuralmagic/Meta-Llama-3.1-405B-Instruct-W4A16,meta-llama/Meta-Llama-3.1-405B-Instruct,W4A16,bbh_hyperbaton,False,False,,250,acc_norm,0.928,0.908,-0.020000000000000018,0.02,0.0,0.02,1.0,0.0625,False,0.02485605489680735,387,1.0
56,S2,neuralmagic/Meta-Llama-3.1-405B-Instruct-W4A16,meta-llama/Meta-Llama-3.1-405B-Instruct,W4A16,bbh_logical_deduction_five_objects,False,False,,250,acc_norm,0.8,0.804,0.0040000000000000036,0.02,0.024,0.044,1.0,1.0,False,0.037235014302439216,21664,1.0
56,S2,neuralmagic/Meta-Llama-3.1-405B-Instruct-W4A16,meta-llama/Meta-Llama-3.1-405B-Instruct,W4A16,bbh_logical_deduction_seven_objects,False,False,,250,acc_norm,0.732,0.732,0.0,0.016,0.016,0.032,1.0,1.0,True,0.03175990194384444,,1.0
56,S2,neuralmagic/Meta-Llama-3.1-405B-Instruct-W4A16,meta-llama/Meta-Llama-3.1-405B-Instruct,W4A16,bbh_logical_deduction_three_objects,False,False,,250,acc_norm,0.992,0.988,-0.0040000000000000036,0.004,0.0,0.004,1.0,1.0,True,0.011206340872451873,1963,1.0
56,S2,neuralmagic/Meta-Llama-3.1-405B-Instruct-W4A16,meta-llama/Meta-Llama-3.1-405B-Instruct,W4A16,bbh_movie_recommendation,False,False,,250,acc_norm,0.788,0.788,0.0,0.012,0.012,0.024,1.0,1.0,True,0.027504881905072064,,1.0
56,S2,neuralmagic/Meta-Llama-3.1-405B-Instruct-W4A16,meta-llama/Meta-Llama-3.1-405B-Instruct,W4A16,bbh_navigate,False,False,,250,acc_norm,0.88,0.872,-0.008000000000000007,0.02,0.012,0.032,1.0,0.7265625,False,0.0317281261460498,3933,1.0
56,S2,neuralmagic/Meta-Llama-3.1-405B-Instruct-W4A16,meta-llama/Meta-Llama-3.1-405B-Instruct,W4A16,bbh_object_counting,False,False,,250,acc_norm,0.512,0.544,0.03200000000000003,0.008,0.04,0.048,1.0,0.03857421875,False,0.038480630625504005,362,1.0
56,S2,neuralmagic/Meta-Llama-3.1-405B-Instruct-W4A16,meta-llama/Meta-Llama-3.1-405B-Instruct,W4A16,bbh_penguins_in_a_table,False,False,,146,acc_norm,0.863013698630137,0.8767123287671232,0.013698630136986245,0.0,0.0136986301369863,0.0136986301369863,1.0,0.5,False,0.027043520330456643,570,1.0
56,S2,neuralmagic/Meta-Llama-3.1-405B-Instruct-W4A16,meta-llama/Meta-Llama-3.1-405B-Instruct,W4A16,bbh_reasoning_about_colored_objects,False,False,,250,acc_norm,0.92,0.924,0.0040000000000000036,0.004,0.008,0.012,1.0,1.0,True,0.019435918260278802,5903,1.0
56,S2,neuralmagic/Meta-Llama-3.1-405B-Instruct-W4A16,meta-llama/Meta-Llama-3.1-405B-Instruct,W4A16,bbh_ruin_names,False,False,,250,acc_norm,0.888,0.892,0.0040000000000000036,0.0,0.004,0.004,1.0,1.0,True,0.011206340872451873,1963,1.0
56,S2,neuralmagic/Meta-Llama-3.1-405B-Instruct-W4A16,meta-llama/Meta-Llama-3.1-405B-Instruct,W4A16,bbh_salient_translation_error_detection,False,False,,250,acc_norm,0.7,0.692,-0.008000000000000007,0.016,0.008,0.024,1.0,0.6875,False,0.0274681842477619,2948,1.0
56,S2,neuralmagic/Meta-Llama-3.1-405B-Instruct-W4A16,meta-llama/Meta-Llama-3.1-405B-Instruct,W4A16,bbh_snarks,False,False,,178,acc_norm,0.8595505617977528,0.8595505617977528,0.0,0.0,0.0,0.0,1.0,1.0,True,0.0,,1.0
56,S2,neuralmagic/Meta-Llama-3.1-405B-Instruct-W4A16,meta-llama/Meta-Llama-3.1-405B-Instruct,W4A16,bbh_sports_understanding,False,False,,250,acc_norm,0.932,0.94,0.007999999999999896,0.008,0.016,0.024,1.0,0.6875,False,0.0274681842477619,2948,1.0
56,S2,neuralmagic/Meta-Llama-3.1-405B-Instruct-W4A16,meta-llama/Meta-Llama-3.1-405B-Instruct,W4A16,bbh_temporal_sequences,False,False,,250,acc_norm,1.0,1.0,0.0,0.0,0.0,0.0,1.0,1.0,True,0.0,,1.0
56,S2,neuralmagic/Meta-Llama-3.1-405B-Instruct-W4A16,meta-llama/Meta-Llama-3.1-405B-Instruct,W4A16,bbh_tracking_shuffled_objects_five_objects,False,False,,250,acc_norm,0.324,0.34,0.016000000000000014,0.016,0.032,0.048,1.0,0.3876953125,False,0.03879391094298253,1470,1.0
56,S2,neuralmagic/Meta-Llama-3.1-405B-Instruct-W4A16,meta-llama/Meta-Llama-3.1-405B-Instruct,W4A16,bbh_tracking_shuffled_objects_seven_objects,False,False,,250,acc_norm,0.384,0.4,0.016000000000000014,0.012,0.028,0.04,1.0,0.34375,False,0.035394839784655144,1224,1.0
56,S2,neuralmagic/Meta-Llama-3.1-405B-Instruct-W4A16,meta-llama/Meta-Llama-3.1-405B-Instruct,W4A16,bbh_tracking_shuffled_objects_three_objects,False,False,,250,acc_norm,0.452,0.456,0.0040000000000000036,0.008,0.012,0.02,1.0,1.0,True,0.025098361729222335,9843,1.0
56,S2,neuralmagic/Meta-Llama-3.1-405B-Instruct-W4A16,meta-llama/Meta-Llama-3.1-405B-Instruct,W4A16,bbh_web_of_lies,False,False,,250,acc_norm,0.788,0.804,0.016000000000000014,0.012,0.028,0.04,0.996,0.34375,False,0.035394839784655144,1224,1.0
56,S2,neuralmagic/Meta-Llama-3.1-405B-Instruct-W4A16,meta-llama/Meta-Llama-3.1-405B-Instruct,W4A16,gpqa_diamond,False,False,,8,acc_norm,0.5,0.5,0.0,0.0,0.0,0.0,1.0,1.0,True,0.0,,1.0
56,S2,neuralmagic/Meta-Llama-3.1-405B-Instruct-W4A16,meta-llama/Meta-Llama-3.1-405B-Instruct,W4A16,gpqa_extended,False,False,,35,acc_norm,0.42857142857142855,0.42857142857142855,0.0,0.05714285714285714,0.05714285714285714,0.11428571428571428,1.0,1.0,False,0.16242779633739463,,1.0
56,S2,neuralmagic/Meta-Llama-3.1-405B-Instruct-W4A16,meta-llama/Meta-Llama-3.1-405B-Instruct,W4A16,gpqa_main,False,False,,22,acc_norm,0.5,0.5,0.0,0.045454545454545456,0.045454545454545456,0.09090909090909091,1.0,1.0,False,0.18433077428316613,,1.0
56,S2,neuralmagic/Meta-Llama-3.1-405B-Instruct-W4A16,meta-llama/Meta-Llama-3.1-405B-Instruct,W4A16,ifeval,False,False,,541,prompt_level_strict_acc,0.8521256931608133,0.8576709796672828,0.00554528650646946,0.009242144177449169,0.014787430683918669,0.024029574861367836,0.9463955637707948,0.5810546875,True,0.01867677744596338,6137,1.0
56,S2,neuralmagic/Meta-Llama-3.1-405B-Instruct-W4A16,meta-llama/Meta-Llama-3.1-405B-Instruct,W4A16,math_algebra_hard,False,False,,307,exact_match,0.6188925081433225,0.6188925081433225,0.0,0.0781758957654723,0.0781758957654723,0.1563517915309446,0.8794788273615635,1.0,False,0.06332782246344894,,1.0
56,S2,neuralmagic/Meta-Llama-3.1-405B-Instruct-W4A16,meta-llama/Meta-Llama-3.1-405B-Instruct,W4A16,math_counting_and_prob_hard,False,False,,123,exact_match,0.4065040650406504,0.3983739837398374,-0.008130081300812997,0.12195121951219512,0.11382113821138211,0.23577235772357724,0.959349593495935,1.0,False,0.12314292920009418,28219,1.0
56,S2,neuralmagic/Meta-Llama-3.1-405B-Instruct-W4A16,meta-llama/Meta-Llama-3.1-405B-Instruct,W4A16,math_geometry_hard,False,False,,132,exact_match,0.22727272727272727,0.2196969696969697,-0.007575757575757569,0.06818181818181818,0.06060606060606061,0.12878787878787878,0.9848484848484849,1.0,False,0.08782312673104463,17740,1.0
56,S2,neuralmagic/Meta-Llama-3.1-405B-Instruct-W4A16,meta-llama/Meta-Llama-3.1-405B-Instruct,W4A16,math_intermediate_algebra_hard,False,False,,280,exact_match,0.16428571428571428,0.13214285714285715,-0.03214285714285714,0.07857142857142857,0.04642857142857143,0.125,0.9892857142857143,0.175465248990804,False,0.05905470377467875,946,1.0
56,S2,neuralmagic/Meta-Llama-3.1-405B-Instruct-W4A16,meta-llama/Meta-Llama-3.1-405B-Instruct,W4A16,math_num_theory_hard,False,False,,154,exact_match,0.5,0.43506493506493504,-0.06493506493506496,0.13636363636363635,0.07142857142857142,0.2077922077922078,0.9805194805194806,0.11018416518345475,False,0.10219297251141482,382,1.0
56,S2,neuralmagic/Meta-Llama-3.1-405B-Instruct-W4A16,meta-llama/Meta-Llama-3.1-405B-Instruct,W4A16,math_prealgebra_hard,False,False,,193,exact_match,0.6476683937823834,0.6580310880829016,0.010362694300518172,0.09326424870466321,0.10362694300518134,0.19689119170984457,0.8963730569948186,0.8714146793645341,False,0.08969080072709924,14458,1.0
56,S2,neuralmagic/Meta-Llama-3.1-405B-Instruct-W4A16,meta-llama/Meta-Llama-3.1-405B-Instruct,W4A16,math_precalculus_hard,False,False,,135,exact_match,0.16296296296296298,0.17037037037037037,0.00740740740740739,0.05925925925925926,0.06666666666666667,0.1259259259259259,0.9851851851851852,1.0,False,0.08586464454386993,18140,1.0
56,S2,neuralmagic/Meta-Llama-3.1-405B-Instruct-W4A16,meta-llama/Meta-Llama-3.1-405B-Instruct,W4A16,musr_murder_mysteries,False,False,,250,acc_norm,0.568,0.564,-0.0040000000000000036,0.024,0.02,0.044,1.0,1.0,False,0.037235014302439216,21664,1.0
56,S2,neuralmagic/Meta-Llama-3.1-405B-Instruct-W4A16,meta-llama/Meta-Llama-3.1-405B-Instruct,W4A16,musr_object_placements,False,False,,256,acc_norm,0.27734375,0.28125,0.00390625,0.00390625,0.0078125,0.01171875,1.0,1.0,True,0.018979792658494747,6044,1.0
56,S2,neuralmagic/Meta-Llama-3.1-405B-Instruct-W4A16,meta-llama/Meta-Llama-3.1-405B-Instruct,W4A16,musr_team_allocation,False,False,,250,acc_norm,0.568,0.568,0.0,0.008,0.008,0.016,1.0,1.0,True,0.022457642034312216,,1.0
57,S2,neuralmagic/Meta-Llama-3.1-405B-Instruct-W8A8-INT8,meta-llama/Meta-Llama-3.1-405B-Instruct,W8A8-INT8,bbh_boolean_expressions,False,False,,250,acc_norm,0.944,0.936,-0.007999999999999896,0.016,0.008,0.024,1.0,0.6875,False,0.0274681842477619,2948,1.0
57,S2,neuralmagic/Meta-Llama-3.1-405B-Instruct-W8A8-INT8,meta-llama/Meta-Llama-3.1-405B-Instruct,W8A8-INT8,bbh_causal_judgement,False,False,,187,acc_norm,0.6363636363636364,0.6310160427807486,-0.005347593582887722,0.016042780748663103,0.0106951871657754,0.026737967914438502,1.0,1.0,False,0.0335721532387346,7371,1.0
57,S2,neuralmagic/Meta-Llama-3.1-405B-Instruct-W8A8-INT8,meta-llama/Meta-Llama-3.1-405B-Instruct,W8A8-INT8,bbh_date_understanding,False,False,,250,acc_norm,0.86,0.868,0.008000000000000007,0.024,0.032,0.056,1.0,0.79052734375,False,0.04199038601098601,6888,1.0
57,S2,neuralmagic/Meta-Llama-3.1-405B-Instruct-W8A8-INT8,meta-llama/Meta-Llama-3.1-405B-Instruct,W8A8-INT8,bbh_disambiguation_qa,False,False,,250,acc_norm,0.764,0.74,-0.02400000000000002,0.048,0.024,0.072,1.0,0.237884521484375,False,0.04744891085313965,978,1.0
57,S2,neuralmagic/Meta-Llama-3.1-405B-Instruct-W8A8-INT8,meta-llama/Meta-Llama-3.1-405B-Instruct,W8A8-INT8,bbh_formal_fallacies,False,False,,250,acc_norm,0.82,0.796,-0.02399999999999991,0.024,0.0,0.024,1.0,0.03125,False,0.027172818843934344,321,1.0
57,S2,neuralmagic/Meta-Llama-3.1-405B-Instruct-W8A8-INT8,meta-llama/Meta-Llama-3.1-405B-Instruct,W8A8-INT8,bbh_geometric_shapes,False,False,,250,acc_norm,0.556,0.552,-0.0040000000000000036,0.048,0.044,0.092,1.0,1.0,False,0.05384685085802858,45305,1.0
57,S2,neuralmagic/Meta-Llama-3.1-405B-Instruct-W8A8-INT8,meta-llama/Meta-Llama-3.1-405B-Instruct,W8A8-INT8,bbh_hyperbaton,False,False,,250,acc_norm,0.928,0.912,-0.016000000000000014,0.028,0.012,0.04,1.0,0.34375,False,0.035394839784655144,1224,1.0
57,S2,neuralmagic/Meta-Llama-3.1-405B-Instruct-W8A8-INT8,meta-llama/Meta-Llama-3.1-405B-Instruct,W8A8-INT8,bbh_logical_deduction_five_objects,False,False,,250,acc_norm,0.8,0.824,0.02399999999999991,0.016,0.04,0.056,1.0,0.1795654296875,False,0.04179776854579545,759,1.0
57,S2,neuralmagic/Meta-Llama-3.1-405B-Instruct-W8A8-INT8,meta-llama/Meta-Llama-3.1-405B-Instruct,W8A8-INT8,bbh_logical_deduction_seven_objects,False,False,,250,acc_norm,0.732,0.712,-0.020000000000000018,0.032,0.012,0.044,1.0,0.2265625,False,0.03707211881785368,859,1.0
57,S2,neuralmagic/Meta-Llama-3.1-405B-Instruct-W8A8-INT8,meta-llama/Meta-Llama-3.1-405B-Instruct,W8A8-INT8,bbh_logical_deduction_three_objects,False,False,,250,acc_norm,0.992,0.992,0.0,0.004,0.004,0.008,1.0,1.0,True,0.01587995097192222,,1.0
57,S2,neuralmagic/Meta-Llama-3.1-405B-Instruct-W8A8-INT8,meta-llama/Meta-Llama-3.1-405B-Instruct,W8A8-INT8,bbh_movie_recommendation,False,False,,250,acc_norm,0.788,0.792,0.0040000000000000036,0.012,0.016,0.028,1.0,1.0,False,0.029700178524068598,13783,1.0
57,S2,neuralmagic/Meta-Llama-3.1-405B-Instruct-W8A8-INT8,meta-llama/Meta-Llama-3.1-405B-Instruct,W8A8-INT8,bbh_navigate,False,False,,250,acc_norm,0.88,0.88,0.0,0.024,0.024,0.048,1.0,1.0,False,0.03889777702162324,,1.0
57,S2,neuralmagic/Meta-Llama-3.1-405B-Instruct-W8A8-INT8,meta-llama/Meta-Llama-3.1-405B-Instruct,W8A8-INT8,bbh_object_counting,False,False,,250,acc_norm,0.512,0.528,0.016000000000000014,0.016,0.032,0.048,1.0,0.3876953125,False,0.03879391094298253,1470,1.0
57,S2,neuralmagic/Meta-Llama-3.1-405B-Instruct-W8A8-INT8,meta-llama/Meta-Llama-3.1-405B-Instruct,W8A8-INT8,bbh_penguins_in_a_table,False,False,,146,acc_norm,0.863013698630137,0.8561643835616438,-0.006849315068493178,0.02054794520547945,0.0136986301369863,0.03424657534246575,1.0,1.0,False,0.04302597737884985,5762,1.0
57,S2,neuralmagic/Meta-Llama-3.1-405B-Instruct-W8A8-INT8,meta-llama/Meta-Llama-3.1-405B-Instruct,W8A8-INT8,bbh_reasoning_about_colored_objects,False,False,,250,acc_norm,0.92,0.94,0.019999999999999907,0.008,0.028,0.036,1.0,0.1796875,False,0.03349879327340625,702,1.0
57,S2,neuralmagic/Meta-Llama-3.1-405B-Instruct-W8A8-INT8,meta-llama/Meta-Llama-3.1-405B-Instruct,W8A8-INT8,bbh_ruin_names,False,False,,250,acc_norm,0.888,0.896,0.008000000000000007,0.008,0.016,0.024,1.0,0.6875,False,0.0274681842477619,2948,1.0
57,S2,neuralmagic/Meta-Llama-3.1-405B-Instruct-W8A8-INT8,meta-llama/Meta-Llama-3.1-405B-Instruct,W8A8-INT8,bbh_salient_translation_error_detection,False,False,,250,acc_norm,0.7,0.672,-0.027999999999999914,0.036,0.008,0.044,1.0,0.0654296875,False,0.03690850440192977,435,1.0
57,S2,neuralmagic/Meta-Llama-3.1-405B-Instruct-W8A8-INT8,meta-llama/Meta-Llama-3.1-405B-Instruct,W8A8-INT8,bbh_snarks,False,False,,178,acc_norm,0.8595505617977528,0.8595505617977528,0.0,0.011235955056179775,0.011235955056179775,0.02247191011235955,1.0,1.0,True,0.03156728262958175,,1.0
57,S2,neuralmagic/Meta-Llama-3.1-405B-Instruct-W8A8-INT8,meta-llama/Meta-Llama-3.1-405B-Instruct,W8A8-INT8,bbh_sports_understanding,False,False,,250,acc_norm,0.932,0.964,0.03199999999999992,0.004,0.036,0.04,1.0,0.021484375,False,0.03505119242573388,300,1.0
57,S2,neuralmagic/Meta-Llama-3.1-405B-Instruct-W8A8-INT8,meta-llama/Meta-Llama-3.1-405B-Instruct,W8A8-INT8,bbh_temporal_sequences,False,False,,250,acc_norm,1.0,1.0,0.0,0.0,0.0,0.0,1.0,1.0,True,0.0,,1.0
57,S2,neuralmagic/Meta-Llama-3.1-405B-Instruct-W8A8-INT8,meta-llama/Meta-Llama-3.1-405B-Instruct,W8A8-INT8,bbh_tracking_shuffled_objects_five_objects,False,False,,250,acc_norm,0.324,0.308,-0.016000000000000014,0.056,0.04,0.096,1.0,0.5412561893463135,False,0.0549363684955238,2948,1.0
57,S2,neuralmagic/Meta-Llama-3.1-405B-Instruct-W8A8-INT8,meta-llama/Meta-Llama-3.1-405B-Instruct,W8A8-INT8,bbh_tracking_shuffled_objects_seven_objects,False,False,,250,acc_norm,0.384,0.344,-0.040000000000000036,0.08,0.04,0.12,1.0,0.09873714670538905,False,0.061091391165087015,584,1.0
57,S2,neuralmagic/Meta-Llama-3.1-405B-Instruct-W8A8-INT8,meta-llama/Meta-Llama-3.1-405B-Instruct,W8A8-INT8,bbh_tracking_shuffled_objects_three_objects,False,False,,250,acc_norm,0.452,0.46,0.008000000000000007,0.024,0.032,0.056,1.0,0.79052734375,False,0.04199038601098601,6888,1.0
57,S2,neuralmagic/Meta-Llama-3.1-405B-Instruct-W8A8-INT8,meta-llama/Meta-Llama-3.1-405B-Instruct,W8A8-INT8,bbh_web_of_lies,False,False,,250,acc_norm,0.788,0.808,0.020000000000000018,0.024,0.044,0.068,1.0,0.332305908203125,False,0.04616124480835652,1332,1.0
57,S2,neuralmagic/Meta-Llama-3.1-405B-Instruct-W8A8-INT8,meta-llama/Meta-Llama-3.1-405B-Instruct,W8A8-INT8,gpqa_diamond,False,False,,8,acc_norm,0.375,0.375,0.0,0.0,0.0,0.0,1.0,1.0,True,0.0,,1.0
57,S2,neuralmagic/Meta-Llama-3.1-405B-Instruct-W8A8-INT8,meta-llama/Meta-Llama-3.1-405B-Instruct,W8A8-INT8,gpqa_extended,False,False,,35,acc_norm,0.5142857142857142,0.45714285714285713,-0.057142857142857106,0.14285714285714285,0.08571428571428572,0.22857142857142856,1.0,0.7265625,False,0.22806092184755797,558,1.0
57,S2,neuralmagic/Meta-Llama-3.1-405B-Instruct-W8A8-INT8,meta-llama/Meta-Llama-3.1-405B-Instruct,W8A8-INT8,gpqa_main,False,False,,22,acc_norm,0.4090909090909091,0.45454545454545453,0.045454545454545414,0.045454545454545456,0.09090909090909091,0.13636363636363635,1.0,1.0,False,0.2240413533565669,535,1.0
57,S2,neuralmagic/Meta-Llama-3.1-405B-Instruct-W8A8-INT8,meta-llama/Meta-Llama-3.1-405B-Instruct,W8A8-INT8,ifeval,False,False,,541,prompt_level_strict_acc,0.8521256931608133,0.8428835489833642,-0.009242144177449174,0.031423290203327174,0.022181146025878003,0.053604436229205174,0.9704251386321626,0.45825831964612007,False,0.027890803729072884,4927,1.0
57,S2,neuralmagic/Meta-Llama-3.1-405B-Instruct-W8A8-INT8,meta-llama/Meta-Llama-3.1-405B-Instruct,W8A8-INT8,math_algebra_hard,False,False,,307,exact_match,0.6188925081433225,0.5960912052117264,-0.0228013029315961,0.08794788273615635,0.06514657980456026,0.15309446254071662,0.9869706840390879,0.38169339766321275,False,0.06255819242525426,2311,1.0
57,S2,neuralmagic/Meta-Llama-3.1-405B-Instruct-W8A8-INT8,meta-llama/Meta-Llama-3.1-405B-Instruct,W8A8-INT8,math_counting_and_prob_hard,False,False,,123,exact_match,0.4065040650406504,0.34959349593495936,-0.05691056910569103,0.15447154471544716,0.0975609756097561,0.25203252032520324,1.0,0.28104151505976915,False,0.12651546553657242,608,1.0
57,S2,neuralmagic/Meta-Llama-3.1-405B-Instruct-W8A8-INT8,meta-llama/Meta-Llama-3.1-405B-Instruct,W8A8-INT8,math_geometry_hard,False,False,,132,exact_match,0.22727272727272727,0.20454545454545456,-0.022727272727272707,0.07575757575757576,0.05303030303030303,0.12878787878787878,1.0,0.629058837890625,False,0.08766636957487647,1965,1.0
57,S2,neuralmagic/Meta-Llama-3.1-405B-Instruct-W8A8-INT8,meta-llama/Meta-Llama-3.1-405B-Instruct,W8A8-INT8,math_intermediate_algebra_hard,False,False,,280,exact_match,0.16428571428571428,0.13214285714285715,-0.03214285714285714,0.09285714285714286,0.060714285714285714,0.15357142857142858,0.9964285714285714,0.2220528201560228,False,0.06550751685434963,1163,1.0
57,S2,neuralmagic/Meta-Llama-3.1-405B-Instruct-W8A8-INT8,meta-llama/Meta-Llama-3.1-405B-Instruct,W8A8-INT8,math_num_theory_hard,False,False,,154,exact_match,0.5,0.3961038961038961,-0.10389610389610388,0.19480519480519481,0.09090909090909091,0.2857142857142857,0.9935064935064936,0.022628841205914796,False,0.11875754166283162,202,1.0
57,S2,neuralmagic/Meta-Llama-3.1-405B-Instruct-W8A8-INT8,meta-llama/Meta-Llama-3.1-405B-Instruct,W8A8-INT8,math_prealgebra_hard,False,False,,193,exact_match,0.6476683937823834,0.6217616580310881,-0.025906735751295318,0.12435233160621761,0.09844559585492228,0.22279792746113988,0.9637305699481865,0.542384011856484,False,0.09529139224653513,2612,1.0
57,S2,neuralmagic/Meta-Llama-3.1-405B-Instruct-W8A8-INT8,meta-llama/Meta-Llama-3.1-405B-Instruct,W8A8-INT8,math_precalculus_hard,False,False,,135,exact_match,0.16296296296296298,0.2074074074074074,0.044444444444444425,0.044444444444444446,0.08888888888888889,0.13333333333333333,0.9925925925925926,0.237884521484375,False,0.08771618657718051,526,1.0
57,S2,neuralmagic/Meta-Llama-3.1-405B-Instruct-W8A8-INT8,meta-llama/Meta-Llama-3.1-405B-Instruct,W8A8-INT8,musr_murder_mysteries,False,False,,250,acc_norm,0.568,0.592,0.02400000000000002,0.024,0.048,0.072,1.0,0.237884521484375,False,0.047448910853139646,978,1.0
57,S2,neuralmagic/Meta-Llama-3.1-405B-Instruct-W8A8-INT8,meta-llama/Meta-Llama-3.1-405B-Instruct,W8A8-INT8,musr_object_placements,False,False,,256,acc_norm,0.27734375,0.26171875,-0.015625,0.02734375,0.01171875,0.0390625,1.0,0.34375,False,0.034566255460283205,1253,1.0
57,S2,neuralmagic/Meta-Llama-3.1-405B-Instruct-W8A8-INT8,meta-llama/Meta-Llama-3.1-405B-Instruct,W8A8-INT8,musr_team_allocation,False,False,,250,acc_norm,0.568,0.544,-0.02399999999999991,0.032,0.008,0.04,1.0,0.109375,False,0.03525206050242426,540,1.0
58,S2,neuralmagic/Meta-Llama-3.1-405B-Instruct-W8A8-FP8,meta-llama/Meta-Llama-3.1-405B-Instruct,W8A8-FP8,bbh_boolean_expressions,False,False,,250,acc_norm,0.944,0.944,0.0,0.004,0.004,0.008,1.0,1.0,True,0.01587995097192222,,1.0
58,S2,neuralmagic/Meta-Llama-3.1-405B-Instruct-W8A8-FP8,meta-llama/Meta-Llama-3.1-405B-Instruct,W8A8-FP8,bbh_causal_judgement,False,False,,187,acc_norm,0.6363636363636364,0.6310160427807486,-0.005347593582887722,0.0053475935828877,0.0,0.0053475935828877,0.9946524064171123,1.0,True,0.014981739134293948,1468,1.0
58,S2,neuralmagic/Meta-Llama-3.1-405B-Instruct-W8A8-FP8,meta-llama/Meta-Llama-3.1-405B-Instruct,W8A8-FP8,bbh_date_understanding,False,False,,250,acc_norm,0.86,0.868,0.008000000000000007,0.012,0.02,0.032,1.0,0.7265625,False,0.03172812614604979,3933,1.0
58,S2,neuralmagic/Meta-Llama-3.1-405B-Instruct-W8A8-FP8,meta-llama/Meta-Llama-3.1-405B-Instruct,W8A8-FP8,bbh_disambiguation_qa,False,False,,250,acc_norm,0.764,0.74,-0.02400000000000002,0.036,0.012,0.048,1.0,0.14599609375,False,0.03866368596677293,649,1.0
58,S2,neuralmagic/Meta-Llama-3.1-405B-Instruct-W8A8-FP8,meta-llama/Meta-Llama-3.1-405B-Instruct,W8A8-FP8,bbh_formal_fallacies,False,False,,250,acc_norm,0.82,0.812,-0.007999999999999896,0.008,0.0,0.008,1.0,0.5,True,0.015816303617713218,978,1.0
58,S2,neuralmagic/Meta-Llama-3.1-405B-Instruct-W8A8-FP8,meta-llama/Meta-Llama-3.1-405B-Instruct,W8A8-FP8,bbh_geometric_shapes,False,False,,250,acc_norm,0.556,0.58,0.02399999999999991,0.012,0.036,0.048,1.0,0.14599609375,False,0.03866368596677293,649,1.0
58,S2,neuralmagic/Meta-Llama-3.1-405B-Instruct-W8A8-FP8,meta-llama/Meta-Llama-3.1-405B-Instruct,W8A8-FP8,bbh_hyperbaton,False,False,,250,acc_norm,0.928,0.92,-0.008000000000000007,0.008,0.0,0.008,1.0,0.5,True,0.015816303617713218,978,1.0
58,S2,neuralmagic/Meta-Llama-3.1-405B-Instruct-W8A8-FP8,meta-llama/Meta-Llama-3.1-405B-Instruct,W8A8-FP8,bbh_logical_deduction_five_objects,False,False,,250,acc_norm,0.8,0.804,0.0040000000000000036,0.016,0.02,0.036,1.0,1.0,False,0.03367897633884081,17724,1.0
58,S2,neuralmagic/Meta-Llama-3.1-405B-Instruct-W8A8-FP8,meta-llama/Meta-Llama-3.1-405B-Instruct,W8A8-FP8,bbh_logical_deduction_seven_objects,False,False,,250,acc_norm,0.732,0.712,-0.020000000000000018,0.028,0.008,0.036,1.0,0.1796875,False,0.033498793273406255,702,1.0
58,S2,neuralmagic/Meta-Llama-3.1-405B-Instruct-W8A8-FP8,meta-llama/Meta-Llama-3.1-405B-Instruct,W8A8-FP8,bbh_logical_deduction_three_objects,False,False,,250,acc_norm,0.992,0.996,0.0040000000000000036,0.0,0.004,0.004,1.0,1.0,True,0.011206340872451875,1963,1.0
58,S2,neuralmagic/Meta-Llama-3.1-405B-Instruct-W8A8-FP8,meta-llama/Meta-Llama-3.1-405B-Instruct,W8A8-FP8,bbh_movie_recommendation,False,False,,250,acc_norm,0.788,0.808,0.020000000000000018,0.0,0.02,0.02,1.0,0.0625,False,0.02485605489680735,387,1.0
58,S2,neuralmagic/Meta-Llama-3.1-405B-Instruct-W8A8-FP8,meta-llama/Meta-Llama-3.1-405B-Instruct,W8A8-FP8,bbh_navigate,False,False,,250,acc_norm,0.88,0.86,-0.020000000000000018,0.024,0.004,0.028,1.0,0.125,False,0.029495699820545944,544,1.0
58,S2,neuralmagic/Meta-Llama-3.1-405B-Instruct-W8A8-FP8,meta-llama/Meta-Llama-3.1-405B-Instruct,W8A8-FP8,bbh_object_counting,False,False,,250,acc_norm,0.512,0.564,0.051999999999999935,0.012,0.064,0.076,1.0,0.004425048828125,False,0.04806669934976737,214,1.0
58,S2,neuralmagic/Meta-Llama-3.1-405B-Instruct-W8A8-FP8,meta-llama/Meta-Llama-3.1-405B-Instruct,W8A8-FP8,bbh_penguins_in_a_table,False,False,,146,acc_norm,0.863013698630137,0.863013698630137,0.0,0.00684931506849315,0.00684931506849315,0.0136986301369863,1.0,1.0,True,0.027230674953395588,,1.0
58,S2,neuralmagic/Meta-Llama-3.1-405B-Instruct-W8A8-FP8,meta-llama/Meta-Llama-3.1-405B-Instruct,W8A8-FP8,bbh_reasoning_about_colored_objects,False,False,,250,acc_norm,0.92,0.92,0.0,0.004,0.004,0.008,1.0,1.0,True,0.01587995097192222,,1.0
58,S2,neuralmagic/Meta-Llama-3.1-405B-Instruct-W8A8-FP8,meta-llama/Meta-Llama-3.1-405B-Instruct,W8A8-FP8,bbh_ruin_names,False,False,,250,acc_norm,0.888,0.9,0.01200000000000001,0.0,0.012,0.012,1.0,0.25,False,0.019331842983386468,649,1.0
58,S2,neuralmagic/Meta-Llama-3.1-405B-Instruct-W8A8-FP8,meta-llama/Meta-Llama-3.1-405B-Instruct,W8A8-FP8,bbh_salient_translation_error_detection,False,False,,250,acc_norm,0.7,0.688,-0.01200000000000001,0.016,0.004,0.02,1.0,0.375,False,0.025017853545117773,1087,1.0
58,S2,neuralmagic/Meta-Llama-3.1-405B-Instruct-W8A8-FP8,meta-llama/Meta-Llama-3.1-405B-Instruct,W8A8-FP8,bbh_snarks,False,False,,178,acc_norm,0.8595505617977528,0.8539325842696629,-0.005617977528089901,0.0056179775280898875,0.0,0.0056179775280898875,1.0,1.0,True,0.01573924279838746,1398,1.0
58,S2,neuralmagic/Meta-Llama-3.1-405B-Instruct-W8A8-FP8,meta-llama/Meta-Llama-3.1-405B-Instruct,W8A8-FP8,bbh_sports_understanding,False,False,,250,acc_norm,0.932,0.948,0.015999999999999903,0.004,0.02,0.024,1.0,0.21875,False,0.027357795920726135,731,1.0
58,S2,neuralmagic/Meta-Llama-3.1-405B-Instruct-W8A8-FP8,meta-llama/Meta-Llama-3.1-405B-Instruct,W8A8-FP8,bbh_temporal_sequences,False,False,,250,acc_norm,1.0,1.0,0.0,0.0,0.0,0.0,1.0,1.0,True,0.0,,1.0
58,S2,neuralmagic/Meta-Llama-3.1-405B-Instruct-W8A8-FP8,meta-llama/Meta-Llama-3.1-405B-Instruct,W8A8-FP8,bbh_tracking_shuffled_objects_five_objects,False,False,,250,acc_norm,0.324,0.34,0.016000000000000014,0.016,0.032,0.048,1.0,0.3876953125,False,0.03879391094298253,1470,1.0
58,S2,neuralmagic/Meta-Llama-3.1-405B-Instruct-W8A8-FP8,meta-llama/Meta-Llama-3.1-405B-Instruct,W8A8-FP8,bbh_tracking_shuffled_objects_seven_objects,False,False,,250,acc_norm,0.384,0.4,0.016000000000000014,0.008,0.024,0.032,1.0,0.2890625,False,0.031632607235426435,978,1.0
58,S2,neuralmagic/Meta-Llama-3.1-405B-Instruct-W8A8-FP8,meta-llama/Meta-Llama-3.1-405B-Instruct,W8A8-FP8,bbh_tracking_shuffled_objects_three_objects,False,False,,250,acc_norm,0.452,0.452,0.0,0.012,0.012,0.024,1.0,1.0,True,0.027504881905072064,,1.0
58,S2,neuralmagic/Meta-Llama-3.1-405B-Instruct-W8A8-FP8,meta-llama/Meta-Llama-3.1-405B-Instruct,W8A8-FP8,bbh_web_of_lies,False,False,,250,acc_norm,0.788,0.776,-0.01200000000000001,0.028,0.016,0.044,0.996,0.548828125,False,0.037180795104689766,2401,1.0
58,S2,neuralmagic/Meta-Llama-3.1-405B-Instruct-W8A8-FP8,meta-llama/Meta-Llama-3.1-405B-Instruct,W8A8-FP8,gpqa_diamond,False,False,,8,acc_norm,0.5,0.75,0.25,0.0,0.25,0.25,1.0,0.5,False,0.4585170117097158,27,1.0
58,S2,neuralmagic/Meta-Llama-3.1-405B-Instruct-W8A8-FP8,meta-llama/Meta-Llama-3.1-405B-Instruct,W8A8-FP8,gpqa_extended,False,False,,35,acc_norm,0.42857142857142855,0.4,-0.028571428571428525,0.02857142857142857,0.0,0.02857142857142857,1.0,1.0,False,0.08004529194608481,275,1.0
58,S2,neuralmagic/Meta-Llama-3.1-405B-Instruct-W8A8-FP8,meta-llama/Meta-Llama-3.1-405B-Instruct,W8A8-FP8,gpqa_main,False,False,,22,acc_norm,0.5,0.5,0.0,0.0,0.0,0.0,1.0,1.0,True,0.0,,1.0
58,S2,neuralmagic/Meta-Llama-3.1-405B-Instruct-W8A8-FP8,meta-llama/Meta-Llama-3.1-405B-Instruct,W8A8-FP8,ifeval,False,False,,541,prompt_level_strict_acc,0.8521256931608133,0.8428835489833642,-0.009242144177449174,0.027726432532347505,0.018484288354898338,0.04621072088724584,0.9297597042513863,0.42435622215270996,False,0.02589265451121043,4247,1.0
58,S2,neuralmagic/Meta-Llama-3.1-405B-Instruct-W8A8-FP8,meta-llama/Meta-Llama-3.1-405B-Instruct,W8A8-FP8,math_algebra_hard,False,False,,307,exact_match,0.6188925081433225,0.6221498371335505,0.0032573289902280145,0.05863192182410423,0.06188925081433225,0.12052117263843648,0.8566775244299675,1.0,False,0.05559755341397511,89439,1.0
58,S2,neuralmagic/Meta-Llama-3.1-405B-Instruct-W8A8-FP8,meta-llama/Meta-Llama-3.1-405B-Instruct,W8A8-FP8,math_counting_and_prob_hard,False,False,,123,exact_match,0.4065040650406504,0.45528455284552843,0.04878048780487804,0.0975609756097561,0.14634146341463414,0.24390243902439024,0.959349593495935,0.36159460805356514,False,0.12465309959137691,804,1.0
58,S2,neuralmagic/Meta-Llama-3.1-405B-Instruct-W8A8-FP8,meta-llama/Meta-Llama-3.1-405B-Instruct,W8A8-FP8,math_geometry_hard,False,False,,132,exact_match,0.22727272727272727,0.23484848484848486,0.007575757575757597,0.06818181818181818,0.07575757575757576,0.14393939393939395,0.9924242424242424,1.0,False,0.09284775884910297,19828,1.0
58,S2,neuralmagic/Meta-Llama-3.1-405B-Instruct-W8A8-FP8,meta-llama/Meta-Llama-3.1-405B-Instruct,W8A8-FP8,math_intermediate_algebra_hard,False,False,,280,exact_match,0.16428571428571428,0.16785714285714284,0.0035714285714285587,0.05357142857142857,0.05714285714285714,0.11071428571428571,0.975,1.0,False,0.055805698511192645,68365,1.0
58,S2,neuralmagic/Meta-Llama-3.1-405B-Instruct-W8A8-FP8,meta-llama/Meta-Llama-3.1-405B-Instruct,W8A8-FP8,math_num_theory_hard,False,False,,154,exact_match,0.5,0.44155844155844154,-0.05844155844155846,0.11688311688311688,0.05844155844155844,0.17532467532467533,0.9545454545454546,0.12207812070846558,False,0.09390911694687377,398,1.0
58,S2,neuralmagic/Meta-Llama-3.1-405B-Instruct-W8A8-FP8,meta-llama/Meta-Llama-3.1-405B-Instruct,W8A8-FP8,math_prealgebra_hard,False,False,,193,exact_match,0.6476683937823834,0.6269430051813472,-0.020725388601036232,0.07772020725388601,0.05699481865284974,0.13471502590673576,0.844559585492228,0.557197093963623,False,0.07409139258344245,2467,1.0
58,S2,neuralmagic/Meta-Llama-3.1-405B-Instruct-W8A8-FP8,meta-llama/Meta-Llama-3.1-405B-Instruct,W8A8-FP8,math_precalculus_hard,False,False,,135,exact_match,0.16296296296296298,0.17037037037037037,0.00740740740740739,0.044444444444444446,0.05185185185185185,0.0962962962962963,1.0,1.0,False,0.07508141764550032,13870,1.0
58,S2,neuralmagic/Meta-Llama-3.1-405B-Instruct-W8A8-FP8,meta-llama/Meta-Llama-3.1-405B-Instruct,W8A8-FP8,musr_murder_mysteries,False,False,,250,acc_norm,0.568,0.596,0.028000000000000025,0.0,0.028,0.028,1.0,0.015625,False,0.02928979363952507,274,1.0
58,S2,neuralmagic/Meta-Llama-3.1-405B-Instruct-W8A8-FP8,meta-llama/Meta-Llama-3.1-405B-Instruct,W8A8-FP8,musr_object_placements,False,False,,256,acc_norm,0.27734375,0.26953125,-0.0078125,0.0078125,0.0,0.0078125,1.0,0.5,True,0.015446341698194038,1001,1.0
58,S2,neuralmagic/Meta-Llama-3.1-405B-Instruct-W8A8-FP8,meta-llama/Meta-Llama-3.1-405B-Instruct,W8A8-FP8,musr_team_allocation,False,False,,250,acc_norm,0.568,0.564,-0.0040000000000000036,0.008,0.004,0.012,1.0,1.0,True,0.019435918260278802,5903,1.0
